股票代號,證券名稱,DateStart,申請日期,上櫃審議委員會審議日期,櫃買董事會通過上櫃日期,櫃買同意上櫃契約日期,投標開始日(T-4),投標結束日(T-2)-13,投標結束日(T-2)-12,投標結束日(T-2)-11,投標結束日(T-2)-10,投標結束日(T-2)-9,投標結束日(T-2)-8,投標結束日(T-2)-7,投標結束日(T-2)-6,投標結束日(T-2)-5,投標結束日(T-2)-4,投標結束日(T-2)-3,投標結束日(T-2)-2,投標結束日(T-2)-1,投標結束日(T-2),開標日期(T),撥券日(上市上櫃日) (T+7),撥券日(上市上櫃日) (T+7)+1,撥券日(上市上櫃日) (T+7)+2,撥券日(上市上櫃日) (T+7)+3,撥券日(上市上櫃日) (T+7)+4,撥券日(上市上櫃日) (T+7)+5,撥券日(上市上櫃日) (T+7)+6,撥券日(上市上櫃日) (T+7)+7,DateEnd,IPO:股票上櫃買賣日期,I-L
6918,愛派司,2024/10/14,2024/11/01,2025/03/12,2025/03/28,2025/04/09,2025/05/23,2025/5/8,2025/5/9,2025/5/12,2025/5/13,2025/5/14,2025/5/15,2025/5/16,2025/5/19,2025/5/20,2025/5/21,2025/5/22,2025/5/23,2025/5/26,2025/5/27,2025/05/29,2025/6/10,2025/6/11,2025/6/12,2025/6/13,2025/6/16,2025/6/17,2025/6/18,2025/6/19,2025/6/30,,
6925,意藍,2024/04/10,2024/04/30,2025/02/18,2025/03/21,2025/03/25,2025/05/13,2025/4/28,2025/4/29,2025/4/30,2025/5/1,2025/5/2,2025/5/5,2025/5/6,2025/5/7,2025/5/8,2025/5/9,2025/5/12,2025/5/13,2025/5/14,2025/5/15,2025/05/19,2025/5/28,2025/5/29,2025/5/30,2025/6/2,2025/6/3,2025/6/4,2025/6/5,2025/6/6,2025/6/17,,
6944,兆聯實業,2024/11/26,2024/12/16,2025/01/22,2025/02/18,2025/03/03,2025/05/13,2025/4/28,2025/4/29,2025/4/30,2025/5/1,2025/5/2,2025/5/5,2025/5/6,2025/5/7,2025/5/8,2025/5/9,2025/5/12,2025/5/13,2025/5/14,2025/5/15,2025/05/19,2025/5/28,2025/5/29,2025/5/30,2025/6/2,2025/6/3,2025/6/4,2025/6/5,2025/6/6,2025/6/17,,
1295,生合,2024/10/03,2024/10/23,2024/12/10,2024/12/27,2024/12/31,2025/05/12,2025/4/25,2025/4/28,2025/4/29,2025/4/30,2025/5/1,2025/5/2,2025/5/5,2025/5/6,2025/5/7,2025/5/8,2025/5/9,2025/5/12,2025/5/13,2025/5/14,2025/05/16,2025/5/27,2025/5/28,2025/5/29,2025/5/30,2025/6/2,2025/6/3,2025/6/4,2025/6/5,2025/6/16,2025/5/27,0.0
7642,昶瑞機電,2024/12/06,2024/12/26,2025/02/24,2025/03/21,2025/03/25,2025/05/07,2025/4/22,2025/4/23,2025/4/24,2025/4/25,2025/4/28,2025/4/29,2025/4/30,2025/5/1,2025/5/2,2025/5/5,2025/5/6,2025/5/7,2025/5/8,2025/5/9,2025/05/13,2025/5/22,2025/5/23,2025/5/26,2025/5/27,2025/5/28,2025/5/29,2025/5/30,2025/6/2,2025/6/11,2025/5/22,0.0
6909,創控,2024/11/06,2024/11/26,2025/01/06,2025/01/21,2025/01/23,2025/05/06,2025/4/21,2025/4/22,2025/4/23,2025/4/24,2025/4/25,2025/4/28,2025/4/29,2025/4/30,2025/5/1,2025/5/2,2025/5/5,2025/5/6,2025/5/7,2025/5/8,2025/05/12,2025/5/21,2025/5/22,2025/5/23,2025/5/26,2025/5/27,2025/5/28,2025/5/29,2025/5/30,2025/6/10,2025/5/21,0.0
7743,金利食安,2024/10/10,2024/10/30,2024/12/18,2024/12/27,2024/12/31,2025/05/05,2025/4/18,2025/4/21,2025/4/22,2025/4/23,2025/4/24,2025/4/25,2025/4/28,2025/4/29,2025/4/30,2025/5/1,2025/5/2,2025/5/5,2025/5/6,2025/5/7,2025/05/09,2025/5/20,2025/5/21,2025/5/22,2025/5/23,2025/5/26,2025/5/27,2025/5/28,2025/5/29,2025/6/9,2025/5/20,0.0
6498,久禾光,2024/11/28,2024/12/18,2025/02/27,2025/03/21,2025/03/25,2025/05/05,2025/4/18,2025/4/21,2025/4/22,2025/4/23,2025/4/24,2025/4/25,2025/4/28,2025/4/29,2025/4/30,2025/5/1,2025/5/2,2025/5/5,2025/5/6,2025/5/7,2025/05/09,2025/5/20,2025/5/21,2025/5/22,2025/5/23,2025/5/26,2025/5/27,2025/5/28,2025/5/29,2025/6/9,2025/5/20,0.0
6597,立誠,2024/11/11,2024/11/29,2025/01/22,2025/02/21,2025/02/26,2025/04/22,2025/4/7,2025/4/8,2025/4/9,2025/4/10,2025/4/11,2025/4/14,2025/4/15,2025/4/16,2025/4/17,2025/4/18,2025/4/21,2025/4/22,2025/4/23,2025/4/24,2025/04/28,2025/5/8,2025/5/9,2025/5/12,2025/5/13,2025/5/14,2025/5/15,2025/5/16,2025/5/19,2025/5/28,2025/5/8,0.0
7723,築間,2024/08/30,2024/09/19,2025/01/14,2025/02/21,2025/02/26,2025/04/15,2025/3/31,2025/4/1,2025/4/2,2025/4/3,2025/4/4,2025/4/7,2025/4/8,2025/4/9,2025/4/10,2025/4/11,2025/4/14,2025/4/15,2025/4/16,2025/4/17,2025/04/21,2025/4/30,2025/5/1,2025/5/2,2025/5/5,2025/5/6,2025/5/7,2025/5/8,2025/5/9,2025/5/20,2025/4/30,0.0
6936,永鴻生技,2023/12/01,2023/12/21,2024/09/25,2024/10/22,2024/11/12,2025/04/11,2025/3/27,2025/3/28,2025/3/31,2025/4/1,2025/4/2,2025/4/3,2025/4/4,2025/4/7,2025/4/8,2025/4/9,2025/4/10,2025/4/11,2025/4/14,2025/4/15,2025/04/17,2025/4/28,2025/4/29,2025/4/30,2025/5/1,2025/5/2,2025/5/5,2025/5/6,2025/5/7,2025/5/16,2025/4/28,0.0
3467,台灣精材,2024/09/05,2024/09/25,2024/11/13,2024/12/04,2024/12/09,2025/03/05,2025/2/18,2025/2/19,2025/2/20,2025/2/21,2025/2/24,2025/2/25,2025/2/26,2025/2/27,2025/2/28,2025/3/3,2025/3/4,2025/3/5,2025/3/6,2025/3/7,2025/03/11,2025/3/25,2025/3/26,2025/3/27,2025/3/28,2025/3/31,2025/4/1,2025/4/2,2025/4/3,2025/4/14,2025/3/25,0.0
7718,友鋮,2024/10/09,2024/10/29,2024/12/16,2024/12/27,2024/12/31,2025/02/25,2025/2/10,2025/2/11,2025/2/12,2025/2/13,2025/2/14,2025/2/17,2025/2/18,2025/2/19,2025/2/20,2025/2/21,2025/2/24,2025/2/25,2025/2/26,2025/2/27,2025/03/04,2025/3/18,2025/3/19,2025/3/20,2025/3/21,2025/3/24,2025/3/25,2025/3/26,2025/3/27,2025/4/7,2025/3/18,0.0
7736,虎山,2024/09/19,2024/10/09,2024/11/18,2024/11/26,2024/12/05,2025/02/25,2025/2/10,2025/2/11,2025/2/12,2025/2/13,2025/2/14,2025/2/17,2025/2/18,2025/2/19,2025/2/20,2025/2/21,2025/2/24,2025/2/25,2025/2/26,2025/2/27,2025/03/04,2025/3/18,2025/3/19,2025/3/20,2025/3/21,2025/3/24,2025/3/25,2025/3/26,2025/3/27,2025/4/7,2025/3/18,0.0
6872,浩宇生醫,2024/07/23,2024/08/12,2024/11/12,2024/12/04,2024/12/09,2025/02/14,2025/1/30,2025/1/31,2025/2/3,2025/2/4,2025/2/5,2025/2/6,2025/2/7,2025/2/10,2025/2/11,2025/2/12,2025/2/13,2025/2/14,2025/2/17,2025/2/18,2025/02/20,2025/3/7,2025/3/8,2025/3/11,2025/3/12,2025/3/13,2025/3/14,2025/3/17,2025/3/18,2025/3/27,2025/3/7,0.0
7728,光焱科技,2024/09/05,2024/09/25,2024/11/15,2024/12/04,2024/12/09,2025/02/13,2025/1/29,2025/1/30,2025/1/31,2025/2/3,2025/2/4,2025/2/5,2025/2/6,2025/2/7,2025/2/10,2025/2/11,2025/2/12,2025/2/13,2025/2/14,2025/2/17,2025/02/19,2025/3/6,2025/3/7,2025/3/10,2025/3/11,2025/3/12,2025/3/13,2025/3/14,2025/3/17,2025/3/26,2025/3/6,0.0
7734,印能科技,2024/09/06,2024/09/26,2024/11/20,2024/12/04,2024/12/09,2025/02/06,2025/1/22,2025/1/23,2025/1/24,2025/1/27,2025/1/28,2025/1/29,2025/1/30,2025/1/31,2025/2/3,2025/2/4,2025/2/5,2025/2/6,2025/2/7,2025/2/10,2025/02/12,2025/2/26,2025/2/27,2025/2/28,2025/3/3,2025/3/4,2025/3/5,2025/3/6,2025/3/7,2025/3/18,2025/2/26,0.0
7709,榮田,2024/08/16,2024/09/05,2024/10/29,2024/11/29,2024/12/04,2025/02/05,2025/1/21,2025/1/22,2025/1/23,2025/1/24,2025/1/27,2025/1/28,2025/1/29,2025/1/30,2025/1/31,2025/2/3,2025/2/4,2025/2/5,2025/2/6,2025/2/7,2025/02/11,2025/2/25,2025/2/26,2025/2/27,2025/2/28,2025/3/3,2025/3/4,2025/3/5,2025/3/6,2025/3/17,2025/2/25,0.0
7713,威力德生醫,2024/08/26,2024/09/13,2024/11/06,2024/11/29,2024/12/04,2025/02/04,2025/1/20,2025/1/21,2025/1/22,2025/1/23,2025/1/24,2025/1/27,2025/1/28,2025/1/29,2025/1/30,2025/1/31,2025/2/3,2025/2/4,2025/2/5,2025/2/6,2025/02/10,2025/2/24,2025/2/25,2025/2/26,2025/2/27,2025/2/28,2025/3/3,2025/3/4,2025/3/5,2025/3/14,2025/2/24,0.0
4749,新應材,2024/07/10,2024/07/30,2024/11/05,2024/11/29,2024/12/04,2024/12/27,2024/12/12,2024/12/13,2024/12/16,2024/12/17,2024/12/18,2024/12/19,2024/12/20,2024/12/23,2024/12/24,2024/12/25,2024/12/26,2024/12/27,2024/12/30,2024/12/31,2025/01/03,2025/1/17,2025/1/18,2025/1/21,2025/1/22,2025/1/23,2025/1/24,2025/1/27,2025/1/28,2025/2/6,2025/1/17,0.0
7715,裕山,2024/07/11,2024/07/31,2024/09/18,2024/10/25,2024/10/30,2024/12/25,2024/12/10,2024/12/11,2024/12/12,2024/12/13,2024/12/16,2024/12/17,2024/12/18,2024/12/19,2024/12/20,2024/12/23,2024/12/24,2024/12/25,2024/12/26,2024/12/27,2024/12/31,2025/1/15,2025/1/16,2025/1/17,2025/1/20,2025/1/21,2025/1/22,2025/1/23,2025/1/24,2025/2/4,2025/1/15,0.0
6994,富威電力,2024/06/05,2024/06/25,2024/10/14,2024/10/22,2024/10/30,2024/12/25,2024/12/10,2024/12/11,2024/12/12,2024/12/13,2024/12/16,2024/12/17,2024/12/18,2024/12/19,2024/12/20,2024/12/23,2024/12/24,2024/12/25,2024/12/26,2024/12/27,2024/12/31,2025/1/15,2025/1/16,2025/1/17,2025/1/20,2025/1/21,2025/1/22,2025/1/23,2025/1/24,2025/2/4,2025/1/15,0.0
6931,青松健康,2024/09/05,2024/09/25,2024/11/13,2024/11/26,2024/12/04,2024/12/25,2024/12/10,2024/12/11,2024/12/12,2024/12/13,2024/12/16,2024/12/17,2024/12/18,2024/12/19,2024/12/20,2024/12/23,2024/12/24,2024/12/25,2024/12/26,2024/12/27,2024/12/31,2025/1/15,2025/1/16,2025/1/17,2025/1/20,2025/1/21,2025/1/22,2025/1/23,2025/1/24,2025/2/4,2025/1/15,0.0
7714,創泓科技,2024/08/05,2024/08/23,2024/10/22,2024/11/29,2024/12/04,2024/12/25,2024/12/10,2024/12/11,2024/12/12,2024/12/13,2024/12/16,2024/12/17,2024/12/18,2024/12/19,2024/12/20,2024/12/23,2024/12/24,2024/12/25,2024/12/26,2024/12/27,2024/12/31,2025/1/15,2025/1/16,2025/1/17,2025/1/20,2025/1/21,2025/1/22,2025/1/23,2025/1/24,2025/2/4,2025/1/15,0.0
7732,金興精密,2024/08/29,2024/09/18,2024/10/29,2024/11/26,2024/12/05,2024/12/24,2024/12/9,2024/12/10,2024/12/11,2024/12/12,2024/12/13,2024/12/16,2024/12/17,2024/12/18,2024/12/19,2024/12/20,2024/12/23,2024/12/24,2024/12/25,2024/12/26,2024/12/30,2025/1/14,2025/1/15,2025/1/16,2025/1/17,2025/1/20,2025/1/21,2025/1/22,2025/1/23,2025/2/3,2025/1/14,0.0
7712,博盛半導體,2024/06/07,2024/06/27,2024/09/26,2024/10/25,2024/10/30,2024/12/06,2024/11/21,2024/11/22,2024/11/25,2024/11/26,2024/11/27,2024/11/28,2024/11/29,2024/12/2,2024/12/3,2024/12/4,2024/12/5,2024/12/6,2024/12/9,2024/12/10,2024/12/12,2024/12/26,2024/12/27,2024/12/30,2024/12/31,2025/1/1,2025/1/2,2025/1/3,2025/1/6,2025/1/15,2024/12/26,0.0
6982,大井泵浦,2024/07/02,2024/07/22,2024/09/13,2024/09/20,2024/09/26,2024/11/28,2024/11/13,2024/11/14,2024/11/15,2024/11/18,2024/11/19,2024/11/20,2024/11/21,2024/11/22,2024/11/25,2024/11/26,2024/11/27,2024/11/28,2024/11/29,2024/12/2,2024/12/04,2024/12/18,2024/12/19,2024/12/20,2024/12/23,2024/12/24,2024/12/25,2024/12/26,2024/12/27,2025/1/7,2024/12/18,0.0
7704,明遠精密,2024/05/29,2024/06/18,2024/08/08,2024/08/23,2024/08/30,2024/11/26,2024/11/11,2024/11/12,2024/11/13,2024/11/14,2024/11/15,2024/11/18,2024/11/19,2024/11/20,2024/11/21,2024/11/22,2024/11/25,2024/11/26,2024/11/27,2024/11/28,2024/12/02,2024/12/16,2024/12/17,2024/12/18,2024/12/19,2024/12/20,2024/12/23,2024/12/24,2024/12/25,2025/1/3,2024/12/16,0.0
6885,全福生技,2024/07/08,2024/07/26,2024/09/11,2024/09/24,2024/10/08,2024/11/26,2024/11/11,2024/11/12,2024/11/13,2024/11/14,2024/11/15,2024/11/18,2024/11/19,2024/11/20,2024/11/21,2024/11/22,2024/11/25,2024/11/26,2024/11/27,2024/11/28,2024/12/02,2024/12/16,2024/12/17,2024/12/18,2024/12/19,2024/12/20,2024/12/23,2024/12/24,2024/12/25,2025/1/3,2024/12/16,0.0
6997,博弘,2024/07/10,2024/07/30,2024/09/12,2024/09/20,2024/09/26,2024/11/26,2024/11/11,2024/11/12,2024/11/13,2024/11/14,2024/11/15,2024/11/18,2024/11/19,2024/11/20,2024/11/21,2024/11/22,2024/11/25,2024/11/26,2024/11/27,2024/11/28,2024/12/02,2024/12/16,2024/12/17,2024/12/18,2024/12/19,2024/12/20,2024/12/23,2024/12/24,2024/12/25,2025/1/3,2024/12/16,0.0
8045,達運光電,2024/05/31,2024/06/20,2024/07/31,2024/08/27,2024/09/04,2024/11/21,2024/11/6,2024/11/7,2024/11/8,2024/11/11,2024/11/12,2024/11/13,2024/11/14,2024/11/15,2024/11/18,2024/11/19,2024/11/20,2024/11/21,2024/11/22,2024/11/25,2024/11/27,2024/12/11,2024/12/12,2024/12/13,2024/12/16,2024/12/17,2024/12/18,2024/12/19,2024/12/20,2024/12/31,2024/12/11,0.0
6996,力領科技,2024/06/05,2024/06/25,2024/08/09,2024/08/23,2024/08/30,2024/11/20,2024/11/5,2024/11/6,2024/11/7,2024/11/8,2024/11/11,2024/11/12,2024/11/13,2024/11/14,2024/11/15,2024/11/18,2024/11/19,2024/11/20,2024/11/21,2024/11/22,2024/11/26,2024/12/10,2024/12/11,2024/12/12,2024/12/13,2024/12/16,2024/12/17,2024/12/18,2024/12/19,2024/12/30,2024/12/10,0.0
7722,LINEPAY,2024/07/08,2024/07/26,2024/10/11,2024/10/22,2024/10/23,2024/11/15,2024/10/31,2024/11/1,2024/11/4,2024/11/5,2024/11/6,2024/11/7,2024/11/8,2024/11/11,2024/11/12,2024/11/13,2024/11/14,2024/11/15,2024/11/18,2024/11/19,2024/11/21,2024/12/5,2024/12/6,2024/12/9,2024/12/10,2024/12/11,2024/12/12,2024/12/13,2024/12/16,2024/12/25,2024/12/5,0.0
6720,久昌,2024/07/08,2024/07/26,2024/09/06,2024/09/20,2024/09/26,2024/11/14,2024/10/30,2024/10/31,2024/11/1,2024/11/4,2024/11/5,2024/11/6,2024/11/7,2024/11/8,2024/11/11,2024/11/12,2024/11/13,2024/11/14,2024/11/15,2024/11/18,2024/11/20,2024/12/4,2024/12/5,2024/12/6,2024/12/9,2024/12/10,2024/12/11,2024/12/12,2024/12/13,2024/12/24,2024/12/4,0.0
7705,三商餐飲,2024/06/05,2024/06/25,2024/08/01,2024/08/27,2024/09/03,2024/11/06,2024/10/22,2024/10/23,2024/10/24,2024/10/25,2024/10/28,2024/10/29,2024/10/30,2024/10/31,2024/11/1,2024/11/4,2024/11/5,2024/11/6,2024/11/7,2024/11/8,2024/11/12,2024/11/26,2024/11/27,2024/11/28,2024/11/29,2024/12/2,2024/12/3,2024/12/4,2024/12/5,2024/12/16,2024/11/26,0.0
7708,全家餐飲,2024/06/07,2024/06/27,2024/08/06,2024/08/23,2024/08/30,2024/10/25,2024/10/10,2024/10/11,2024/10/14,2024/10/15,2024/10/16,2024/10/17,2024/10/18,2024/10/21,2024/10/22,2024/10/23,2024/10/24,2024/10/25,2024/10/28,2024/10/29,2024/11/01,2024/11/15,2024/11/16,2024/11/19,2024/11/20,2024/11/21,2024/11/22,2024/11/25,2024/11/26,2024/12/5,2024/11/15,0.0
7703,銳澤,2024/06/05,2024/06/25,2024/08/13,2024/08/23,2024/08/30,2024/10/23,2024/10/8,2024/10/9,2024/10/10,2024/10/11,2024/10/14,2024/10/15,2024/10/16,2024/10/17,2024/10/18,2024/10/21,2024/10/22,2024/10/23,2024/10/24,2024/10/25,2024/10/29,2024/11/13,2024/11/14,2024/11/15,2024/11/18,2024/11/19,2024/11/20,2024/11/21,2024/11/22,2024/12/3,2024/11/13,0.0
2646,星宇航空,2024/06/07,2024/06/27,2024/08/07,2024/08/27,2024/09/04,2024/10/04,2024/9/19,2024/9/20,2024/9/23,2024/9/24,2024/9/25,2024/9/26,2024/9/27,2024/9/30,2024/10/1,2024/10/2,2024/10/3,2024/10/4,2024/10/7,2024/10/8,2024/10/11,2024/10/25,2024/10/26,2024/10/29,2024/10/30,2024/10/31,2024/11/1,2024/11/4,2024/11/5,2024/11/14,2024/10/25,0.0
8272,全景軟體,2024/04/09,2024/04/29,2024/06/28,2024/07/19,2024/07/23,2024/10/02,2024/9/17,2024/9/18,2024/9/19,2024/9/20,2024/9/23,2024/9/24,2024/9/25,2024/9/26,2024/9/27,2024/9/30,2024/10/1,2024/10/2,2024/10/3,2024/10/4,2024/10/08,2024/10/23,2024/10/24,2024/10/25,2024/10/28,2024/10/29,2024/10/30,2024/10/31,2024/11/1,2024/11/12,2024/10/23,0.0
6919,康霈*,2024/04/10,2024/04/30,2024/06/07,2024/06/18,2024/07/03,2024/09/11,2024/8/27,2024/8/28,2024/8/29,2024/8/30,2024/9/2,2024/9/3,2024/9/4,2024/9/5,2024/9/6,2024/9/9,2024/9/10,2024/9/11,2024/9/12,2024/9/13,2024/09/18,2024/10/2,2024/10/3,2024/10/4,2024/10/7,2024/10/8,2024/10/9,2024/10/10,2024/10/11,2024/10/22,2024/10/2,0.0
6913,鴻呈,2024/05/10,2024/05/30,2024/07/10,2024/07/19,2024/07/23,2024/09/10,2024/8/26,2024/8/27,2024/8/28,2024/8/29,2024/8/30,2024/9/2,2024/9/3,2024/9/4,2024/9/5,2024/9/6,2024/9/9,2024/9/10,2024/9/11,2024/9/12,2024/09/16,2024/10/1,2024/10/2,2024/10/3,2024/10/4,2024/10/7,2024/10/8,2024/10/9,2024/10/10,2024/10/21,2024/10/1,0.0
1294,漢田生技,2024/03/19,2024/04/08,2024/06/07,2024/06/21,2024/06/27,2024/09/05,2024/8/21,2024/8/22,2024/8/23,2024/8/26,2024/8/27,2024/8/28,2024/8/29,2024/8/30,2024/9/2,2024/9/3,2024/9/4,2024/9/5,2024/9/6,2024/9/9,2024/09/11,2024/9/26,2024/9/27,2024/9/30,2024/10/1,2024/10/2,2024/10/3,2024/10/4,2024/10/7,2024/10/16,2024/9/26,0.0
6967,汎瑋材料,2024/04/10,2024/04/30,2024/07/05,2024/07/19,2024/07/23,2024/09/04,2024/8/20,2024/8/21,2024/8/22,2024/8/23,2024/8/26,2024/8/27,2024/8/28,2024/8/29,2024/8/30,2024/9/2,2024/9/3,2024/9/4,2024/9/5,2024/9/6,2024/09/10,2024/9/25,2024/9/26,2024/9/27,2024/9/30,2024/10/1,2024/10/2,2024/10/3,2024/10/4,2024/10/15,2024/9/25,0.0
6923,中台,2024/04/12,2024/05/02,2024/06/12,2024/07/16,2024/07/23,2024/09/04,2024/8/20,2024/8/21,2024/8/22,2024/8/23,2024/8/26,2024/8/27,2024/8/28,2024/8/29,2024/8/30,2024/9/2,2024/9/3,2024/9/4,2024/9/5,2024/9/6,2024/09/10,2024/9/25,2024/9/26,2024/9/27,2024/9/30,2024/10/1,2024/10/2,2024/10/3,2024/10/4,2024/10/15,2024/9/25,0.0
4772,台特化,2024/03/19,2024/04/08,2024/05/27,2024/06/21,2024/06/27,2024/08/30,2024/8/15,2024/8/16,2024/8/19,2024/8/20,2024/8/21,2024/8/22,2024/8/23,2024/8/26,2024/8/27,2024/8/28,2024/8/29,2024/8/30,2024/9/2,2024/9/3,2024/09/05,2024/9/20,2024/9/21,2024/9/24,2024/9/25,2024/9/26,2024/9/27,2024/9/30,2024/10/1,2024/10/10,2024/9/20,0.0
2751,王座,2024/03/08,2024/03/28,2024/07/08,2024/07/19,2024/07/23,2024/08/21,2024/8/6,2024/8/7,2024/8/8,2024/8/9,2024/8/12,2024/8/13,2024/8/14,2024/8/15,2024/8/16,2024/8/19,2024/8/20,2024/8/21,2024/8/22,2024/8/23,2024/08/27,2024/9/10,2024/9/11,2024/9/12,2024/9/13,2024/9/16,2024/9/17,2024/9/18,2024/9/19,2024/9/30,2024/9/10,0.0
6739,竹陞科技,2024/03/07,2024/03/27,2024/05/13,2024/05/24,2024/05/28,2024/08/13,2024/7/29,2024/7/30,2024/7/31,2024/8/1,2024/8/2,2024/8/5,2024/8/6,2024/8/7,2024/8/8,2024/8/9,2024/8/12,2024/8/13,2024/8/14,2024/8/15,2024/08/19,2024/9/2,2024/9/3,2024/9/4,2024/9/5,2024/9/6,2024/9/9,2024/9/10,2024/9/11,2024/9/20,2024/9/2,0.0
6958,日盛台駿,2023/12/08,2023/12/28,2024/05/16,2024/06/18,2024/07/03,2024/07/31,2024/7/16,2024/7/17,2024/7/18,2024/7/19,2024/7/22,2024/7/23,2024/7/24,2024/7/25,2024/7/26,2024/7/29,2024/7/30,2024/7/31,2024/8/1,2024/8/2,2024/08/06,2024/8/20,2024/8/21,2024/8/22,2024/8/23,2024/8/26,2024/8/27,2024/8/28,2024/8/29,2024/9/9,2024/8/20,0.0
6968,萬達寵物,2024/03/08,2024/03/28,2024/05/15,2024/05/24,2024/05/28,2024/07/25,2024/7/10,2024/7/11,2024/7/12,2024/7/15,2024/7/16,2024/7/17,2024/7/18,2024/7/19,2024/7/22,2024/7/23,2024/7/24,2024/7/25,2024/7/26,2024/7/29,2024/07/31,2024/8/14,2024/8/15,2024/8/16,2024/8/19,2024/8/20,2024/8/21,2024/8/22,2024/8/23,2024/9/3,2024/8/14,0.0
6838,台新藥,2024/03/11,2024/03/29,2024/06/05,2024/06/18,2024/06/24,2024/07/22,2024/7/9,2024/7/10,2024/7/11,2024/7/12,2024/7/15,2024/7/16,2024/7/17,2024/7/18,2024/7/19,2024/7/22,2024/7/23,2024/7/24,2024/7/25,2024/7/26,2024/07/30,2024/8/13,2024/8/14,2024/8/15,2024/8/16,2024/8/19,2024/8/20,2024/8/21,2024/8/22,2024/9/2,2024/8/13,0.0
7584,樂意,2024/02/19,2024/03/08,2024/05/03,2024/05/24,2024/05/28,2024/07/05,2024/6/20,2024/6/21,2024/6/24,2024/6/25,2024/6/26,2024/6/27,2024/6/28,2024/7/1,2024/7/2,2024/7/3,2024/7/4,2024/7/5,2024/7/8,2024/7/9,2024/07/11,2024/7/25,2024/7/26,2024/7/29,2024/7/30,2024/7/31,2024/8/1,2024/8/2,2024/8/5,2024/8/14,2024/7/25,0.0
6637,醫影,2023/11/01,2023/11/21,2024/01/05,2024/01/19,2024/01/23,2024/05/28,2024/5/13,2024/5/14,2024/5/15,2024/5/16,2024/5/17,2024/5/20,2024/5/21,2024/5/22,2024/5/23,2024/5/24,2024/5/27,2024/5/28,2024/5/29,2024/5/30,2024/06/03,2024/6/18,2024/6/19,2024/6/20,2024/6/21,2024/6/24,2024/6/25,2024/6/26,2024/6/27,2024/7/8,2024/6/18,0.0
6952,大武山,2023/12/07,2023/12/27,2024/02/21,2024/03/21,2024/03/28,2024/05/23,2024/5/8,2024/5/9,2024/5/10,2024/5/13,2024/5/14,2024/5/15,2024/5/16,2024/5/17,2024/5/20,2024/5/21,2024/5/22,2024/5/23,2024/5/24,2024/5/27,2024/05/29,2024/6/13,2024/6/14,2024/6/17,2024/6/18,2024/6/19,2024/6/20,2024/6/21,2024/6/24,2024/7/3,2024/6/13,0.0
6903,巨漢,2023/11/29,2023/12/19,2024/01/31,2024/02/23,2024/02/27,2024/05/22,2024/5/7,2024/5/8,2024/5/9,2024/5/10,2024/5/13,2024/5/14,2024/5/15,2024/5/16,2024/5/17,2024/5/20,2024/5/21,2024/5/22,2024/5/23,2024/5/24,2024/05/28,2024/6/12,2024/6/13,2024/6/14,2024/6/17,2024/6/18,2024/6/19,2024/6/20,2024/6/21,2024/7/2,2024/6/12,0.0
6881,潤德,2023/12/01,2023/12/21,2024/02/02,2024/02/23,2024/02/27,2024/04/30,2024/4/16,2024/4/17,2024/4/18,2024/4/19,2024/4/22,2024/4/23,2024/4/24,2024/4/25,2024/4/26,2024/4/29,2024/4/30,2024/5/1,2024/5/2,2024/5/3,2024/05/07,2024/5/21,2024/5/22,2024/5/23,2024/5/24,2024/5/27,2024/5/28,2024/5/29,2024/5/30,2024/6/10,2024/5/21,0.0
6928,攸泰科技,2023/11/27,2023/12/15,2024/01/24,2024/02/20,2024/02/29,2024/04/25,2024/4/10,2024/4/11,2024/4/12,2024/4/15,2024/4/16,2024/4/17,2024/4/18,2024/4/19,2024/4/22,2024/4/23,2024/4/24,2024/4/25,2024/4/26,2024/4/29,2024/05/02,2024/5/16,2024/5/17,2024/5/20,2024/5/21,2024/5/22,2024/5/23,2024/5/24,2024/5/27,2024/6/5,2024/5/16,0.0
1563,巧新,2023/11/28,2023/12/18,2024/01/24,2024/02/27,2024/03/06,2024/04/22,2024/4/5,2024/4/8,2024/4/9,2024/4/10,2024/4/11,2024/4/12,2024/4/15,2024/4/16,2024/4/17,2024/4/18,2024/4/19,2024/4/22,2024/4/23,2024/4/24,2024/04/26,2024/5/13,2024/5/14,2024/5/15,2024/5/16,2024/5/17,2024/5/20,2024/5/21,2024/5/22,2024/5/31,2024/5/13,0.0
6953,家碩,2023/12/08,2023/12/28,2024/02/21,2024/03/22,2024/03/28,2024/04/22,2024/4/5,2024/4/8,2024/4/9,2024/4/10,2024/4/11,2024/4/12,2024/4/15,2024/4/16,2024/4/17,2024/4/18,2024/4/19,2024/4/22,2024/4/23,2024/4/24,2024/04/26,2024/5/13,2024/5/14,2024/5/15,2024/5/16,2024/5/17,2024/5/20,2024/5/21,2024/5/22,2024/5/31,2024/5/13,0.0
4949,有成精密,2023/10/31,2023/11/20,2023/12/29,2024/01/25,2024/01/31,2024/04/18,2024/4/3,2024/4/4,2024/4/5,2024/4/8,2024/4/9,2024/4/10,2024/4/11,2024/4/12,2024/4/15,2024/4/16,2024/4/17,2024/4/18,2024/4/19,2024/4/22,2024/04/25,2024/5/9,2024/5/10,2024/5/13,2024/5/14,2024/5/15,2024/5/16,2024/5/17,2024/5/20,2024/5/29,2024/5/9,0.0
6914,阜爾運通,2023/08/28,2023/09/15,2023/11/10,2023/11/21,2023/11/28,2024/04/12,2024/3/28,2024/3/29,2024/4/1,2024/4/2,2024/4/3,2024/4/4,2024/4/5,2024/4/8,2024/4/9,2024/4/10,2024/4/11,2024/4/12,2024/4/15,2024/4/16,2024/04/18,2024/5/3,2024/5/4,2024/5/7,2024/5/8,2024/5/9,2024/5/10,2024/5/13,2024/5/14,2024/5/23,2024/5/3,0.0
6899,創為精密,2023/08/30,2023/09/19,2023/11/02,2023/11/24,2023/12/01,2024/03/15,2024/2/29,2024/3/1,2024/3/4,2024/3/5,2024/3/6,2024/3/7,2024/3/8,2024/3/11,2024/3/12,2024/3/13,2024/3/14,2024/3/15,2024/3/18,2024/3/19,2024/03/21,2024/4/8,2024/4/9,2024/4/10,2024/4/11,2024/4/12,2024/4/15,2024/4/16,2024/4/17,2024/4/26,2024/4/8,0.0
6929,佑全,2023/08/25,2023/09/14,2023/11/08,2023/11/24,2023/12/01,2024/03/08,2024/2/22,2024/2/23,2024/2/26,2024/2/27,2024/2/28,2024/2/29,2024/3/1,2024/3/4,2024/3/5,2024/3/6,2024/3/7,2024/3/8,2024/3/11,2024/3/12,2024/03/14,2024/3/28,2024/3/29,2024/4/1,2024/4/2,2024/4/3,2024/4/4,2024/4/5,2024/4/8,2024/4/17,2024/3/28,0.0
6875,國邑*,2023/09/06,2023/09/26,2023/11/09,2023/11/24,2023/12/01,2024/03/06,2024/2/20,2024/2/21,2024/2/22,2024/2/23,2024/2/26,2024/2/27,2024/2/28,2024/2/29,2024/3/1,2024/3/4,2024/3/5,2024/3/6,2024/3/7,2024/3/8,2024/03/12,2024/3/26,2024/3/27,2024/3/28,2024/3/29,2024/4/1,2024/4/2,2024/4/3,2024/4/4,2024/4/15,2024/3/26,0.0
3168,眾福科,2023/10/02,2023/10/20,2023/12/01,2023/12/26,2023/12/27,2024/03/06,2024/2/20,2024/2/21,2024/2/22,2024/2/23,2024/2/26,2024/2/27,2024/2/28,2024/2/29,2024/3/1,2024/3/4,2024/3/5,2024/3/6,2024/3/7,2024/3/8,2024/03/12,2024/3/26,2024/3/27,2024/3/28,2024/3/29,2024/4/1,2024/4/2,2024/4/3,2024/4/4,2024/4/15,2024/3/26,0.0
2941,米斯特,2023/09/22,2023/10/12,2023/11/23,2023/12/22,2023/12/25,2024/02/29,2024/2/14,2024/2/15,2024/2/16,2024/2/19,2024/2/20,2024/2/21,2024/2/22,2024/2/23,2024/2/26,2024/2/27,2024/2/28,2024/2/29,2024/3/1,2024/3/4,2024/03/06,2024/3/20,2024/3/21,2024/3/22,2024/3/25,2024/3/26,2024/3/27,2024/3/28,2024/3/29,2024/4/9,2024/3/20,0.0
5548,安倉,2023/09/22,2023/10/12,2023/11/29,2023/12/22,2023/12/25,2024/02/26,2024/2/12,2024/2/13,2024/2/14,2024/2/15,2024/2/16,2024/2/19,2024/2/20,2024/2/21,2024/2/22,2024/2/23,2024/2/26,2024/2/27,2024/2/28,2024/2/29,2024/03/04,2024/3/18,2024/3/19,2024/3/20,2024/3/21,2024/3/22,2024/3/25,2024/3/26,2024/3/27,2024/4/5,2024/3/18,0.0
4771,望隼,2023/09/29,2023/10/19,2023/11/22,2023/12/19,2023/12/25,2024/02/26,2024/2/12,2024/2/13,2024/2/14,2024/2/15,2024/2/16,2024/2/19,2024/2/20,2024/2/21,2024/2/22,2024/2/23,2024/2/26,2024/2/27,2024/2/28,2024/2/29,2024/03/04,2024/3/18,2024/3/19,2024/3/20,2024/3/21,2024/3/22,2024/3/25,2024/3/26,2024/3/27,2024/4/5,2024/3/18,0.0
6844,諾貝兒,2023/07/10,2023/07/28,2023/12/14,2023/12/22,2023/12/25,2024/02/16,2024/2/1,2024/2/2,2024/2/5,2024/2/6,2024/2/7,2024/2/8,2024/2/9,2024/2/12,2024/2/13,2024/2/14,2024/2/15,2024/2/16,2024/2/19,2024/2/20,2024/02/22,2024/3/8,2024/3/9,2024/3/12,2024/3/13,2024/3/14,2024/3/15,2024/3/18,2024/3/19,2024/3/28,2024/3/8,0.0
6692,進能服,2023/05/23,2023/06/12,2023/08/10,2023/08/25,2023/08/30,2024/01/15,2023/12/29,2024/1/1,2024/1/2,2024/1/3,2024/1/4,2024/1/5,2024/1/8,2024/1/9,2024/1/10,2024/1/11,2024/1/12,2024/1/15,2024/1/16,2024/1/17,2024/01/19,2024/2/2,2024/2/3,2024/2/6,2024/2/7,2024/2/8,2024/2/9,2024/2/12,2024/2/13,2024/2/22,2024/2/2,0.0
4588,玖鼎電力,2023/09/08,2023/09/28,2023/11/08,2023/11/21,2023/11/28,2024/01/09,2023/12/25,2023/12/26,2023/12/27,2023/12/28,2023/12/29,2024/1/1,2024/1/2,2024/1/3,2024/1/4,2024/1/5,2024/1/8,2024/1/9,2024/1/10,2024/1/11,2024/01/15,2024/1/29,2024/1/30,2024/1/31,2024/2/1,2024/2/2,2024/2/5,2024/2/6,2024/2/7,2024/2/16,2024/1/29,0.0
6906,現觀科,2023/07/11,2023/07/31,2023/09/05,2023/09/26,2023/10/03,2023/12/25,2023/12/8,2023/12/11,2023/12/12,2023/12/13,2023/12/14,2023/12/15,2023/12/18,2023/12/19,2023/12/20,2023/12/21,2023/12/22,2023/12/25,2023/12/26,2023/12/27,2023/12/29,2024/1/15,2024/1/16,2024/1/17,2024/1/18,2024/1/19,2024/1/22,2024/1/23,2024/1/24,2024/2/2,2024/1/15,0.0
2949,欣新網,2023/06/23,2023/07/13,2023/10/06,2023/10/20,2023/10/25,2023/11/27,2023/11/10,2023/11/13,2023/11/14,2023/11/15,2023/11/16,2023/11/17,2023/11/20,2023/11/21,2023/11/22,2023/11/23,2023/11/24,2023/11/27,2023/11/28,2023/11/29,2023/12/01,2023/12/15,2023/12/16,2023/12/19,2023/12/20,2023/12/21,2023/12/22,2023/12/25,2023/12/26,2024/1/4,2023/12/15,0.0
6937,天虹,2023/07/10,2023/07/28,2023/09/06,2023/09/26,2023/10/04,2023/11/22,2023/11/7,2023/11/8,2023/11/9,2023/11/10,2023/11/13,2023/11/14,2023/11/15,2023/11/16,2023/11/17,2023/11/20,2023/11/21,2023/11/22,2023/11/23,2023/11/24,2023/11/28,2023/12/12,2023/12/13,2023/12/14,2023/12/15,2023/12/18,2023/12/19,2023/12/20,2023/12/21,2024/1/1,2023/12/12,0.0
2948,寶陞國際,2023/07/11,2023/07/31,2023/09/13,2023/10/20,2023/10/25,2023/11/22,2023/11/7,2023/11/8,2023/11/9,2023/11/10,2023/11/13,2023/11/14,2023/11/15,2023/11/16,2023/11/17,2023/11/20,2023/11/21,2023/11/22,2023/11/23,2023/11/24,2023/11/28,2023/12/12,2023/12/13,2023/12/14,2023/12/15,2023/12/18,2023/12/19,2023/12/20,2023/12/21,2024/1/1,2023/12/12,0.0
6904,伯鑫,2023/06/07,2023/06/27,2023/08/14,2023/08/25,2023/08/30,2023/11/15,2023/10/31,2023/11/1,2023/11/2,2023/11/3,2023/11/6,2023/11/7,2023/11/8,2023/11/9,2023/11/10,2023/11/13,2023/11/14,2023/11/15,2023/11/16,2023/11/17,2023/11/21,2023/12/5,2023/12/6,2023/12/7,2023/12/8,2023/12/11,2023/12/12,2023/12/13,2023/12/14,2023/12/25,2023/12/5,0.0
6742,澤米,2023/04/10,2023/04/28,2023/06/06,2023/06/20,2023/06/29,2023/11/15,2023/10/31,2023/11/1,2023/11/2,2023/11/3,2023/11/6,2023/11/7,2023/11/8,2023/11/9,2023/11/10,2023/11/13,2023/11/14,2023/11/15,2023/11/16,2023/11/17,2023/11/21,2023/12/5,2023/12/6,2023/12/7,2023/12/8,2023/12/11,2023/12/12,2023/12/13,2023/12/14,2023/12/25,2023/12/5,0.0
6916,華凌,2023/07/11,2023/07/31,2023/09/07,2023/09/26,2023/10/03,2023/11/15,2023/10/31,2023/11/1,2023/11/2,2023/11/3,2023/11/6,2023/11/7,2023/11/8,2023/11/9,2023/11/10,2023/11/13,2023/11/14,2023/11/15,2023/11/16,2023/11/17,2023/11/21,2023/12/5,2023/12/6,2023/12/7,2023/12/8,2023/12/11,2023/12/12,2023/12/13,2023/12/14,2023/12/25,2023/12/5,0.0
6894,衛司特,2023/05/16,2023/06/05,2023/07/19,2023/08/25,2023/08/30,2023/11/09,2023/10/25,2023/10/26,2023/10/27,2023/10/30,2023/10/31,2023/11/1,2023/11/2,2023/11/3,2023/11/6,2023/11/7,2023/11/8,2023/11/9,2023/11/10,2023/11/13,2023/11/15,2023/11/29,2023/11/30,2023/12/1,2023/12/4,2023/12/5,2023/12/6,2023/12/7,2023/12/8,2023/12/19,2023/11/29,0.0
5292,華懋,2023/06/12,2023/06/30,2023/08/11,2023/08/22,2023/09/01,2023/11/01,2023/10/17,2023/10/18,2023/10/19,2023/10/20,2023/10/23,2023/10/24,2023/10/25,2023/10/26,2023/10/27,2023/10/30,2023/10/31,2023/11/1,2023/11/2,2023/11/3,2023/11/07,2023/11/21,2023/11/22,2023/11/23,2023/11/24,2023/11/27,2023/11/28,2023/11/29,2023/11/30,2023/12/11,2023/11/21,0.0
6922,宸曜,2023/04/06,2023/04/26,2023/06/14,2023/06/26,2023/06/29,2023/10/20,2023/10/5,2023/10/6,2023/10/9,2023/10/10,2023/10/11,2023/10/12,2023/10/13,2023/10/16,2023/10/17,2023/10/18,2023/10/19,2023/10/20,2023/10/23,2023/10/24,2023/10/26,2023/11/9,2023/11/10,2023/11/13,2023/11/14,2023/11/15,2023/11/16,2023/11/17,2023/11/20,2023/11/29,2023/11/9,0.0
6805,富世達,2023/03/07,2023/03/27,2023/05/05,2023/05/26,2023/06/01,2023/10/20,2023/10/5,2023/10/6,2023/10/9,2023/10/10,2023/10/11,2023/10/12,2023/10/13,2023/10/16,2023/10/17,2023/10/18,2023/10/19,2023/10/20,2023/10/23,2023/10/24,2023/10/26,2023/11/9,2023/11/10,2023/11/13,2023/11/14,2023/11/15,2023/11/16,2023/11/17,2023/11/20,2023/11/29,2023/11/9,0.0
6658,聯策,2023/04/06,2023/04/26,2023/07/19,2023/08/22,2023/08/29,2023/10/13,2023/9/28,2023/9/29,2023/10/2,2023/10/3,2023/10/4,2023/10/5,2023/10/6,2023/10/9,2023/10/10,2023/10/11,2023/10/12,2023/10/13,2023/10/16,2023/10/17,2023/10/19,2023/11/2,2023/11/3,2023/11/6,2023/11/7,2023/11/8,2023/11/9,2023/11/10,2023/11/13,2023/11/22,2023/11/2,0.0
6856,鑫傳,2023/05/11,2023/05/31,2023/07/14,2023/07/21,2023/07/28,2023/10/05,2023/9/22,2023/9/25,2023/9/26,2023/9/27,2023/9/28,2023/9/29,2023/10/2,2023/10/3,2023/10/4,2023/10/5,2023/10/6,2023/10/9,2023/10/10,2023/10/11,2023/10/13,2023/10/27,2023/10/28,2023/10/31,2023/11/1,2023/11/2,2023/11/3,2023/11/6,2023/11/7,2023/11/16,2023/10/27,0.0
6526,達發,2022/12/07,2022/12/27,2023/04/18,2023/04/25,2023/05/04,2023/09/26,2023/9/11,2023/9/12,2023/9/13,2023/9/14,2023/9/15,2023/9/18,2023/9/19,2023/9/20,2023/9/21,2023/9/22,2023/9/25,2023/9/26,2023/9/27,2023/9/28,2023/10/03,2023/10/19,2023/10/20,2023/10/23,2023/10/24,2023/10/25,2023/10/26,2023/10/27,2023/10/30,2023/11/8,2023/10/19,0.0
6901,鑽石生技,2023/03/07,2023/03/27,2023/05/03,2023/06/20,2023/06/29,2023/08/30,2023/8/15,2023/8/16,2023/8/17,2023/8/18,2023/8/21,2023/8/22,2023/8/23,2023/8/24,2023/8/25,2023/8/28,2023/8/29,2023/8/30,2023/8/31,2023/9/1,2023/09/06,2023/9/19,2023/9/20,2023/9/21,2023/9/22,2023/9/25,2023/9/26,2023/9/27,2023/9/28,2023/10/9,2023/9/19,0.0
6870,騰雲,2023/04/07,2023/04/27,2023/06/06,2023/06/26,2023/06/29,2023/08/25,2023/8/10,2023/8/11,2023/8/14,2023/8/15,2023/8/16,2023/8/17,2023/8/18,2023/8/21,2023/8/22,2023/8/23,2023/8/24,2023/8/25,2023/8/28,2023/8/29,2023/08/31,2023/9/14,2023/9/15,2023/9/18,2023/9/19,2023/9/20,2023/9/21,2023/9/22,2023/9/25,2023/10/4,2023/9/14,0.0
6895,宏碩系統,2023/03/10,2023/03/30,2023/05/12,2023/05/19,2023/05/26,2023/08/02,2023/7/18,2023/7/19,2023/7/20,2023/7/21,2023/7/24,2023/7/25,2023/7/26,2023/7/27,2023/7/28,2023/7/31,2023/8/1,2023/8/2,2023/8/3,2023/8/4,2023/08/08,2023/8/22,2023/8/23,2023/8/24,2023/8/25,2023/8/28,2023/8/29,2023/8/30,2023/8/31,2023/9/11,2023/8/22,0.0
2073,雄順,2022/10/11,2022/10/31,2023/02/13,2023/02/24,2023/03/07,2023/06/01,2023/5/17,2023/5/18,2023/5/19,2023/5/22,2023/5/23,2023/5/24,2023/5/25,2023/5/26,2023/5/29,2023/5/30,2023/5/31,2023/6/1,2023/6/2,2023/6/5,2023/06/07,2023/6/21,2023/6/22,2023/6/23,2023/6/26,2023/6/27,2023/6/28,2023/6/29,2023/6/30,2023/7/11,2023/6/21,0.0
6877,鏵友益,2022/10/06,2022/10/26,2023/02/16,2023/02/24,2023/03/07,2023/05/29,2023/5/12,2023/5/15,2023/5/16,2023/5/17,2023/5/18,2023/5/19,2023/5/22,2023/5/23,2023/5/24,2023/5/25,2023/5/26,2023/5/29,2023/5/30,2023/5/31,2023/06/02,2023/6/16,2023/6/17,2023/6/20,2023/6/21,2023/6/22,2023/6/23,2023/6/26,2023/6/27,2023/7/6,2023/6/16,0.0
6657,華安,2022/11/30,2022/12/20,2023/02/07,2023/02/21,2023/03/03,2023/05/23,2023/5/8,2023/5/9,2023/5/10,2023/5/11,2023/5/12,2023/5/15,2023/5/16,2023/5/17,2023/5/18,2023/5/19,2023/5/22,2023/5/23,2023/5/24,2023/5/25,2023/05/29,2023/6/12,2023/6/13,2023/6/14,2023/6/15,2023/6/16,2023/6/19,2023/6/20,2023/6/21,2023/6/30,2023/6/12,0.0
6821,聯寶,2022/10/28,2022/11/17,2023/01/31,2023/02/24,2023/03/07,2023/05/02,2023/4/17,2023/4/18,2023/4/19,2023/4/20,2023/4/21,2023/4/24,2023/4/25,2023/4/26,2023/4/27,2023/4/28,2023/5/1,2023/5/2,2023/5/3,2023/5/4,2023/05/08,2023/5/22,2023/5/23,2023/5/24,2023/5/25,2023/5/26,2023/5/29,2023/5/30,2023/5/31,2023/6/9,2023/5/22,0.0
6584,南俊國際,2022/09/12,2022/09/30,2022/12/05,2022/12/23,2022/12/26,2023/04/27,2023/4/13,2023/4/14,2023/4/17,2023/4/18,2023/4/19,2023/4/20,2023/4/21,2023/4/24,2023/4/25,2023/4/26,2023/4/27,2023/4/28,2023/5/1,2023/5/2,2023/05/04,2023/5/18,2023/5/19,2023/5/22,2023/5/23,2023/5/24,2023/5/25,2023/5/26,2023/5/29,2023/6/7,2023/5/18,0.0
6846,綠茵生技,2022/10/06,2022/10/26,2022/12/08,2022/12/23,2022/12/26,2023/04/24,2023/4/7,2023/4/10,2023/4/11,2023/4/12,2023/4/13,2023/4/14,2023/4/17,2023/4/18,2023/4/19,2023/4/20,2023/4/21,2023/4/24,2023/4/25,2023/4/26,2023/04/28,2023/5/15,2023/5/16,2023/5/17,2023/5/18,2023/5/19,2023/5/22,2023/5/23,2023/5/24,2023/6/2,2023/5/15,0.0
6861,睿生光電,2022/07/05,2022/07/25,2022/09/02,2022/12/27,2022/12/28,2023/03/07,2023/2/20,2023/2/21,2023/2/22,2023/2/23,2023/2/24,2023/2/27,2023/2/28,2023/3/1,2023/3/2,2023/3/3,2023/3/6,2023/3/7,2023/3/8,2023/3/9,2023/03/13,2023/3/27,2023/3/28,2023/3/29,2023/3/30,2023/3/31,2023/4/3,2023/4/4,2023/4/5,2023/4/14,2023/3/27,0.0
6840,東研信超,2022/08/11,2022/08/31,2022/11/07,2022/11/25,2022/12/01,2023/03/06,2023/2/17,2023/2/20,2023/2/21,2023/2/22,2023/2/23,2023/2/24,2023/2/27,2023/2/28,2023/3/1,2023/3/2,2023/3/3,2023/3/6,2023/3/7,2023/3/8,2023/03/10,2023/3/24,2023/3/25,2023/3/28,2023/3/29,2023/3/30,2023/3/31,2023/4/3,2023/4/4,2023/4/13,2023/3/24,0.0
6606,建德工業,2022/09/12,2022/09/30,2022/11/16,2022/12/27,2022/12/28,2023/03/06,2023/2/17,2023/2/20,2023/2/21,2023/2/22,2023/2/23,2023/2/24,2023/2/27,2023/2/28,2023/3/1,2023/3/2,2023/3/3,2023/3/6,2023/3/7,2023/3/8,2023/03/10,2023/3/24,2023/3/25,2023/3/28,2023/3/29,2023/3/30,2023/3/31,2023/4/3,2023/4/4,2023/4/13,2023/3/24,0.0
2645,長榮航太,2022/09/01,2022/09/21,2022/11/22,2022/12/27,2022/12/28,2023/02/20,2023/2/3,2023/2/6,2023/2/7,2023/2/8,2023/2/9,2023/2/10,2023/2/13,2023/2/14,2023/2/15,2023/2/16,2023/2/17,2023/2/20,2023/2/21,2023/2/22,2023/02/24,2023/3/14,2023/3/15,2023/3/16,2023/3/17,2023/3/20,2023/3/21,2023/3/22,2023/3/23,2023/4/3,2023/3/14,0.0
6753,龍德造船,2022/09/07,2022/09/27,2022/11/02,2022/11/15,2022/11/22,2023/02/16,2023/2/1,2023/2/2,2023/2/3,2023/2/6,2023/2/7,2023/2/8,2023/2/9,2023/2/10,2023/2/13,2023/2/14,2023/2/15,2023/2/16,2023/2/17,2023/2/20,2023/02/22,2023/3/10,2023/3/11,2023/3/14,2023/3/15,2023/3/16,2023/3/17,2023/3/20,2023/3/21,2023/3/30,2023/3/10,0.0
6865,偉康,2022/08/17,2022/09/06,2022/10/18,2022/11/25,2022/12/01,2022/12/21,2022/12/6,2022/12/7,2022/12/8,2022/12/9,2022/12/12,2022/12/13,2022/12/14,2022/12/15,2022/12/16,2022/12/19,2022/12/20,2022/12/21,2022/12/22,2022/12/23,2022/12/27,2023/1/11,2023/1/12,2023/1/13,2023/1/16,2023/1/17,2023/1/18,2023/1/19,2023/1/20,2023/1/31,2023/1/11,0.0
6708,天擎,2022/06/30,2022/07/20,2022/09/05,2022/09/23,2022/10/03,2022/12/09,2022/11/24,2022/11/25,2022/11/28,2022/11/29,2022/11/30,2022/12/1,2022/12/2,2022/12/5,2022/12/6,2022/12/7,2022/12/8,2022/12/9,2022/12/12,2022/12/13,2022/12/15,2022/12/29,2022/12/30,2023/1/2,2023/1/3,2023/1/4,2023/1/5,2023/1/6,2023/1/9,2023/1/18,2022/12/29,0.0
8227,巨有科技,2022/07/01,2022/07/21,2022/09/13,2022/09/23,2022/10/03,2022/11/30,2022/11/15,2022/11/16,2022/11/17,2022/11/18,2022/11/21,2022/11/22,2022/11/23,2022/11/24,2022/11/25,2022/11/28,2022/11/29,2022/11/30,2022/12/1,2022/12/2,2022/12/06,2022/12/20,2022/12/21,2022/12/22,2022/12/23,2022/12/26,2022/12/27,2022/12/28,2022/12/29,2023/1/9,2022/12/20,0.0
6517,保勝光學,2022/07/01,2022/07/21,2022/09/01,2022/09/23,2022/10/03,2022/11/25,2022/11/10,2022/11/11,2022/11/14,2022/11/15,2022/11/16,2022/11/17,2022/11/18,2022/11/21,2022/11/22,2022/11/23,2022/11/24,2022/11/25,2022/11/28,2022/11/29,2022/12/01,2022/12/15,2022/12/16,2022/12/19,2022/12/20,2022/12/21,2022/12/22,2022/12/23,2022/12/26,2023/1/4,2022/12/15,0.0
3447,展達,2022/07/05,2022/07/25,2022/09/01,2022/09/20,2022/09/22,2022/11/25,2022/11/10,2022/11/11,2022/11/14,2022/11/15,2022/11/16,2022/11/17,2022/11/18,2022/11/21,2022/11/22,2022/11/23,2022/11/24,2022/11/25,2022/11/28,2022/11/29,2022/12/01,2022/12/15,2022/12/16,2022/12/19,2022/12/20,2022/12/21,2022/12/22,2022/12/23,2022/12/26,2023/1/4,2022/12/15,0.0
6874,倍力,2022/07/11,2022/07/29,2022/09/08,2022/09/23,2022/10/03,2022/11/24,2022/11/9,2022/11/10,2022/11/11,2022/11/14,2022/11/15,2022/11/16,2022/11/17,2022/11/18,2022/11/21,2022/11/22,2022/11/23,2022/11/24,2022/11/25,2022/11/28,2022/11/30,2022/12/14,2022/12/15,2022/12/16,2022/12/19,2022/12/20,2022/12/21,2022/12/22,2022/12/23,2023/1/3,2022/12/14,0.0
6859,伯特光,2022/06/23,2022/07/13,2022/08/26,2022/09/23,2022/10/03,2022/11/08,2022/10/24,2022/10/25,2022/10/26,2022/10/27,2022/10/28,2022/10/31,2022/11/1,2022/11/2,2022/11/3,2022/11/4,2022/11/7,2022/11/8,2022/11/9,2022/11/10,2022/11/14,2022/11/28,2022/11/29,2022/11/30,2022/12/1,2022/12/2,2022/12/5,2022/12/6,2022/12/7,2022/12/16,2022/11/28,0.0
6782,視陽,2022/07/01,2022/07/21,2022/08/30,2022/09/20,2022/09/29,2022/11/08,2022/10/24,2022/10/25,2022/10/26,2022/10/27,2022/10/28,2022/10/31,2022/11/1,2022/11/2,2022/11/3,2022/11/4,2022/11/7,2022/11/8,2022/11/9,2022/11/10,2022/11/14,2022/11/28,2022/11/29,2022/11/30,2022/12/1,2022/12/2,2022/12/5,2022/12/6,2022/12/7,2022/12/16,2022/11/28,0.0
6843,進典,2022/04/25,2022/05/13,2022/07/08,2022/07/22,2022/07/28,2022/11/01,2022/10/17,2022/10/18,2022/10/19,2022/10/20,2022/10/21,2022/10/24,2022/10/25,2022/10/26,2022/10/27,2022/10/28,2022/10/31,2022/11/1,2022/11/2,2022/11/3,2022/11/07,2022/11/21,2022/11/22,2022/11/23,2022/11/24,2022/11/25,2022/11/28,2022/11/29,2022/11/30,2022/12/9,2022/11/21,0.0
6791,虎門科技,2022/06/10,2022/06/30,2022/08/10,2022/08/19,2022/08/23,2022/10/25,2022/10/10,2022/10/11,2022/10/12,2022/10/13,2022/10/14,2022/10/17,2022/10/18,2022/10/19,2022/10/20,2022/10/21,2022/10/24,2022/10/25,2022/10/26,2022/10/27,2022/10/31,2022/11/14,2022/11/15,2022/11/16,2022/11/17,2022/11/18,2022/11/21,2022/11/22,2022/11/23,2022/12/2,2022/11/14,0.0
6835,圓裕,2022/06/10,2022/06/30,2022/08/10,2022/08/23,2022/08/31,2022/10/21,2022/10/6,2022/10/7,2022/10/10,2022/10/11,2022/10/12,2022/10/13,2022/10/14,2022/10/17,2022/10/18,2022/10/19,2022/10/20,2022/10/21,2022/10/24,2022/10/25,2022/10/27,2022/11/10,2022/11/11,2022/11/14,2022/11/15,2022/11/16,2022/11/17,2022/11/18,2022/11/21,2022/11/30,2022/11/10,0.0
6695,芯鼎,2022/06/10,2022/06/30,2022/08/08,2022/08/23,2022/08/31,2022/10/17,2022/9/30,2022/10/3,2022/10/4,2022/10/5,2022/10/6,2022/10/7,2022/10/10,2022/10/11,2022/10/12,2022/10/13,2022/10/14,2022/10/17,2022/10/18,2022/10/19,2022/10/21,2022/11/4,2022/11/5,2022/11/8,2022/11/9,2022/11/10,2022/11/11,2022/11/14,2022/11/15,2022/11/24,2022/11/4,0.0
4951,精拓科,2022/05/11,2022/05/31,2022/08/11,2022/08/19,2022/08/23,2022/10/14,2022/9/29,2022/9/30,2022/10/3,2022/10/4,2022/10/5,2022/10/6,2022/10/7,2022/10/10,2022/10/11,2022/10/12,2022/10/13,2022/10/14,2022/10/17,2022/10/18,2022/10/20,2022/11/3,2022/11/4,2022/11/7,2022/11/8,2022/11/9,2022/11/10,2022/11/11,2022/11/14,2022/11/23,2022/11/3,0.0
6855,數泓科,2022/04/08,2022/04/28,2022/06/07,2022/06/24,2022/06/30,2022/09/16,2022/9/1,2022/9/2,2022/9/5,2022/9/6,2022/9/7,2022/9/8,2022/9/9,2022/9/12,2022/9/13,2022/9/14,2022/9/15,2022/9/16,2022/9/19,2022/9/20,2022/09/22,2022/10/6,2022/10/7,2022/10/10,2022/10/11,2022/10/12,2022/10/13,2022/10/14,2022/10/17,2022/10/26,2022/10/6,0.0
4584,君帆,2022/04/08,2022/04/28,2022/06/08,2022/06/24,2022/06/30,2022/09/15,2022/8/31,2022/9/1,2022/9/2,2022/9/5,2022/9/6,2022/9/7,2022/9/8,2022/9/9,2022/9/12,2022/9/13,2022/9/14,2022/9/15,2022/9/16,2022/9/19,2022/09/21,2022/10/5,2022/10/6,2022/10/7,2022/10/10,2022/10/11,2022/10/12,2022/10/13,2022/10/14,2022/10/25,2022/10/5,0.0
6689,伊雲谷,2022/04/14,2022/05/04,2022/06/13,2022/06/21,2022/06/28,2022/08/23,2022/8/8,2022/8/9,2022/8/10,2022/8/11,2022/8/12,2022/8/15,2022/8/16,2022/8/17,2022/8/18,2022/8/19,2022/8/22,2022/8/23,2022/8/24,2022/8/25,2022/08/29,2022/9/13,2022/9/14,2022/9/15,2022/9/16,2022/9/19,2022/9/20,2022/9/21,2022/9/22,2022/10/3,2022/9/13,0.0
3430,奇鈦科,2022/04/11,2022/04/29,2022/06/09,2022/06/24,2022/06/30,2022/08/19,2022/8/4,2022/8/5,2022/8/8,2022/8/9,2022/8/10,2022/8/11,2022/8/12,2022/8/15,2022/8/16,2022/8/17,2022/8/18,2022/8/19,2022/8/22,2022/8/23,2022/08/25,2022/9/8,2022/9/9,2022/9/12,2022/9/13,2022/9/14,2022/9/15,2022/9/16,2022/9/19,2022/9/28,2022/9/8,0.0
6834,天二科技,2022/03/18,2022/04/07,2022/05/18,2022/06/21,2022/06/28,2022/08/12,2022/7/28,2022/7/29,2022/8/1,2022/8/2,2022/8/3,2022/8/4,2022/8/5,2022/8/8,2022/8/9,2022/8/10,2022/8/11,2022/8/12,2022/8/15,2022/8/16,2022/08/18,2022/9/1,2022/9/2,2022/9/5,2022/9/6,2022/9/7,2022/9/8,2022/9/9,2022/9/12,2022/9/21,2022/9/1,0.0
6830,汎銓,2022/03/30,2022/04/19,2022/05/30,2022/06/21,2022/06/27,2022/08/11,2022/7/27,2022/7/28,2022/7/29,2022/8/1,2022/8/2,2022/8/3,2022/8/4,2022/8/5,2022/8/8,2022/8/9,2022/8/10,2022/8/11,2022/8/12,2022/8/15,2022/08/17,2022/8/31,2022/9/1,2022/9/2,2022/9/5,2022/9/6,2022/9/7,2022/9/8,2022/9/9,2022/9/20,2022/8/31,0.0
6811,宏碁資訊,2022/03/11,2022/03/31,2022/05/11,2022/05/20,2022/05/26,2022/07/20,2022/7/5,2022/7/6,2022/7/7,2022/7/8,2022/7/11,2022/7/12,2022/7/13,2022/7/14,2022/7/15,2022/7/18,2022/7/19,2022/7/20,2022/7/21,2022/7/22,2022/07/26,2022/8/9,2022/8/10,2022/8/11,2022/8/12,2022/8/15,2022/8/16,2022/8/17,2022/8/18,2022/8/29,2022/8/9,0.0
6823,濾能,2021/12/07,2021/12/27,2022/02/16,2022/02/25,2022/03/04,2022/06/10,2022/5/26,2022/5/27,2022/5/30,2022/5/31,2022/6/1,2022/6/2,2022/6/3,2022/6/6,2022/6/7,2022/6/8,2022/6/9,2022/6/10,2022/6/13,2022/6/14,2022/06/16,2022/6/30,2022/7/1,2022/7/4,2022/7/5,2022/7/6,2022/7/7,2022/7/8,2022/7/11,2022/7/20,2022/6/30,0.0
6789,采鈺,2021/12/09,2021/12/29,2022/03/08,2022/03/22,2022/03/24,2022/06/10,2022/5/26,2022/5/27,2022/5/30,2022/5/31,2022/6/1,2022/6/2,2022/6/3,2022/6/6,2022/6/7,2022/6/8,2022/6/9,2022/6/10,2022/6/13,2022/6/14,2022/06/16,2022/6/30,2022/7/1,2022/7/4,2022/7/5,2022/7/6,2022/7/7,2022/7/8,2022/7/11,2022/7/20,2022/6/30,0.0
4577,達航,2021/11/22,2021/12/10,2022/02/15,2022/02/25,2022/03/04,2022/05/24,2022/5/9,2022/5/10,2022/5/11,2022/5/12,2022/5/13,2022/5/16,2022/5/17,2022/5/18,2022/5/19,2022/5/20,2022/5/23,2022/5/24,2022/5/25,2022/5/26,2022/05/30,2022/6/14,2022/6/15,2022/6/16,2022/6/17,2022/6/20,2022/6/21,2022/6/22,2022/6/23,2022/7/4,2022/6/14,0.0
6796,晉弘,2021/11/18,2021/12/08,2022/01/12,2022/02/22,2022/02/25,2022/05/12,2022/4/27,2022/4/28,2022/4/29,2022/5/2,2022/5/3,2022/5/4,2022/5/5,2022/5/6,2022/5/9,2022/5/10,2022/5/11,2022/5/12,2022/5/13,2022/5/16,2022/05/18,2022/6/1,2022/6/2,2022/6/3,2022/6/6,2022/6/7,2022/6/8,2022/6/9,2022/6/10,2022/6/21,2022/6/1,0.0
6546,正基,2021/12/10,2021/12/30,2022/02/17,2022/02/25,2022/03/04,2022/05/04,2022/4/19,2022/4/20,2022/4/21,2022/4/22,2022/4/25,2022/4/26,2022/4/27,2022/4/28,2022/4/29,2022/5/2,2022/5/3,2022/5/4,2022/5/5,2022/5/6,2022/05/10,2022/5/24,2022/5/25,2022/5/26,2022/5/27,2022/5/30,2022/5/31,2022/6/1,2022/6/2,2022/6/13,2022/5/24,0.0
5228,鈺鎧,2021/11/26,2021/12/16,2022/01/26,2022/02/25,2022/03/04,2022/04/29,2022/4/15,2022/4/18,2022/4/19,2022/4/20,2022/4/21,2022/4/22,2022/4/25,2022/4/26,2022/4/27,2022/4/28,2022/4/29,2022/5/2,2022/5/3,2022/5/4,2022/05/06,2022/5/20,2022/5/21,2022/5/24,2022/5/25,2022/5/26,2022/5/27,2022/5/30,2022/5/31,2022/6/9,2022/5/20,0.0
6585,鼎基,2021/11/05,2021/11/25,2022/01/04,2022/01/18,2022/01/21,2022/04/29,2022/4/15,2022/4/18,2022/4/19,2022/4/20,2022/4/21,2022/4/22,2022/4/25,2022/4/26,2022/4/27,2022/4/28,2022/4/29,2022/5/2,2022/5/3,2022/5/4,2022/05/06,2022/5/20,2022/5/21,2022/5/24,2022/5/25,2022/5/26,2022/5/27,2022/5/30,2022/5/31,2022/6/9,2022/5/20,0.0
6799,來頡,2021/11/02,2021/11/22,2021/12/28,2022/01/18,2022/01/21,2022/04/21,2022/4/6,2022/4/7,2022/4/8,2022/4/11,2022/4/12,2022/4/13,2022/4/14,2022/4/15,2022/4/18,2022/4/19,2022/4/20,2022/4/21,2022/4/22,2022/4/25,2022/04/27,2022/5/12,2022/5/13,2022/5/16,2022/5/17,2022/5/18,2022/5/19,2022/5/20,2022/5/23,2022/6/1,2022/5/12,0.0
4583,台灣精銳,2021/09/07,2021/09/27,2021/11/05,2021/11/16,2021/11/19,2022/04/18,2022/4/1,2022/4/4,2022/4/5,2022/4/6,2022/4/7,2022/4/8,2022/4/11,2022/4/12,2022/4/13,2022/4/14,2022/4/15,2022/4/18,2022/4/19,2022/4/20,2022/04/22,2022/5/9,2022/5/10,2022/5/11,2022/5/12,2022/5/13,2022/5/16,2022/5/17,2022/5/18,2022/5/27,2022/5/9,0.0
6721,信實,2021/09/23,2021/10/13,2021/11/29,2021/12/10,2021/12/15,2022/04/11,2022/3/25,2022/3/28,2022/3/29,2022/3/30,2022/3/31,2022/4/1,2022/4/4,2022/4/5,2022/4/6,2022/4/7,2022/4/8,2022/4/11,2022/4/12,2022/4/13,2022/04/15,2022/4/29,2022/4/30,2022/5/3,2022/5/4,2022/5/5,2022/5/6,2022/5/9,2022/5/10,2022/5/19,2022/4/29,0.0
6735,美達科技,2021/11/04,2021/11/24,2022/01/07,2022/01/21,2022/01/25,2022/04/11,2022/3/25,2022/3/28,2022/3/29,2022/3/30,2022/3/31,2022/4/1,2022/4/4,2022/4/5,2022/4/6,2022/4/7,2022/4/8,2022/4/11,2022/4/12,2022/4/13,2022/04/15,2022/4/29,2022/4/30,2022/5/3,2022/5/4,2022/5/5,2022/5/6,2022/5/9,2022/5/10,2022/5/19,2022/4/29,0.0
4768,晶呈科技,2021/09/09,2021/09/29,2021/11/11,2021/11/19,2021/11/25,2022/03/22,2022/3/7,2022/3/8,2022/3/9,2022/3/10,2022/3/11,2022/3/14,2022/3/15,2022/3/16,2022/3/17,2022/3/18,2022/3/21,2022/3/22,2022/3/23,2022/3/24,2022/03/28,2022/4/13,2022/4/14,2022/4/15,2022/4/18,2022/4/19,2022/4/20,2022/4/21,2022/4/22,2022/5/3,2022/4/13,0.0
6804,明係,2021/09/20,2021/10/08,2021/12/03,2021/12/10,2021/12/15,2022/03/11,2022/2/24,2022/2/25,2022/2/28,2022/3/1,2022/3/2,2022/3/3,2022/3/4,2022/3/7,2022/3/8,2022/3/9,2022/3/10,2022/3/11,2022/3/14,2022/3/15,2022/03/17,2022/3/31,2022/4/1,2022/4/4,2022/4/5,2022/4/6,2022/4/7,2022/4/8,2022/4/11,2022/4/20,2022/3/31,0.0
3349,寶德,2021/09/23,2021/10/13,2021/12/15,2021/12/24,2021/12/29,2022/03/03,2022/2/16,2022/2/17,2022/2/18,2022/2/21,2022/2/22,2022/2/23,2022/2/24,2022/2/25,2022/2/28,2022/3/1,2022/3/2,2022/3/3,2022/3/4,2022/3/7,2022/03/09,2022/3/23,2022/3/24,2022/3/25,2022/3/28,2022/3/29,2022/3/30,2022/3/31,2022/4/1,2022/4/12,2022/3/23,0.0
4558,寶緯,2021/10/08,2021/10/28,2021/12/14,2021/12/24,2021/12/29,2022/02/24,2022/2/10,2022/2/11,2022/2/14,2022/2/15,2022/2/16,2022/2/17,2022/2/18,2022/2/21,2022/2/22,2022/2/23,2022/2/24,2022/2/25,2022/2/28,2022/3/1,2022/03/03,2022/3/17,2022/3/18,2022/3/21,2022/3/22,2022/3/23,2022/3/24,2022/3/25,2022/3/28,2022/4/6,2022/3/17,0.0
6763,綠界科技,2021/10/07,2021/10/27,2021/12/03,2021/12/10,2021/12/15,2022/02/22,2022/2/7,2022/2/8,2022/2/9,2022/2/10,2022/2/11,2022/2/14,2022/2/15,2022/2/16,2022/2/17,2022/2/18,2022/2/21,2022/2/22,2022/2/23,2022/2/24,2022/03/01,2022/3/15,2022/3/16,2022/3/17,2022/3/18,2022/3/21,2022/3/22,2022/3/23,2022/3/24,2022/4/4,2022/3/15,0.0
4923,力士,2021/09/10,2021/09/30,2021/11/30,2021/12/10,2021/12/15,2022/02/21,2022/2/4,2022/2/7,2022/2/8,2022/2/9,2022/2/10,2022/2/11,2022/2/14,2022/2/15,2022/2/16,2022/2/17,2022/2/18,2022/2/21,2022/2/22,2022/2/23,2022/02/25,2022/3/14,2022/3/15,2022/3/16,2022/3/17,2022/3/18,2022/3/21,2022/3/22,2022/3/23,2022/4/1,2022/3/14,0.0
8438,昶昕,2021/10/11,2021/10/29,2021/12/08,2021/12/21,2021/12/27,2022/02/18,2022/2/3,2022/2/4,2022/2/7,2022/2/8,2022/2/9,2022/2/10,2022/2/11,2022/2/14,2022/2/15,2022/2/16,2022/2/17,2022/2/18,2022/2/21,2022/2/22,2022/02/24,2022/3/11,2022/3/12,2022/3/15,2022/3/16,2022/3/17,2022/3/18,2022/3/21,2022/3/22,2022/3/31,2022/3/11,0.0
6829,千附精密,2021/09/20,2021/10/08,2021/11/12,2021/11/19,2021/11/25,2022/02/18,2022/2/3,2022/2/4,2022/2/7,2022/2/8,2022/2/9,2022/2/10,2022/2/11,2022/2/14,2022/2/15,2022/2/16,2022/2/17,2022/2/18,2022/2/21,2022/2/22,2022/02/24,2022/3/11,2022/3/12,2022/3/15,2022/3/16,2022/3/17,2022/3/18,2022/3/21,2022/3/22,2022/3/31,2022/3/11,0.0
6693,廣閎科,2021/09/09,2021/09/29,2021/11/10,2021/11/19,2021/11/25,2022/02/08,2022/1/24,2022/1/25,2022/1/26,2022/1/27,2022/1/28,2022/1/31,2022/2/1,2022/2/2,2022/2/3,2022/2/4,2022/2/7,2022/2/8,2022/2/9,2022/2/10,2022/02/14,2022/3/1,2022/3/2,2022/3/3,2022/3/4,2022/3/7,2022/3/8,2022/3/9,2022/3/10,2022/3/21,2022/3/1,0.0
2756,聯發國際,2021/07/12,2021/07/30,2021/09/14,2021/09/24,2021/09/30,2021/12/24,2021/12/9,2021/12/10,2021/12/13,2021/12/14,2021/12/15,2021/12/16,2021/12/17,2021/12/20,2021/12/21,2021/12/22,2021/12/23,2021/12/24,2021/12/27,2021/12/28,2021/12/30,2022/1/14,2022/1/15,2022/1/18,2022/1/19,2022/1/20,2022/1/21,2022/1/24,2022/1/25,2022/2/3,2022/1/14,0.0
6719,力智,2021/08/25,2021/09/14,2021/10/25,2021/11/16,2021/11/17,2021/12/23,2021/12/8,2021/12/9,2021/12/10,2021/12/13,2021/12/14,2021/12/15,2021/12/16,2021/12/17,2021/12/20,2021/12/21,2021/12/22,2021/12/23,2021/12/24,2021/12/27,2021/12/29,2022/1/13,2022/1/14,2022/1/17,2022/1/18,2022/1/19,2022/1/20,2022/1/21,2022/1/24,2022/2/2,2022/1/13,0.0
3592,瑞鼎,2021/08/03,2021/08/23,2021/09/29,2021/10/19,2021/10/21,2021/12/17,2021/12/2,2021/12/3,2021/12/6,2021/12/7,2021/12/8,2021/12/9,2021/12/10,2021/12/13,2021/12/14,2021/12/15,2021/12/16,2021/12/17,2021/12/20,2021/12/21,2021/12/23,2022/1/7,2022/1/8,2022/1/11,2022/1/12,2022/1/13,2022/1/14,2022/1/17,2022/1/18,2022/1/27,2022/1/7,0.0
6691,洋基工程,2021/07/26,2021/08/13,2021/09/17,2021/09/28,2021/10/06,2021/12/13,2021/11/26,2021/11/29,2021/11/30,2021/12/1,2021/12/2,2021/12/3,2021/12/6,2021/12/7,2021/12/8,2021/12/9,2021/12/10,2021/12/13,2021/12/14,2021/12/15,2021/12/17,2022/1/3,2022/1/4,2022/1/5,2022/1/6,2022/1/7,2022/1/10,2022/1/11,2022/1/12,2022/1/21,2022/1/3,0.0
4770,上品,2021/07/14,2021/08/03,2021/09/13,2021/09/28,2021/10/06,2021/12/02,2021/11/17,2021/11/18,2021/11/19,2021/11/22,2021/11/23,2021/11/24,2021/11/25,2021/11/26,2021/11/29,2021/11/30,2021/12/1,2021/12/2,2021/12/3,2021/12/6,2021/12/08,2021/12/22,2021/12/23,2021/12/24,2021/12/27,2021/12/28,2021/12/29,2021/12/30,2021/12/31,2022/1/11,2021/12/22,0.0
6792,詠業,2021/07/09,2021/07/29,2021/09/08,2021/09/28,2021/10/01,2021/11/18,2021/11/3,2021/11/4,2021/11/5,2021/11/8,2021/11/9,2021/11/10,2021/11/11,2021/11/12,2021/11/15,2021/11/16,2021/11/17,2021/11/18,2021/11/19,2021/11/22,2021/11/24,2021/12/8,2021/12/9,2021/12/10,2021/12/13,2021/12/14,2021/12/15,2021/12/16,2021/12/17,2021/12/28,2021/12/8,0.0
6770,力積電,2021/07/12,2021/07/30,2021/09/16,2021/09/28,2021/10/05,2021/11/16,2021/11/1,2021/11/2,2021/11/3,2021/11/4,2021/11/5,2021/11/8,2021/11/9,2021/11/10,2021/11/11,2021/11/12,2021/11/15,2021/11/16,2021/11/17,2021/11/18,2021/11/22,2021/12/6,2021/12/7,2021/12/8,2021/12/9,2021/12/10,2021/12/13,2021/12/14,2021/12/15,2021/12/24,2021/12/6,0.0
2945,三商家購,2021/03/23,2021/04/12,2021/05/21,2021/06/15,2021/06/22,2021/11/10,2021/10/26,2021/10/27,2021/10/28,2021/10/29,2021/11/1,2021/11/2,2021/11/3,2021/11/4,2021/11/5,2021/11/8,2021/11/9,2021/11/10,2021/11/11,2021/11/12,2021/11/16,2021/11/30,2021/12/1,2021/12/2,2021/12/3,2021/12/6,2021/12/7,2021/12/8,2021/12/9,2021/12/20,2021/11/30,0.0
6806,森崴能源,2021/06/10,2021/06/30,2021/08/10,2021/08/24,2021/08/31,2021/10/26,2021/10/11,2021/10/12,2021/10/13,2021/10/14,2021/10/15,2021/10/18,2021/10/19,2021/10/20,2021/10/21,2021/10/22,2021/10/25,2021/10/26,2021/10/27,2021/10/28,2021/11/01,2021/11/15,2021/11/16,2021/11/17,2021/11/18,2021/11/19,2021/11/22,2021/11/23,2021/11/24,2021/12/3,2021/11/15,0.0
6761,穩得,2021/05/18,2021/06/07,2021/08/10,2021/08/20,2021/08/25,2021/10/19,2021/10/4,2021/10/5,2021/10/6,2021/10/7,2021/10/8,2021/10/11,2021/10/12,2021/10/13,2021/10/14,2021/10/15,2021/10/18,2021/10/19,2021/10/20,2021/10/21,2021/10/25,2021/11/8,2021/11/9,2021/11/10,2021/11/11,2021/11/12,2021/11/15,2021/11/16,2021/11/17,2021/11/26,2021/11/8,0.0
5222,全訊,2021/05/18,2021/06/07,2021/08/03,2021/08/24,2021/08/31,2021/10/04,2021/9/17,2021/9/20,2021/9/21,2021/9/22,2021/9/23,2021/9/24,2021/9/27,2021/9/28,2021/9/29,2021/9/30,2021/10/1,2021/10/4,2021/10/5,2021/10/6,2021/10/08,2021/10/25,2021/10/26,2021/10/27,2021/10/28,2021/10/29,2021/11/1,2021/11/2,2021/11/3,2021/11/12,2021/10/25,0.0
4440,宜新實業,2021/06/15,2021/07/05,2021/08/13,2021/08/24,2021/08/31,2021/10/04,2021/9/17,2021/9/20,2021/9/21,2021/9/22,2021/9/23,2021/9/24,2021/9/27,2021/9/28,2021/9/29,2021/9/30,2021/10/1,2021/10/4,2021/10/5,2021/10/6,2021/10/08,2021/10/25,2021/10/26,2021/10/27,2021/10/28,2021/10/29,2021/11/1,2021/11/2,2021/11/3,2021/11/12,2021/10/25,0.0
2947,振宇五金,2021/04/09,2021/04/29,2021/06/15,2021/06/25,2021/06/29,2021/09/14,2021/8/30,2021/8/31,2021/9/1,2021/9/2,2021/9/3,2021/9/6,2021/9/7,2021/9/8,2021/9/9,2021/9/10,2021/9/13,2021/9/14,2021/9/15,2021/9/16,2021/09/22,2021/10/6,2021/10/7,2021/10/8,2021/10/11,2021/10/12,2021/10/13,2021/10/14,2021/10/15,2021/10/26,2021/10/6,0.0
6790,永豐實,2021/04/09,2021/04/29,2021/06/03,2021/06/15,2021/06/22,2021/09/07,2021/8/23,2021/8/24,2021/8/25,2021/8/26,2021/8/27,2021/8/30,2021/8/31,2021/9/1,2021/9/2,2021/9/3,2021/9/6,2021/9/7,2021/9/8,2021/9/9,2021/09/13,2021/9/29,2021/9/30,2021/10/1,2021/10/4,2021/10/5,2021/10/6,2021/10/7,2021/10/8,2021/10/19,2021/9/29,0.0
6788,華景電,2021/04/08,2021/04/28,2021/06/10,2021/06/25,2021/06/30,2021/09/07,2021/8/23,2021/8/24,2021/8/25,2021/8/26,2021/8/27,2021/8/30,2021/8/31,2021/9/1,2021/9/2,2021/9/3,2021/9/6,2021/9/7,2021/9/8,2021/9/9,2021/09/13,2021/9/29,2021/9/30,2021/10/1,2021/10/4,2021/10/5,2021/10/6,2021/10/7,2021/10/8,2021/10/19,2021/9/29,0.0
2753,八方雲集,2021/04/08,2021/04/28,2021/06/07,2021/06/15,2021/06/22,2021/08/20,2021/8/5,2021/8/6,2021/8/9,2021/8/10,2021/8/11,2021/8/12,2021/8/13,2021/8/16,2021/8/17,2021/8/18,2021/8/19,2021/8/20,2021/8/23,2021/8/24,2021/08/26,2021/9/9,2021/9/10,2021/9/13,2021/9/14,2021/9/15,2021/9/16,2021/9/17,2021/9/20,2021/9/29,2021/9/9,0.0
6684,安格,2021/03/11,2021/03/31,2021/05/14,2021/05/21,2021/05/27,2021/07/22,2021/7/7,2021/7/8,2021/7/9,2021/7/12,2021/7/13,2021/7/14,2021/7/15,2021/7/16,2021/7/19,2021/7/20,2021/7/21,2021/7/22,2021/7/23,2021/7/26,2021/07/28,2021/8/11,2021/8/12,2021/8/13,2021/8/16,2021/8/17,2021/8/18,2021/8/19,2021/8/20,2021/8/31,2021/8/11,0.0
5236,凌陽創新,2021/03/04,2021/03/24,2021/05/06,2021/05/21,2021/05/27,2021/07/09,2021/6/24,2021/6/25,2021/6/28,2021/6/29,2021/6/30,2021/7/1,2021/7/2,2021/7/5,2021/7/6,2021/7/7,2021/7/8,2021/7/9,2021/7/12,2021/7/13,2021/07/15,2021/7/29,2021/7/30,2021/8/2,2021/8/3,2021/8/4,2021/8/5,2021/8/6,2021/8/9,2021/8/18,2021/7/29,0.0
3357,臺慶科,2020/10/30,2020/11/19,2021/01/11,2021/01/22,2021/01/27,2021/04/07,2021/3/23,2021/3/24,2021/3/25,2021/3/26,2021/3/29,2021/3/30,2021/3/31,2021/4/1,2021/4/2,2021/4/5,2021/4/6,2021/4/7,2021/4/8,2021/4/9,2021/04/13,2021/4/27,2021/4/28,2021/4/29,2021/4/30,2021/5/3,2021/5/4,2021/5/5,2021/5/6,2021/5/17,2021/4/27,0.0
2211,長榮鋼,2020/08/10,2020/08/28,2020/10/08,2020/10/20,2020/10/27,2021/03/19,2021/3/4,2021/3/5,2021/3/8,2021/3/9,2021/3/10,2021/3/11,2021/3/12,2021/3/15,2021/3/16,2021/3/17,2021/3/18,2021/3/19,2021/3/22,2021/3/23,2021/03/25,2021/4/12,2021/4/13,2021/4/14,2021/4/15,2021/4/16,2021/4/19,2021/4/20,2021/4/21,2021/4/30,2021/4/12,0.0
6776,展碁國際,2020/10/05,2020/10/23,2020/12/02,2020/12/15,2020/12/18,2021/03/11,2021/2/24,2021/2/25,2021/2/26,2021/3/1,2021/3/2,2021/3/3,2021/3/4,2021/3/5,2021/3/8,2021/3/9,2021/3/10,2021/3/11,2021/3/12,2021/3/15,2021/03/17,2021/3/31,2021/4/1,2021/4/2,2021/4/5,2021/4/6,2021/4/7,2021/4/8,2021/4/9,2021/4/20,2021/3/31,0.0
6651,全宇昕,2020/09/03,2020/09/23,2020/11/12,2020/11/20,2020/11/24,2021/01/12,2020/12/28,2020/12/29,2020/12/30,2020/12/31,2021/1/1,2021/1/4,2021/1/5,2021/1/6,2021/1/7,2021/1/8,2021/1/11,2021/1/12,2021/1/13,2021/1/14,2021/01/18,2021/2/1,2021/2/2,2021/2/3,2021/2/4,2021/2/5,2021/2/8,2021/2/9,2021/2/10,2021/2/19,2021/2/1,0.0
6733,博晟生醫,2020/08/11,2020/08/31,2020/10/26,2020/11/20,2020/11/25,2021/01/08,2020/12/24,2020/12/25,2020/12/28,2020/12/29,2020/12/30,2020/12/31,2021/1/1,2021/1/4,2021/1/5,2021/1/6,2021/1/7,2021/1/8,2021/1/11,2021/1/12,2021/01/14,2021/1/28,2021/1/29,2021/2/1,2021/2/2,2021/2/3,2021/2/4,2021/2/5,2021/2/8,2021/2/17,2021/1/28,0.0
6661,威健生技,2020/08/25,2020/09/14,2020/10/29,2020/11/20,2020/11/24,2021/01/07,2020/12/23,2020/12/24,2020/12/25,2020/12/28,2020/12/29,2020/12/30,2020/12/31,2021/1/1,2021/1/4,2021/1/5,2021/1/6,2021/1/7,2021/1/8,2021/1/11,2021/01/13,2021/1/27,2021/1/28,2021/1/29,2021/2/1,2021/2/2,2021/2/3,2021/2/4,2021/2/5,2021/2/16,2021/1/27,0.0
6767,台微醫,2020/08/18,2020/09/07,2020/11/11,2020/11/20,2020/11/25,2021/01/05,2020/12/21,2020/12/22,2020/12/23,2020/12/24,2020/12/25,2020/12/28,2020/12/29,2020/12/30,2020/12/31,2021/1/1,2021/1/4,2021/1/5,2021/1/6,2021/1/7,2021/01/11,2021/1/25,2021/1/26,2021/1/27,2021/1/28,2021/1/29,2021/2/1,2021/2/2,2021/2/3,2021/2/12,2021/1/25,0.0
6712,長聖,2020/08/04,2020/08/24,2020/10/15,2020/10/23,2020/10/28,2020/12/18,2020/12/3,2020/12/4,2020/12/7,2020/12/8,2020/12/9,2020/12/10,2020/12/11,2020/12/14,2020/12/15,2020/12/16,2020/12/17,2020/12/18,2020/12/21,2020/12/22,2020/12/24,2021/1/8,2021/1/9,2021/1/12,2021/1/13,2021/1/14,2021/1/15,2021/1/18,2021/1/19,2021/1/28,2021/1/8,0.0
6751,智聯服務,2020/06/30,2020/07/20,2020/09/18,2020/09/25,2020/09/29,2020/12/07,2020/11/20,2020/11/23,2020/11/24,2020/11/25,2020/11/26,2020/11/27,2020/11/30,2020/12/1,2020/12/2,2020/12/3,2020/12/4,2020/12/7,2020/12/8,2020/12/9,2020/12/11,2020/12/25,2020/12/26,2020/12/29,2020/12/30,2020/12/31,2021/1/1,2021/1/4,2021/1/5,2021/1/14,2020/12/25,0.0
6728,上洋,2020/04/03,2020/04/23,2020/08/20,2020/09/25,2020/09/28,2020/12/07,2020/11/20,2020/11/23,2020/11/24,2020/11/25,2020/11/26,2020/11/27,2020/11/30,2020/12/1,2020/12/2,2020/12/3,2020/12/4,2020/12/7,2020/12/8,2020/12/9,2020/12/11,2020/12/25,2020/12/26,2020/12/29,2020/12/30,2020/12/31,2021/1/1,2021/1/4,2021/1/5,2021/1/14,2020/12/25,0.0
6756,威鋒電子,2020/07/16,2020/08/05,2020/09/14,2020/10/20,2020/10/23,2020/12/04,2020/11/19,2020/11/20,2020/11/23,2020/11/24,2020/11/25,2020/11/26,2020/11/27,2020/11/30,2020/12/1,2020/12/2,2020/12/3,2020/12/4,2020/12/7,2020/12/8,2020/12/10,2020/12/24,2020/12/25,2020/12/28,2020/12/29,2020/12/30,2020/12/31,2021/1/1,2021/1/4,2021/1/13,2020/12/24,0.0
6762,達亞,2020/08/10,2020/08/28,2020/10/14,2020/10/23,2020/10/28,2020/11/30,2020/11/13,2020/11/16,2020/11/17,2020/11/18,2020/11/19,2020/11/20,2020/11/23,2020/11/24,2020/11/25,2020/11/26,2020/11/27,2020/11/30,2020/12/1,2020/12/2,2020/12/04,2020/12/18,2020/12/19,2020/12/22,2020/12/23,2020/12/24,2020/12/25,2020/12/28,2020/12/29,2021/1/7,2020/12/18,0.0
2755,揚秦,2020/06/02,2020/06/22,2020/09/04,2020/09/25,2020/09/28,2020/11/26,2020/11/11,2020/11/12,2020/11/13,2020/11/16,2020/11/17,2020/11/18,2020/11/19,2020/11/20,2020/11/23,2020/11/24,2020/11/25,2020/11/26,2020/11/27,2020/11/30,2020/12/02,2020/12/16,2020/12/17,2020/12/18,2020/12/21,2020/12/22,2020/12/23,2020/12/24,2020/12/25,2021/1/5,2020/12/16,0.0
6743,安普新,2020/08/10,2020/08/28,2020/10/08,2020/10/20,2020/10/28,2020/11/24,2020/11/9,2020/11/10,2020/11/11,2020/11/12,2020/11/13,2020/11/16,2020/11/17,2020/11/18,2020/11/19,2020/11/20,2020/11/23,2020/11/24,2020/11/25,2020/11/26,2020/11/30,2020/12/14,2020/12/15,2020/12/16,2020/12/17,2020/12/18,2020/12/21,2020/12/22,2020/12/23,2021/1/1,2020/12/14,0.0
3138,耀登科技,2020/07/13,2020/07/31,2020/09/08,2020/09/15,2020/09/17,2020/11/23,2020/11/6,2020/11/9,2020/11/10,2020/11/11,2020/11/12,2020/11/13,2020/11/16,2020/11/17,2020/11/18,2020/11/19,2020/11/20,2020/11/23,2020/11/24,2020/11/25,2020/11/27,2020/12/11,2020/12/12,2020/12/15,2020/12/16,2020/12/17,2020/12/18,2020/12/21,2020/12/22,2020/12/31,2020/12/11,0.0
6752,叡揚資訊,2020/07/09,2020/07/29,2020/09/09,2020/09/25,2020/09/28,2020/11/20,2020/11/5,2020/11/6,2020/11/9,2020/11/10,2020/11/11,2020/11/12,2020/11/13,2020/11/16,2020/11/17,2020/11/18,2020/11/19,2020/11/20,2020/11/23,2020/11/24,2020/11/26,2020/12/10,2020/12/11,2020/12/14,2020/12/15,2020/12/16,2020/12/17,2020/12/18,2020/12/21,2020/12/30,2020/12/10,0.0
6727,亞泰金屬,2020/07/02,2020/07/22,2020/08/31,2020/09/25,2020/09/29,2020/11/11,2020/10/27,2020/10/28,2020/10/29,2020/10/30,2020/11/2,2020/11/3,2020/11/4,2020/11/5,2020/11/6,2020/11/9,2020/11/10,2020/11/11,2020/11/12,2020/11/13,2020/11/17,2020/12/1,2020/12/2,2020/12/3,2020/12/4,2020/12/7,2020/12/8,2020/12/9,2020/12/10,2020/12/21,2020/12/1,0.0
1342,八貫,2020/06/04,2020/06/24,2020/08/04,2020/08/25,2020/08/31,2020/11/04,2020/10/20,2020/10/21,2020/10/22,2020/10/23,2020/10/26,2020/10/27,2020/10/28,2020/10/29,2020/10/30,2020/11/2,2020/11/3,2020/11/4,2020/11/5,2020/11/6,2020/11/10,2020/11/24,2020/11/25,2020/11/26,2020/11/27,2020/11/30,2020/12/1,2020/12/2,2020/12/3,2020/12/14,2020/11/24,0.0
4945,陞達科技,2020/05/29,2020/06/18,2020/07/29,2020/08/21,2020/08/25,2020/11/02,2020/10/16,2020/10/19,2020/10/20,2020/10/21,2020/10/22,2020/10/23,2020/10/26,2020/10/27,2020/10/28,2020/10/29,2020/10/30,2020/11/2,2020/11/3,2020/11/4,2020/11/06,2020/11/20,2020/11/21,2020/11/24,2020/11/25,2020/11/26,2020/11/27,2020/11/30,2020/12/1,2020/12/10,2020/11/20,0.0
7556,意德士,2020/06/03,2020/06/23,2020/08/06,2020/08/21,2020/08/25,2020/10/12,2020/9/25,2020/9/28,2020/9/29,2020/9/30,2020/10/1,2020/10/2,2020/10/5,2020/10/6,2020/10/7,2020/10/8,2020/10/9,2020/10/12,2020/10/13,2020/10/14,2020/10/16,2020/10/30,2020/10/31,2020/11/3,2020/11/4,2020/11/5,2020/11/6,2020/11/9,2020/11/10,2020/11/19,2020/10/30,0.0
6703,軒郁,2020/04/07,2020/04/27,2020/06/09,2020/06/19,2020/06/23,2020/09/25,2020/9/10,2020/9/11,2020/9/14,2020/9/15,2020/9/16,2020/9/17,2020/9/18,2020/9/21,2020/9/22,2020/9/23,2020/9/24,2020/9/25,2020/9/28,2020/9/29,2020/10/05,2020/10/20,2020/10/21,2020/10/22,2020/10/23,2020/10/26,2020/10/27,2020/10/28,2020/10/29,2020/11/9,2020/10/20,0.0
2247,汎德永業,2019/11/05,2019/11/25,2020/01/02,2020/01/14,2020/01/17,2020/09/17,2020/9/2,2020/9/3,2020/9/4,2020/9/7,2020/9/8,2020/9/9,2020/9/10,2020/9/11,2020/9/14,2020/9/15,2020/9/16,2020/9/17,2020/9/18,2020/9/21,2020/09/23,2020/10/12,2020/10/13,2020/10/14,2020/10/15,2020/10/16,2020/10/19,2020/10/20,2020/10/21,2020/10/30,2020/10/12,0.0
8089,康全電訊,2020/04/08,2020/04/28,2020/07/08,2020/07/24,2020/07/30,2020/09/03,2020/8/19,2020/8/20,2020/8/21,2020/8/24,2020/8/25,2020/8/26,2020/8/27,2020/8/28,2020/8/31,2020/9/1,2020/9/2,2020/9/3,2020/9/4,2020/9/7,2020/09/09,2020/9/23,2020/9/24,2020/9/25,2020/9/28,2020/9/29,2020/9/30,2020/10/1,2020/10/2,2020/10/13,2020/9/23,0.0
2754,亞洲藏壽司,2019/12/10,2019/12/30,2020/03/02,2020/03/20,2020/03/26,2020/08/28,2020/8/13,2020/8/14,2020/8/17,2020/8/18,2020/8/19,2020/8/20,2020/8/21,2020/8/24,2020/8/25,2020/8/26,2020/8/27,2020/8/28,2020/8/31,2020/9/1,2020/09/03,2020/9/17,2020/9/18,2020/9/21,2020/9/22,2020/9/23,2020/9/24,2020/9/25,2020/9/28,2020/10/7,2020/9/17,0.0
2241,艾姆勒,2020/04/09,2020/04/29,2020/06/04,2020/06/16,2020/06/23,2020/08/06,2020/7/22,2020/7/23,2020/7/24,2020/7/27,2020/7/28,2020/7/29,2020/7/30,2020/7/31,2020/8/3,2020/8/4,2020/8/5,2020/8/6,2020/8/7,2020/8/10,2020/08/13,2020/8/26,2020/8/27,2020/8/28,2020/8/31,2020/9/1,2020/9/2,2020/9/3,2020/9/4,2020/9/15,2020/8/26,0.0
6754,匯僑設計,2020/04/06,2020/04/24,2020/06/03,2020/06/16,2020/06/20,2020/08/05,2020/7/21,2020/7/22,2020/7/23,2020/7/24,2020/7/27,2020/7/28,2020/7/29,2020/7/30,2020/7/31,2020/8/3,2020/8/4,2020/8/5,2020/8/6,2020/8/7,2020/08/11,2020/8/25,2020/8/26,2020/8/27,2020/8/28,2020/8/31,2020/9/1,2020/9/2,2020/9/3,2020/9/14,2020/8/25,0.0
6588,東典光電,2019/11/06,2019/11/26,2020/01/08,2020/01/17,2020/01/21,2020/06/09,2020/5/25,2020/5/26,2020/5/27,2020/5/28,2020/5/29,2020/6/1,2020/6/2,2020/6/3,2020/6/4,2020/6/5,2020/6/8,2020/6/9,2020/6/10,2020/6/11,2020/06/15,2020/7/1,2020/7/2,2020/7/3,2020/7/6,2020/7/7,2020/7/8,2020/7/9,2020/7/10,2020/7/21,2020/7/1,0.0
6732,昇佳電子,2019/11/29,2019/12/19,2020/02/12,2020/02/21,2020/02/26,2020/05/19,2020/5/4,2020/5/5,2020/5/6,2020/5/7,2020/5/8,2020/5/11,2020/5/12,2020/5/13,2020/5/14,2020/5/15,2020/5/18,2020/5/19,2020/5/20,2020/5/21,2020/05/25,2020/6/8,2020/6/9,2020/6/10,2020/6/11,2020/6/12,2020/6/15,2020/6/16,2020/6/17,2020/6/26,2020/6/8,0.0
8284,三竹,2019/11/15,2019/12/05,2020/01/16,2020/02/21,2020/02/26,2020/04/27,2020/4/10,2020/4/13,2020/4/14,2020/4/15,2020/4/16,2020/4/17,2020/4/20,2020/4/21,2020/4/22,2020/4/23,2020/4/24,2020/4/27,2020/4/28,2020/4/29,2020/05/04,2020/5/18,2020/5/19,2020/5/20,2020/5/21,2020/5/22,2020/5/25,2020/5/26,2020/5/27,2020/6/5,2020/5/18,0.0
3543,州巧,2019/10/31,2019/11/20,2019/12/31,2020/01/14,2020/01/17,2020/03/24,2020/3/9,2020/3/10,2020/3/11,2020/3/12,2020/3/13,2020/3/16,2020/3/17,2020/3/18,2020/3/19,2020/3/20,2020/3/23,2020/3/24,2020/3/25,2020/3/26,2020/03/30,2020/4/15,2020/4/16,2020/4/17,2020/4/20,2020/4/21,2020/4/22,2020/4/23,2020/4/24,2020/5/5,2020/4/15,0.0
6716,應廣,2019/10/10,2019/10/30,2019/12/10,2019/12/20,2019/12/24,2020/03/09,2020/2/21,2020/2/24,2020/2/25,2020/2/26,2020/2/27,2020/2/28,2020/3/2,2020/3/3,2020/3/4,2020/3/5,2020/3/6,2020/3/9,2020/3/10,2020/3/11,2020/03/13,2020/3/27,2020/3/28,2020/3/31,2020/4/1,2020/4/2,2020/4/3,2020/4/6,2020/4/7,2020/4/16,2020/3/27,0.0
2743,山富,2019/09/17,2019/10/07,2019/12/02,2019/12/20,2019/12/24,2020/02/17,2020/1/31,2020/2/3,2020/2/4,2020/2/5,2020/2/6,2020/2/7,2020/2/10,2020/2/11,2020/2/12,2020/2/13,2020/2/14,2020/2/17,2020/2/18,2020/2/19,2020/02/21,2020/3/9,2020/3/10,2020/3/11,2020/3/12,2020/3/13,2020/3/16,2020/3/17,2020/3/18,2020/3/27,2020/3/9,0.0
3597,映興電子,2019/09/05,2019/09/25,2019/11/11,2019/11/22,2019/11/28,2020/02/17,2020/1/31,2020/2/3,2020/2/4,2020/2/5,2020/2/6,2020/2/7,2020/2/10,2020/2/11,2020/2/12,2020/2/13,2020/2/14,2020/2/17,2020/2/18,2020/2/19,2020/02/21,2020/3/9,2020/3/10,2020/3/11,2020/3/12,2020/3/13,2020/3/16,2020/3/17,2020/3/18,2020/3/27,2020/3/9,0.0
4580,捷流閥業,2019/08/14,2019/09/03,2019/10/15,2019/10/25,2019/10/28,2019/12/16,2019/11/29,2019/12/2,2019/12/3,2019/12/4,2019/12/5,2019/12/6,2019/12/9,2019/12/10,2019/12/11,2019/12/12,2019/12/13,2019/12/16,2019/12/17,2019/12/18,2019/12/20,2020/1/6,2020/1/7,2020/1/8,2020/1/9,2020/1/10,2020/1/13,2020/1/14,2020/1/15,2020/1/24,2020/1/6,0.0
6697,東捷資訊,2019/08/05,2019/08/23,2019/10/03,2019/10/25,2019/10/28,2019/12/06,2019/11/21,2019/11/22,2019/11/25,2019/11/26,2019/11/27,2019/11/28,2019/11/29,2019/12/2,2019/12/3,2019/12/4,2019/12/5,2019/12/6,2019/12/9,2019/12/10,2019/12/12,2019/12/26,2019/12/27,2019/12/30,2019/12/31,2020/1/1,2020/1/2,2020/1/3,2020/1/6,2020/1/15,2019/12/26,0.0
6527,明達醫,2019/08/09,2019/08/29,2019/10/17,2019/10/25,2019/10/28,2019/12/05,2019/11/20,2019/11/21,2019/11/22,2019/11/25,2019/11/26,2019/11/27,2019/11/28,2019/11/29,2019/12/2,2019/12/3,2019/12/4,2019/12/5,2019/12/6,2019/12/9,2019/12/11,2019/12/25,2019/12/26,2019/12/27,2019/12/30,2019/12/31,2020/1/1,2020/1/2,2020/1/3,2020/1/14,2019/12/25,0.0
6706,惠特科技,2019/09/05,2019/09/25,2019/10/22,2019/10/29,2019/10/31,2019/11/29,2019/11/14,2019/11/15,2019/11/18,2019/11/19,2019/11/20,2019/11/21,2019/11/22,2019/11/25,2019/11/26,2019/11/27,2019/11/28,2019/11/29,2019/12/2,2019/12/3,2019/12/05,2019/12/19,2019/12/20,2019/12/23,2019/12/24,2019/12/25,2019/12/26,2019/12/27,2019/12/30,2020/1/8,2019/12/19,0.0
6715,嘉基,2019/06/21,2019/07/11,2019/08/21,2019/08/27,2019/08/30,2019/11/22,2019/11/7,2019/11/8,2019/11/11,2019/11/12,2019/11/13,2019/11/14,2019/11/15,2019/11/18,2019/11/19,2019/11/20,2019/11/21,2019/11/22,2019/11/25,2019/11/26,2019/11/28,2019/12/12,2019/12/13,2019/12/16,2019/12/17,2019/12/18,2019/12/19,2019/12/20,2019/12/23,2020/1/1,2019/12/12,0.0
6592,和潤企業,2019/09/11,2019/10/01,2019/10/17,2019/10/29,2019/10/30,2019/11/19,2019/11/4,2019/11/5,2019/11/6,2019/11/7,2019/11/8,2019/11/11,2019/11/12,2019/11/13,2019/11/14,2019/11/15,2019/11/18,2019/11/19,2019/11/20,2019/11/21,2019/11/25,2019/12/9,2019/12/10,2019/12/11,2019/12/12,2019/12/13,2019/12/16,2019/12/17,2019/12/18,2019/12/27,2019/12/9,0.0
6698,旭暉應材,2019/06/05,2019/06/25,2019/08/02,2019/08/27,2019/09/02,2019/11/05,2019/10/21,2019/10/22,2019/10/23,2019/10/24,2019/10/25,2019/10/28,2019/10/29,2019/10/30,2019/10/31,2019/11/1,2019/11/4,2019/11/5,2019/11/6,2019/11/7,2019/11/11,2019/11/25,2019/11/26,2019/11/27,2019/11/28,2019/11/29,2019/12/2,2019/12/3,2019/12/4,2019/12/13,2019/11/25,0.0
6690,安碁資訊,2019/06/10,2019/06/28,2019/08/08,2019/08/23,2019/08/29,2019/10/08,2019/9/25,2019/9/26,2019/9/27,2019/9/30,2019/10/1,2019/10/2,2019/10/3,2019/10/4,2019/10/7,2019/10/8,2019/10/9,2019/10/10,2019/10/11,2019/10/14,2019/10/16,2019/10/30,2019/10/31,2019/11/1,2019/11/4,2019/11/5,2019/11/6,2019/11/7,2019/11/8,2019/11/19,2019/10/30,0.0
6491,晶碩,2019/05/13,2019/05/31,2019/07/05,2019/07/16,2019/07/22,2019/09/17,2019/9/2,2019/9/3,2019/9/4,2019/9/5,2019/9/6,2019/9/9,2019/9/10,2019/9/11,2019/9/12,2019/9/13,2019/9/16,2019/9/17,2019/9/18,2019/9/19,2019/09/23,2019/10/7,2019/10/8,2019/10/9,2019/10/10,2019/10/11,2019/10/14,2019/10/15,2019/10/16,2019/10/25,2019/10/7,0.0
2752,豆府,2019/05/08,2019/05/28,2019/07/12,2019/07/19,2019/07/26,2019/09/04,2019/8/20,2019/8/21,2019/8/22,2019/8/23,2019/8/26,2019/8/27,2019/8/28,2019/8/29,2019/8/30,2019/9/2,2019/9/3,2019/9/4,2019/9/5,2019/9/6,2019/09/10,2019/9/25,2019/9/26,2019/9/27,2019/9/30,2019/10/1,2019/10/2,2019/10/3,2019/10/4,2019/10/15,2019/9/25,0.0
6642,富致,2019/03/22,2019/04/11,2019/05/27,2019/06/21,2019/06/27,2019/09/02,2019/8/16,2019/8/19,2019/8/20,2019/8/21,2019/8/22,2019/8/23,2019/8/26,2019/8/27,2019/8/28,2019/8/29,2019/8/30,2019/9/2,2019/9/3,2019/9/4,2019/09/06,2019/9/23,2019/9/24,2019/9/25,2019/9/26,2019/9/27,2019/9/30,2019/10/1,2019/10/2,2019/10/11,2019/9/23,0.0
4931,新盛力,2019/04/08,2019/04/26,2019/06/14,2019/06/21,2019/06/27,2019/08/27,2019/8/12,2019/8/13,2019/8/14,2019/8/15,2019/8/16,2019/8/19,2019/8/20,2019/8/21,2019/8/22,2019/8/23,2019/8/26,2019/8/27,2019/8/28,2019/8/29,2019/09/02,2019/9/17,2019/9/18,2019/9/19,2019/9/20,2019/9/23,2019/9/24,2019/9/25,2019/9/26,2019/10/7,2019/9/17,0.0
6680,鑫創電子,2019/03/22,2019/04/11,2019/05/23,2019/06/21,2019/06/27,2019/08/26,2019/8/9,2019/8/12,2019/8/13,2019/8/14,2019/8/15,2019/8/16,2019/8/19,2019/8/20,2019/8/21,2019/8/22,2019/8/23,2019/8/26,2019/8/27,2019/8/28,2019/08/30,2019/9/16,2019/9/17,2019/9/18,2019/9/19,2019/9/20,2019/9/23,2019/9/24,2019/9/25,2019/10/4,2019/9/16,0.0
4572,駐龍,2019/03/28,2019/04/17,2019/05/27,2019/06/18,2019/06/25,2019/08/21,2019/8/6,2019/8/7,2019/8/8,2019/8/9,2019/8/12,2019/8/13,2019/8/14,2019/8/15,2019/8/16,2019/8/19,2019/8/20,2019/8/21,2019/8/22,2019/8/23,2019/08/27,2019/9/10,2019/9/11,2019/9/12,2019/9/13,2019/9/16,2019/9/17,2019/9/18,2019/9/19,2019/9/30,2019/9/10,0.0
4576,大銀微系統,2019/04/10,2019/04/30,2019/06/06,2019/06/18,2019/06/21,2019/08/15,2019/7/31,2019/8/1,2019/8/2,2019/8/5,2019/8/6,2019/8/7,2019/8/8,2019/8/9,2019/8/12,2019/8/13,2019/8/14,2019/8/15,2019/8/16,2019/8/19,2019/08/21,2019/9/4,2019/9/5,2019/9/6,2019/9/9,2019/9/10,2019/9/11,2019/9/12,2019/9/13,2019/9/24,2019/9/4,0.0
6589,台康生技,2018/11/28,2018/12/18,2019/03/12,2019/03/22,2019/03/28,2019/06/10,2019/5/24,2019/5/27,2019/5/28,2019/5/29,2019/5/30,2019/5/31,2019/6/3,2019/6/4,2019/6/5,2019/6/6,2019/6/7,2019/6/10,2019/6/11,2019/6/12,2019/06/14,2019/6/28,2019/6/29,2019/7/2,2019/7/3,2019/7/4,2019/7/5,2019/7/8,2019/7/9,2019/7/18,2019/6/28,0.0
6649,台生材,2018/11/12,2018/11/30,2019/01/19,2019/01/25,2019/01/30,2019/05/16,2019/5/1,2019/5/2,2019/5/3,2019/5/6,2019/5/7,2019/5/8,2019/5/9,2019/5/10,2019/5/13,2019/5/14,2019/5/15,2019/5/16,2019/5/17,2019/5/20,2019/05/22,2019/6/5,2019/6/6,2019/6/7,2019/6/10,2019/6/11,2019/6/12,2019/6/13,2019/6/14,2019/6/25,2019/6/5,0.0
6624,萬年清,2018/11/15,2018/12/05,2019/01/29,2019/02/22,2019/03/05,2019/05/08,2019/4/23,2019/4/24,2019/4/25,2019/4/26,2019/4/29,2019/4/30,2019/5/1,2019/5/2,2019/5/3,2019/5/6,2019/5/7,2019/5/8,2019/5/9,2019/5/10,2019/05/14,2019/5/28,2019/5/29,2019/5/30,2019/5/31,2019/6/3,2019/6/4,2019/6/5,2019/6/6,2019/6/17,2019/5/28,0.0
5283,禾聯碩,2018/10/22,2018/11/09,2019/01/18,2019/02/26,2019/02/27,2019/05/06,2019/4/19,2019/4/22,2019/4/23,2019/4/24,2019/4/25,2019/4/26,2019/4/29,2019/4/30,2019/5/1,2019/5/2,2019/5/3,2019/5/6,2019/5/7,2019/5/8,2019/05/10,2019/5/24,2019/5/25,2019/5/28,2019/5/29,2019/5/30,2019/5/31,2019/6/3,2019/6/4,2019/6/13,2019/5/24,0.0
6679,鈺太科技,2018/11/06,2018/11/26,2019/02/13,2019/02/22,2019/03/05,2019/04/18,2019/4/3,2019/4/4,2019/4/5,2019/4/8,2019/4/9,2019/4/10,2019/4/11,2019/4/12,2019/4/15,2019/4/16,2019/4/17,2019/4/18,2019/4/19,2019/4/22,2019/04/24,2019/5/9,2019/5/10,2019/5/13,2019/5/14,2019/5/15,2019/5/16,2019/5/17,2019/5/20,2019/5/29,2019/5/9,0.0
6516,勤崴,2018/11/02,2018/11/22,2019/01/16,2019/01/25,2019/01/30,2019/04/15,2019/3/29,2019/4/1,2019/4/2,2019/4/3,2019/4/4,2019/4/5,2019/4/8,2019/4/9,2019/4/10,2019/4/11,2019/4/12,2019/4/15,2019/4/16,2019/4/17,2019/04/19,2019/5/6,2019/5/7,2019/5/8,2019/5/9,2019/5/10,2019/5/13,2019/5/14,2019/5/15,2019/5/24,2019/5/6,0.0
6683,雍智科技,2018/11/21,2018/12/11,2019/01/23,2019/02/22,2019/03/05,2019/04/01,2019/3/15,2019/3/18,2019/3/19,2019/3/20,2019/3/21,2019/3/22,2019/3/25,2019/3/26,2019/3/27,2019/3/28,2019/3/29,2019/4/1,2019/4/2,2019/4/3,2019/04/09,2019/4/23,2019/4/24,2019/4/25,2019/4/26,2019/4/29,2019/4/30,2019/5/1,2019/5/2,2019/5/13,2019/4/23,0.0
6669,緯穎,2018/07/11,2018/07/31,2018/12/10,2018/12/18,2018/12/22,2019/03/07,2019/2/20,2019/2/21,2019/2/22,2019/2/25,2019/2/26,2019/2/27,2019/2/28,2019/3/1,2019/3/4,2019/3/5,2019/3/6,2019/3/7,2019/3/8,2019/3/11,2019/03/13,2019/3/27,2019/3/28,2019/3/29,2019/4/1,2019/4/2,2019/4/3,2019/4/4,2019/4/5,2019/4/16,2019/3/27,0.0
6662,樂斯科,2018/09/19,2018/10/09,2018/12/05,2018/12/21,2018/12/25,2019/03/06,2019/2/19,2019/2/20,2019/2/21,2019/2/22,2019/2/25,2019/2/26,2019/2/27,2019/2/28,2019/3/1,2019/3/4,2019/3/5,2019/3/6,2019/3/7,2019/3/8,2019/03/12,2019/3/26,2019/3/27,2019/3/28,2019/3/29,2019/4/1,2019/4/2,2019/4/3,2019/4/4,2019/4/15,2019/3/26,0.0
4760,勤凱,2018/09/26,2018/10/16,2018/11/30,2018/12/21,2018/12/25,2019/02/27,2019/2/14,2019/2/15,2019/2/18,2019/2/19,2019/2/20,2019/2/21,2019/2/22,2019/2/25,2019/2/26,2019/2/27,2019/2/28,2019/3/1,2019/3/4,2019/3/5,2019/03/07,2019/3/21,2019/3/22,2019/3/25,2019/3/26,2019/3/27,2019/3/28,2019/3/29,2019/4/1,2019/4/10,2019/3/21,0.0
4564,元翎,2018/09/26,2018/10/16,2018/11/26,2018/12/18,2018/12/21,2019/02/13,2019/1/29,2019/1/30,2019/1/31,2019/2/1,2019/2/4,2019/2/5,2019/2/6,2019/2/7,2019/2/8,2019/2/11,2019/2/12,2019/2/13,2019/2/14,2019/2/15,2019/02/19,2019/3/7,2019/3/8,2019/3/11,2019/3/12,2019/3/13,2019/3/14,2019/3/15,2019/3/18,2019/3/27,2019/3/7,0.0
6418,詠昇,2018/09/06,2018/09/26,2018/11/07,2018/11/23,2018/11/28,2019/01/18,2019/1/3,2019/1/4,2019/1/7,2019/1/8,2019/1/9,2019/1/10,2019/1/11,2019/1/14,2019/1/15,2019/1/16,2019/1/17,2019/1/18,2019/1/21,2019/1/22,2019/01/24,2019/2/18,2019/2/19,2019/2/20,2019/2/21,2019/2/22,2019/2/25,2019/2/26,2019/2/27,2019/3/8,2019/2/18,0.0
6643,M31,2018/07/06,2018/07/26,2018/08/28,2018/09/21,2018/10/01,2019/01/03,2018/12/19,2018/12/20,2018/12/21,2018/12/24,2018/12/25,2018/12/26,2018/12/27,2018/12/28,2018/12/31,2019/1/1,2019/1/2,2019/1/3,2019/1/4,2019/1/7,2019/01/09,2019/1/23,2019/1/24,2019/1/25,2019/1/28,2019/1/29,2019/1/30,2019/1/31,2019/2/1,2019/2/12,2019/1/23,0.0
4538,大詠城,2018/07/11,2018/07/31,2018/09/11,2018/09/21,2018/10/01,2018/12/24,2018/12/7,2018/12/10,2018/12/11,2018/12/12,2018/12/13,2018/12/14,2018/12/17,2018/12/18,2018/12/19,2018/12/20,2018/12/21,2018/12/24,2018/12/25,2018/12/26,2018/12/28,2019/1/15,2019/1/16,2019/1/17,2019/1/18,2019/1/21,2019/1/22,2019/1/23,2019/1/24,2019/2/4,2019/1/15,0.0
4967,十銓,2018/08/21,2018/09/10,2018/10/17,2018/11/20,2018/11/21,2018/12/22,2018/12/6,2018/12/7,2018/12/10,2018/12/11,2018/12/12,2018/12/13,2018/12/14,2018/12/17,2018/12/18,2018/12/19,2018/12/20,2018/12/21,2018/12/24,2018/12/25,2018/12/27,2019/1/14,2019/1/15,2019/1/16,2019/1/17,2019/1/18,2019/1/21,2019/1/22,2019/1/23,2019/2/1,2019/1/14,0.0
6590,普鴻,2018/07/11,2018/07/31,2018/09/13,2018/09/21,2018/10/01,2018/12/05,2018/11/20,2018/11/21,2018/11/22,2018/11/23,2018/11/26,2018/11/27,2018/11/28,2018/11/29,2018/11/30,2018/12/3,2018/12/4,2018/12/5,2018/12/6,2018/12/7,2018/12/11,2018/12/24,2018/12/25,2018/12/26,2018/12/27,2018/12/28,2018/12/31,2019/1/1,2019/1/2,2019/1/11,2018/12/24,0.0
6670,復盛應用,2018/07/02,2018/07/20,2018/08/30,2018/09/18,2018/09/19,2018/11/28,2018/11/13,2018/11/14,2018/11/15,2018/11/16,2018/11/19,2018/11/20,2018/11/21,2018/11/22,2018/11/23,2018/11/26,2018/11/27,2018/11/28,2018/11/29,2018/11/30,2018/12/04,2018/12/18,2018/12/19,2018/12/20,2018/12/21,2018/12/24,2018/12/25,2018/12/26,2018/12/27,2019/1/7,2018/12/18,0.0
2070,精湛,2018/07/09,2018/07/27,2018/09/12,2018/09/21,2018/10/01,2018/11/27,2018/11/12,2018/11/13,2018/11/14,2018/11/15,2018/11/16,2018/11/19,2018/11/20,2018/11/21,2018/11/22,2018/11/23,2018/11/26,2018/11/27,2018/11/28,2018/11/29,2018/12/03,2018/12/17,2018/12/18,2018/12/19,2018/12/20,2018/12/21,2018/12/24,2018/12/25,2018/12/26,2019/1/4,2018/12/17,0.0
6668,中揚光,2018/08/03,2018/08/23,2018/10/03,2018/10/16,2018/10/18,2018/11/22,2018/11/7,2018/11/8,2018/11/9,2018/11/12,2018/11/13,2018/11/14,2018/11/15,2018/11/16,2018/11/19,2018/11/20,2018/11/21,2018/11/22,2018/11/23,2018/11/26,2018/11/28,2018/12/12,2018/12/13,2018/12/14,2018/12/17,2018/12/18,2018/12/19,2018/12/20,2018/12/21,2019/1/1,2018/12/12,0.0
6671,三能-KY,2018/06/05,2018/06/25,2018/08/03,2018/08/28,2018/09/05,2018/11/21,2018/11/6,2018/11/7,2018/11/8,2018/11/9,2018/11/12,2018/11/13,2018/11/14,2018/11/15,2018/11/16,2018/11/19,2018/11/20,2018/11/21,2018/11/22,2018/11/23,2018/11/27,2018/12/11,2018/12/12,2018/12/13,2018/12/14,2018/12/17,2018/12/18,2018/12/19,2018/12/20,2018/12/31,2018/12/11,0.0
6558,興能高,2018/07/09,2018/07/27,2018/08/31,2018/09/18,2018/09/19,2018/11/15,2018/10/31,2018/11/1,2018/11/2,2018/11/5,2018/11/6,2018/11/7,2018/11/8,2018/11/9,2018/11/12,2018/11/13,2018/11/14,2018/11/15,2018/11/16,2018/11/19,2018/11/21,2018/12/5,2018/12/6,2018/12/7,2018/12/10,2018/12/11,2018/12/12,2018/12/13,2018/12/14,2018/12/25,2018/12/5,0.0
4766,南寶,2018/06/28,2018/07/18,2018/08/27,2018/09/18,2018/09/19,2018/11/08,2018/10/24,2018/10/25,2018/10/26,2018/10/29,2018/10/30,2018/10/31,2018/11/1,2018/11/2,2018/11/5,2018/11/6,2018/11/7,2018/11/8,2018/11/9,2018/11/12,2018/11/14,2018/11/28,2018/11/29,2018/11/30,2018/12/3,2018/12/4,2018/12/5,2018/12/6,2018/12/7,2018/12/18,2018/11/28,0.0
6674,鋐寶科技,2018/06/28,2018/07/18,2018/08/24,2018/09/18,2018/09/19,2018/11/08,2018/10/24,2018/10/25,2018/10/26,2018/10/29,2018/10/30,2018/10/31,2018/11/1,2018/11/2,2018/11/5,2018/11/6,2018/11/7,2018/11/8,2018/11/9,2018/11/12,2018/11/14,2018/11/28,2018/11/29,2018/11/30,2018/12/3,2018/12/4,2018/12/5,2018/12/6,2018/12/7,2018/12/18,2018/11/28,0.0
6655,科定,2018/06/11,2018/06/29,2018/08/09,2018/08/28,2018/08/29,2018/11/08,2018/10/24,2018/10/25,2018/10/26,2018/10/29,2018/10/30,2018/10/31,2018/11/1,2018/11/2,2018/11/5,2018/11/6,2018/11/7,2018/11/8,2018/11/9,2018/11/12,2018/11/14,2018/11/28,2018/11/29,2018/11/30,2018/12/3,2018/12/4,2018/12/5,2018/12/6,2018/12/7,2018/12/18,2018/11/28,0.0
3178,公準,2018/04/06,2018/04/26,2018/08/03,2018/08/24,2018/08/29,2018/10/30,2018/10/15,2018/10/16,2018/10/17,2018/10/18,2018/10/19,2018/10/22,2018/10/23,2018/10/24,2018/10/25,2018/10/26,2018/10/29,2018/10/30,2018/10/31,2018/11/1,2018/11/05,2018/11/19,2018/11/20,2018/11/21,2018/11/22,2018/11/23,2018/11/26,2018/11/27,2018/11/28,2018/12/7,2018/11/19,0.0
6667,信紘,2018/06/06,2018/06/26,2018/08/15,2018/08/24,2018/08/29,2018/10/24,2018/10/9,2018/10/10,2018/10/11,2018/10/12,2018/10/15,2018/10/16,2018/10/17,2018/10/18,2018/10/19,2018/10/22,2018/10/23,2018/10/24,2018/10/25,2018/10/26,2018/10/30,2018/11/13,2018/11/14,2018/11/15,2018/11/16,2018/11/19,2018/11/20,2018/11/21,2018/11/22,2018/12/3,2018/11/13,0.0
4767,誠泰科技,2018/05/22,2018/06/11,2018/07/25,2018/08/24,2018/08/29,2018/10/08,2018/9/24,2018/9/25,2018/9/26,2018/9/27,2018/9/28,2018/10/1,2018/10/2,2018/10/3,2018/10/4,2018/10/5,2018/10/8,2018/10/9,2018/10/10,2018/10/11,2018/10/15,2018/10/29,2018/10/30,2018/10/31,2018/11/1,2018/11/2,2018/11/5,2018/11/6,2018/11/7,2018/11/16,2018/10/29,0.0
6654,天正國際,2018/05/15,2018/06/04,2018/08/02,2018/08/24,2018/08/29,2018/10/02,2018/9/17,2018/9/18,2018/9/19,2018/9/20,2018/9/21,2018/9/24,2018/9/25,2018/9/26,2018/9/27,2018/9/28,2018/10/1,2018/10/2,2018/10/3,2018/10/4,2018/10/08,2018/10/23,2018/10/24,2018/10/25,2018/10/26,2018/10/29,2018/10/30,2018/10/31,2018/11/1,2018/11/12,2018/10/23,0.0
6640,均華,2018/06/15,2018/07/05,2018/08/16,2018/08/24,2018/08/29,2018/10/02,2018/9/17,2018/9/18,2018/9/19,2018/9/20,2018/9/21,2018/9/24,2018/9/25,2018/9/26,2018/9/27,2018/9/28,2018/10/1,2018/10/2,2018/10/3,2018/10/4,2018/10/08,2018/10/23,2018/10/24,2018/10/25,2018/10/26,2018/10/29,2018/10/30,2018/10/31,2018/11/1,2018/11/12,2018/10/23,0.0
5876,上海商銀,2018/04/06,2018/04/26,2018/05/30,2018/06/19,2018/06/21,2018/09/28,2018/9/13,2018/9/14,2018/9/17,2018/9/18,2018/9/19,2018/9/20,2018/9/21,2018/9/24,2018/9/25,2018/9/26,2018/9/27,2018/9/28,2018/10/1,2018/10/2,2018/10/04,2018/10/19,2018/10/20,2018/10/23,2018/10/24,2018/10/25,2018/10/26,2018/10/29,2018/10/30,2018/11/8,2018/10/19,0.0
4961,天鈺,2018/06/14,2018/07/04,2018/08/10,2018/08/28,2018/08/29,2018/09/26,2018/9/11,2018/9/12,2018/9/13,2018/9/14,2018/9/17,2018/9/18,2018/9/19,2018/9/20,2018/9/21,2018/9/24,2018/9/25,2018/9/26,2018/9/27,2018/9/28,2018/10/02,2018/10/17,2018/10/18,2018/10/19,2018/10/22,2018/10/23,2018/10/24,2018/10/25,2018/10/26,2018/11/6,2018/10/17,0.0
4568,科際精密,2018/05/10,2018/05/30,2018/07/12,2018/07/20,2018/07/26,2018/09/12,2018/8/28,2018/8/29,2018/8/30,2018/8/31,2018/9/3,2018/9/4,2018/9/5,2018/9/6,2018/9/7,2018/9/10,2018/9/11,2018/9/12,2018/9/13,2018/9/14,2018/09/18,2018/10/3,2018/10/4,2018/10/5,2018/10/8,2018/10/9,2018/10/10,2018/10/11,2018/10/12,2018/10/23,2018/10/3,0.0
6578,達邦蛋白,2018/03/21,2018/04/10,2018/05/23,2018/06/22,2018/06/25,2018/08/29,2018/8/14,2018/8/15,2018/8/16,2018/8/17,2018/8/20,2018/8/21,2018/8/22,2018/8/23,2018/8/24,2018/8/27,2018/8/28,2018/8/29,2018/8/30,2018/8/31,2018/09/04,2018/9/18,2018/9/19,2018/9/20,2018/9/21,2018/9/24,2018/9/25,2018/9/26,2018/9/27,2018/10/8,2018/9/18,0.0
6664,群翊,2018/04/06,2018/04/26,2018/05/25,2018/06/22,2018/06/25,2018/08/21,2018/8/6,2018/8/7,2018/8/8,2018/8/9,2018/8/10,2018/8/13,2018/8/14,2018/8/15,2018/8/16,2018/8/17,2018/8/20,2018/8/21,2018/8/22,2018/8/23,2018/08/30,2018/9/12,2018/9/13,2018/9/14,2018/9/17,2018/9/18,2018/9/19,2018/9/20,2018/9/21,2018/10/2,2018/9/12,0.0
8367,建新國際,2018/03/27,2018/04/16,2018/05/31,2018/06/19,2018/06/21,2018/08/21,2018/8/6,2018/8/7,2018/8/8,2018/8/9,2018/8/10,2018/8/13,2018/8/14,2018/8/15,2018/8/16,2018/8/17,2018/8/20,2018/8/21,2018/8/22,2018/8/23,2018/08/30,2018/9/12,2018/9/13,2018/9/14,2018/9/17,2018/9/18,2018/9/19,2018/9/20,2018/9/21,2018/10/2,2018/9/12,0.0
4540,全球,2018/04/06,2018/04/26,2018/05/30,2018/06/19,2018/06/21,2018/07/26,2018/7/11,2018/7/12,2018/7/13,2018/7/16,2018/7/17,2018/7/18,2018/7/19,2018/7/20,2018/7/23,2018/7/24,2018/7/25,2018/7/26,2018/7/27,2018/7/30,2018/08/01,2018/8/15,2018/8/16,2018/8/17,2018/8/20,2018/8/21,2018/8/22,2018/8/23,2018/8/24,2018/9/4,2018/8/15,0.0
1240,茂生農經,2018/03/06,2018/03/26,2018/05/03,2018/05/25,2018/05/31,2018/07/19,2018/7/4,2018/7/5,2018/7/6,2018/7/9,2018/7/10,2018/7/11,2018/7/12,2018/7/13,2018/7/16,2018/7/17,2018/7/18,2018/7/19,2018/7/20,2018/7/23,2018/07/25,2018/8/8,2018/8/9,2018/8/10,2018/8/13,2018/8/14,2018/8/15,2018/8/16,2018/8/17,2018/8/28,2018/8/8,0.0
6612,奈米醫材,2017/12/04,2017/12/22,2018/04/10,2018/04/27,2018/05/03,2018/06/28,2018/6/13,2018/6/14,2018/6/15,2018/6/18,2018/6/19,2018/6/20,2018/6/21,2018/6/22,2018/6/25,2018/6/26,2018/6/27,2018/6/28,2018/6/29,2018/7/2,2018/07/04,2018/7/18,2018/7/19,2018/7/20,2018/7/23,2018/7/24,2018/7/25,2018/7/26,2018/7/27,2018/8/7,2018/7/18,0.0
3530,晶相光,2017/12/08,2017/12/28,2018/05/04,2018/05/15,2018/05/17,2018/06/26,2018/6/11,2018/6/12,2018/6/13,2018/6/14,2018/6/15,2018/6/18,2018/6/19,2018/6/20,2018/6/21,2018/6/22,2018/6/25,2018/6/26,2018/6/27,2018/6/28,2018/07/02,2018/7/16,2018/7/17,2018/7/18,2018/7/19,2018/7/20,2018/7/23,2018/7/24,2018/7/25,2018/8/3,2018/7/16,0.0
4744,皇將,2018/02/07,2018/02/27,2018/05/03,2018/05/25,2018/05/31,2018/06/22,2018/6/7,2018/6/8,2018/6/11,2018/6/12,2018/6/13,2018/6/14,2018/6/15,2018/6/18,2018/6/19,2018/6/20,2018/6/21,2018/6/22,2018/6/25,2018/6/26,2018/06/28,2018/7/12,2018/7/13,2018/7/16,2018/7/17,2018/7/18,2018/7/19,2018/7/20,2018/7/23,2018/8/1,2018/7/12,0.0
4563,百德,2017/12/04,2017/12/22,2018/02/22,2018/03/23,2018/03/29,2018/06/22,2018/6/7,2018/6/8,2018/6/11,2018/6/12,2018/6/13,2018/6/14,2018/6/15,2018/6/18,2018/6/19,2018/6/20,2018/6/21,2018/6/22,2018/6/25,2018/6/26,2018/06/28,2018/7/12,2018/7/13,2018/7/16,2018/7/17,2018/7/18,2018/7/19,2018/7/20,2018/7/23,2018/8/1,2018/7/12,0.0
8028,昇陽半,2017/12/08,2017/12/28,2018/02/22,2018/04/24,2018/04/26,2018/06/20,2018/6/5,2018/6/6,2018/6/7,2018/6/8,2018/6/11,2018/6/12,2018/6/13,2018/6/14,2018/6/15,2018/6/18,2018/6/19,2018/6/20,2018/6/21,2018/6/22,2018/06/26,2018/7/10,2018/7/11,2018/7/12,2018/7/13,2018/7/16,2018/7/17,2018/7/18,2018/7/19,2018/7/30,2018/7/10,0.0
6576,逸達,2017/08/15,2017/09/04,2018/04/17,2018/04/27,2018/05/04,2018/06/08,2018/5/24,2018/5/25,2018/5/28,2018/5/29,2018/5/30,2018/5/31,2018/6/1,2018/6/4,2018/6/5,2018/6/6,2018/6/7,2018/6/8,2018/6/11,2018/6/12,2018/06/14,2018/6/29,2018/6/30,2018/7/3,2018/7/4,2018/7/5,2018/7/6,2018/7/9,2018/7/10,2018/7/19,2018/6/29,0.0
4989,榮科,2017/12/07,2017/12/27,2018/02/13,2018/03/27,2018/03/29,2018/06/07,2018/5/23,2018/5/24,2018/5/25,2018/5/28,2018/5/29,2018/5/30,2018/5/31,2018/6/1,2018/6/4,2018/6/5,2018/6/6,2018/6/7,2018/6/8,2018/6/11,2018/06/13,2018/6/28,2018/6/29,2018/7/2,2018/7/3,2018/7/4,2018/7/5,2018/7/6,2018/7/9,2018/7/18,2018/6/28,0.0
4561,健椿,2017/11/08,2017/11/28,2018/03/07,2018/03/23,2018/03/29,2018/05/22,2018/5/7,2018/5/8,2018/5/9,2018/5/10,2018/5/11,2018/5/14,2018/5/15,2018/5/16,2018/5/17,2018/5/18,2018/5/21,2018/5/22,2018/5/23,2018/5/24,2018/05/28,2018/6/11,2018/6/12,2018/6/13,2018/6/14,2018/6/15,2018/6/18,2018/6/19,2018/6/20,2018/6/29,2018/6/11,0.0
6561,是方,2017/12/11,2017/12/29,2018/03/14,2018/03/23,2018/03/29,2018/05/16,2018/5/1,2018/5/2,2018/5/3,2018/5/4,2018/5/7,2018/5/8,2018/5/9,2018/5/10,2018/5/11,2018/5/14,2018/5/15,2018/5/16,2018/5/17,2018/5/18,2018/05/22,2018/6/5,2018/6/6,2018/6/7,2018/6/8,2018/6/11,2018/6/12,2018/6/13,2018/6/14,2018/6/25,2018/6/5,0.0
3147,大綜電腦系統,2017/12/08,2017/12/28,2018/03/13,2018/03/23,2018/03/29,2018/05/09,2018/4/24,2018/4/25,2018/4/26,2018/4/27,2018/4/30,2018/5/1,2018/5/2,2018/5/3,2018/5/4,2018/5/7,2018/5/8,2018/5/9,2018/5/10,2018/5/11,2018/05/15,2018/5/29,2018/5/30,2018/5/31,2018/6/1,2018/6/4,2018/6/5,2018/6/6,2018/6/7,2018/6/18,2018/5/29,0.0
6288,聯嘉,2017/08/15,2017/09/04,2017/12/28,2018/01/16,2018/01/18,2018/04/18,2018/4/3,2018/4/4,2018/4/5,2018/4/6,2018/4/9,2018/4/10,2018/4/11,2018/4/12,2018/4/13,2018/4/16,2018/4/17,2018/4/18,2018/4/19,2018/4/20,2018/04/24,2018/5/9,2018/5/10,2018/5/11,2018/5/14,2018/5/15,2018/5/16,2018/5/17,2018/5/18,2018/5/29,2018/5/9,0.0
5220,萬達光電,2017/09/29,2017/10/19,2017/12/25,2018/01/26,2018/02/02,2018/04/03,2018/3/22,2018/3/23,2018/3/26,2018/3/27,2018/3/28,2018/3/29,2018/3/30,2018/4/2,2018/4/3,2018/4/4,2018/4/5,2018/4/6,2018/4/9,2018/4/10,2018/04/12,2018/4/26,2018/4/27,2018/4/30,2018/5/1,2018/5/2,2018/5/3,2018/5/4,2018/5/7,2018/5/16,2018/4/26,0.0
1587,吉茂精密,2017/09/06,2017/09/26,2017/11/20,2017/12/19,2017/12/20,2018/03/23,2018/3/8,2018/3/9,2018/3/12,2018/3/13,2018/3/14,2018/3/15,2018/3/16,2018/3/19,2018/3/20,2018/3/21,2018/3/22,2018/3/23,2018/3/26,2018/3/27,2018/03/30,2018/4/16,2018/4/17,2018/4/18,2018/4/19,2018/4/20,2018/4/23,2018/4/24,2018/4/25,2018/5/4,2018/4/16,0.0
6416,瑞祺電通,2017/11/10,2017/11/30,2018/01/23,2018/02/27,2018/03/02,2018/03/23,2018/3/8,2018/3/9,2018/3/12,2018/3/13,2018/3/14,2018/3/15,2018/3/16,2018/3/19,2018/3/20,2018/3/21,2018/3/22,2018/3/23,2018/3/26,2018/3/27,2018/03/30,2018/4/16,2018/4/17,2018/4/18,2018/4/19,2018/4/20,2018/4/23,2018/4/24,2018/4/25,2018/5/4,2018/4/16,0.0
2745,五福,2017/09/26,2017/10/16,2018/01/03,2018/01/26,2018/02/02,2018/03/23,2018/3/8,2018/3/9,2018/3/12,2018/3/13,2018/3/14,2018/3/15,2018/3/16,2018/3/19,2018/3/20,2018/3/21,2018/3/22,2018/3/23,2018/3/26,2018/3/27,2018/03/30,2018/4/16,2018/4/17,2018/4/18,2018/4/19,2018/4/20,2018/4/23,2018/4/24,2018/4/25,2018/5/4,2018/4/16,0.0
6547,高端疫苗,2017/07/28,2017/08/17,2017/11/28,2017/12/22,2017/12/27,2018/03/26,2018/3/9,2018/3/12,2018/3/13,2018/3/14,2018/3/15,2018/3/16,2018/3/19,2018/3/20,2018/3/21,2018/3/22,2018/3/23,2018/3/26,2018/3/27,2018/3/28,2018/03/30,2018/4/17,2018/4/18,2018/4/19,2018/4/20,2018/4/23,2018/4/24,2018/4/25,2018/4/26,2018/5/7,2018/4/17,0.0
5864,致和證,2017/09/28,2017/10/18,2017/12/14,2017/12/22,2017/12/27,2018/03/14,2018/2/27,2018/2/28,2018/3/1,2018/3/2,2018/3/5,2018/3/6,2018/3/7,2018/3/8,2018/3/9,2018/3/12,2018/3/13,2018/3/14,2018/3/15,2018/3/16,2018/03/20,2018/4/2,2018/4/3,2018/4/4,2018/4/5,2018/4/6,2018/4/9,2018/4/10,2018/4/11,2018/4/20,2018/4/2,0.0
8440,綠電再生,2017/09/01,2017/09/21,2017/11/23,2017/12/22,2017/12/27,2018/03/08,2018/2/21,2018/2/22,2018/2/23,2018/2/26,2018/2/27,2018/2/28,2018/3/1,2018/3/2,2018/3/5,2018/3/6,2018/3/7,2018/3/8,2018/3/9,2018/3/12,2018/03/14,2018/3/28,2018/3/29,2018/3/30,2018/4/2,2018/4/3,2018/4/4,2018/4/5,2018/4/6,2018/4/17,2018/3/28,0.0
6461,益得,2017/07/26,2017/08/15,2017/12/11,2017/12/22,2017/12/27,2018/03/08,2018/2/21,2018/2/22,2018/2/23,2018/2/26,2018/2/27,2018/2/28,2018/3/1,2018/3/2,2018/3/5,2018/3/6,2018/3/7,2018/3/8,2018/3/9,2018/3/12,2018/03/14,2018/3/28,2018/3/29,2018/3/30,2018/4/2,2018/4/3,2018/4/4,2018/4/5,2018/4/6,2018/4/17,2018/3/28,0.0
8497,聯廣,2017/07/11,2017/07/31,2017/09/18,2017/11/21,2017/11/23,2018/03/05,2018/2/16,2018/2/19,2018/2/20,2018/2/21,2018/2/22,2018/2/23,2018/2/26,2018/2/27,2018/2/28,2018/3/1,2018/3/2,2018/3/5,2018/3/6,2018/3/7,2018/03/09,2018/3/23,2018/3/24,2018/3/27,2018/3/28,2018/3/29,2018/3/30,2018/4/2,2018/4/3,2018/4/12,2018/3/23,0.0
2630,亞航,2017/09/07,2017/09/27,2017/11/21,2017/12/19,2017/12/20,2018/01/29,2018/1/12,2018/1/15,2018/1/16,2018/1/17,2018/1/18,2018/1/19,2018/1/22,2018/1/23,2018/1/24,2018/1/25,2018/1/26,2018/1/29,2018/1/30,2018/1/31,2018/02/02,2018/2/22,2018/2/23,2018/2/26,2018/2/27,2018/2/28,2018/3/1,2018/3/2,2018/3/5,2018/3/14,2018/2/22,0.0
6625,必應,2017/09/12,2017/09/30,2017/11/22,2017/12/19,2017/12/20,2018/01/18,2018/1/3,2018/1/4,2018/1/5,2018/1/8,2018/1/9,2018/1/10,2018/1/11,2018/1/12,2018/1/15,2018/1/16,2018/1/17,2018/1/18,2018/1/19,2018/1/22,2018/01/24,2018/2/7,2018/2/8,2018/2/9,2018/2/12,2018/2/13,2018/2/14,2018/2/15,2018/2/16,2018/2/27,2018/2/7,0.0
4566,時碩工業,2017/09/15,2017/10/05,2017/11/30,2017/12/19,2017/12/20,2018/01/16,2018/1/1,2018/1/2,2018/1/3,2018/1/4,2018/1/5,2018/1/8,2018/1/9,2018/1/10,2018/1/11,2018/1/12,2018/1/15,2018/1/16,2018/1/17,2018/1/18,2018/01/22,2018/2/5,2018/2/6,2018/2/7,2018/2/8,2018/2/9,2018/2/12,2018/2/13,2018/2/14,2018/2/23,2018/2/5,0.0
6581,鋼聯,2017/07/10,2017/07/28,2017/10/20,2017/11/21,2017/11/23,2018/01/10,2017/12/26,2017/12/27,2017/12/28,2017/12/29,2018/1/1,2018/1/2,2018/1/3,2018/1/4,2018/1/5,2018/1/8,2018/1/9,2018/1/10,2018/1/11,2018/1/12,2018/01/16,2018/1/30,2018/1/31,2018/2/1,2018/2/2,2018/2/5,2018/2/6,2018/2/7,2018/2/8,2018/2/19,2018/1/30,0.0
1760,寶齡富錦,2017/08/03,2017/08/23,2017/11/09,2017/11/21,2017/11/23,2018/01/03,2017/12/19,2017/12/20,2017/12/21,2017/12/22,2017/12/25,2017/12/26,2017/12/27,2017/12/28,2017/12/29,2018/1/1,2018/1/2,2018/1/3,2018/1/4,2018/1/5,2018/01/09,2018/1/23,2018/1/24,2018/1/25,2018/1/26,2018/1/29,2018/1/30,2018/1/31,2018/2/1,2018/2/12,2018/1/23,0.0
5299,杰力,2017/08/15,2017/09/04,2017/11/09,2017/11/24,2017/11/29,2018/01/03,2017/12/19,2017/12/20,2017/12/21,2017/12/22,2017/12/25,2017/12/26,2017/12/27,2017/12/28,2017/12/29,2018/1/1,2018/1/2,2018/1/3,2018/1/4,2018/1/5,2018/01/09,2018/1/23,2018/1/24,2018/1/25,2018/1/26,2018/1/29,2018/1/30,2018/1/31,2018/2/1,2018/2/12,2018/1/23,0.0
1796,金穎生技,2017/04/10,2017/04/28,2017/10/16,2017/10/27,2017/11/01,2018/01/02,2017/12/18,2017/12/19,2017/12/20,2017/12/21,2017/12/22,2017/12/25,2017/12/26,2017/12/27,2017/12/28,2017/12/29,2018/1/1,2018/1/2,2018/1/3,2018/1/4,2018/01/08,2018/1/22,2018/1/23,2018/1/24,2018/1/25,2018/1/26,2018/1/29,2018/1/30,2018/1/31,2018/2/9,2018/1/22,0.0
6596,寬宏,2017/06/21,2017/07/11,2017/10/02,2017/10/27,2017/11/01,2017/12/14,2017/11/29,2017/11/30,2017/12/1,2017/12/4,2017/12/5,2017/12/6,2017/12/7,2017/12/8,2017/12/11,2017/12/12,2017/12/13,2017/12/14,2017/12/15,2017/12/18,2017/12/20,2018/1/4,2018/1/5,2018/1/8,2018/1/9,2018/1/10,2018/1/11,2018/1/12,2018/1/15,2018/1/24,2018/1/4,0.0
4764,雙鍵,2017/07/07,2017/07/27,2017/09/20,2017/10/24,2017/10/26,2017/12/14,2017/11/29,2017/11/30,2017/12/1,2017/12/4,2017/12/5,2017/12/6,2017/12/7,2017/12/8,2017/12/11,2017/12/12,2017/12/13,2017/12/14,2017/12/15,2017/12/18,2017/12/20,2018/1/4,2018/1/5,2018/1/8,2018/1/9,2018/1/10,2018/1/11,2018/1/12,2018/1/15,2018/1/24,2018/1/4,0.0
6613,朋億,2017/07/06,2017/07/26,2017/10/17,2017/10/27,2017/11/01,2017/12/08,2017/11/23,2017/11/24,2017/11/27,2017/11/28,2017/11/29,2017/11/30,2017/12/1,2017/12/4,2017/12/5,2017/12/6,2017/12/7,2017/12/8,2017/12/11,2017/12/12,2017/12/14,2017/12/28,2017/12/29,2018/1/1,2018/1/2,2018/1/3,2018/1/4,2018/1/5,2018/1/8,2018/1/17,2017/12/28,0.0
6570,維田,2017/06/26,2017/07/14,2017/09/11,2017/09/22,2017/09/27,2017/11/21,2017/11/6,2017/11/7,2017/11/8,2017/11/9,2017/11/10,2017/11/13,2017/11/14,2017/11/15,2017/11/16,2017/11/17,2017/11/20,2017/11/21,2017/11/22,2017/11/23,2017/11/27,2017/12/11,2017/12/12,2017/12/13,2017/12/14,2017/12/15,2017/12/18,2017/12/19,2017/12/20,2017/12/29,2017/12/11,0.0
8478,東哥遊艇,2017/07/06,2017/07/26,2017/09/19,2017/10/24,2017/10/25,2017/11/21,2017/11/6,2017/11/7,2017/11/8,2017/11/9,2017/11/10,2017/11/13,2017/11/14,2017/11/15,2017/11/16,2017/11/17,2017/11/20,2017/11/21,2017/11/22,2017/11/23,2017/11/27,2017/12/11,2017/12/12,2017/12/13,2017/12/14,2017/12/15,2017/12/18,2017/12/19,2017/12/20,2017/12/29,2017/12/11,0.0
4155,訊映,2017/03/09,2017/03/29,2017/05/22,2017/07/18,2017/07/21,2017/11/15,2017/10/31,2017/11/1,2017/11/2,2017/11/3,2017/11/6,2017/11/7,2017/11/8,2017/11/9,2017/11/10,2017/11/13,2017/11/14,2017/11/15,2017/11/16,2017/11/17,2017/11/21,2017/12/5,2017/12/6,2017/12/7,2017/12/8,2017/12/11,2017/12/12,2017/12/13,2017/12/14,2017/12/25,2017/12/5,0.0
8342,益張,2017/02/24,2017/03/16,2017/07/07,2017/07/21,2017/07/26,2017/11/03,2017/10/19,2017/10/20,2017/10/23,2017/10/24,2017/10/25,2017/10/26,2017/10/27,2017/10/30,2017/10/31,2017/11/1,2017/11/2,2017/11/3,2017/11/6,2017/11/7,2017/11/09,2017/11/23,2017/11/24,2017/11/27,2017/11/28,2017/11/29,2017/11/30,2017/12/1,2017/12/4,2017/12/13,2017/11/23,0.0
6593,台灣銘板,2017/04/05,2017/04/25,2017/07/10,2017/07/21,2017/07/26,2017/10/16,2017/9/29,2017/10/2,2017/10/3,2017/10/4,2017/10/5,2017/10/6,2017/10/9,2017/10/10,2017/10/11,2017/10/12,2017/10/13,2017/10/16,2017/10/17,2017/10/18,2017/10/20,2017/11/3,2017/11/4,2017/11/7,2017/11/8,2017/11/9,2017/11/10,2017/11/13,2017/11/14,2017/11/23,2017/11/3,0.0
6556,勝品,2016/12/08,2016/12/28,2017/03/30,2017/04/28,2017/05/05,2017/10/11,2017/9/26,2017/9/27,2017/9/28,2017/9/29,2017/10/2,2017/10/3,2017/10/4,2017/10/5,2017/10/6,2017/10/9,2017/10/10,2017/10/11,2017/10/12,2017/10/13,2017/10/17,2017/10/31,2017/11/1,2017/11/2,2017/11/3,2017/11/6,2017/11/7,2017/11/8,2017/11/9,2017/11/20,2017/10/31,0.0
1268,漢來美食,2017/03/13,2017/03/31,2017/06/12,2017/07/21,2017/07/26,2017/09/07,2017/8/23,2017/8/24,2017/8/25,2017/8/28,2017/8/29,2017/8/30,2017/8/31,2017/9/1,2017/9/4,2017/9/5,2017/9/6,2017/9/7,2017/9/8,2017/9/11,2017/09/13,2017/9/27,2017/9/28,2017/9/29,2017/10/2,2017/10/3,2017/10/4,2017/10/5,2017/10/6,2017/10/17,2017/9/27,0.0
6441,廣錠,2017/04/05,2017/04/25,2017/07/06,2017/07/21,2017/07/26,2017/09/07,2017/8/23,2017/8/24,2017/8/25,2017/8/28,2017/8/29,2017/8/30,2017/8/31,2017/9/1,2017/9/4,2017/9/5,2017/9/6,2017/9/7,2017/9/8,2017/9/11,2017/09/13,2017/9/27,2017/9/28,2017/9/29,2017/10/2,2017/10/3,2017/10/4,2017/10/5,2017/10/6,2017/10/17,2017/9/27,0.0
4741,泓瀚科技,2017/02/24,2017/03/16,2017/05/26,2017/06/23,2017/06/29,2017/09/06,2017/8/22,2017/8/23,2017/8/24,2017/8/25,2017/8/28,2017/8/29,2017/8/30,2017/8/31,2017/9/1,2017/9/4,2017/9/5,2017/9/6,2017/9/7,2017/9/8,2017/09/12,2017/9/26,2017/9/27,2017/9/28,2017/9/29,2017/10/2,2017/10/3,2017/10/4,2017/10/5,2017/10/16,2017/9/26,0.0
6574,霈方,2017/03/10,2017/03/30,2017/06/12,2017/06/23,2017/06/29,2017/08/15,2017/7/31,2017/8/1,2017/8/2,2017/8/3,2017/8/4,2017/8/7,2017/8/8,2017/8/9,2017/8/10,2017/8/11,2017/8/14,2017/8/15,2017/8/16,2017/8/17,2017/08/21,2017/9/4,2017/9/5,2017/9/6,2017/9/7,2017/9/8,2017/9/11,2017/9/12,2017/9/13,2017/9/22,2017/9/4,0.0
4562,穎漢,2017/03/20,2017/04/07,2017/06/05,2017/06/20,2017/06/22,2017/08/01,2017/7/17,2017/7/18,2017/7/19,2017/7/20,2017/7/21,2017/7/24,2017/7/25,2017/7/26,2017/7/27,2017/7/28,2017/7/31,2017/8/1,2017/8/2,2017/8/3,2017/08/07,2017/8/21,2017/8/22,2017/8/23,2017/8/24,2017/8/25,2017/8/28,2017/8/29,2017/8/30,2017/9/8,2017/8/21,0.0
6579,研揚,2017/04/03,2017/04/21,2017/06/14,2017/06/20,2017/06/23,2017/08/01,2017/7/17,2017/7/18,2017/7/19,2017/7/20,2017/7/21,2017/7/24,2017/7/25,2017/7/26,2017/7/27,2017/7/28,2017/7/31,2017/8/1,2017/8/2,2017/8/3,2017/08/07,2017/8/21,2017/8/22,2017/8/23,2017/8/24,2017/8/25,2017/8/28,2017/8/29,2017/8/30,2017/9/8,2017/8/21,0.0
6582,申豐,2016/12/12,2016/12/30,2017/02/21,2017/03/28,2017/03/29,2017/05/24,2017/5/9,2017/5/10,2017/5/11,2017/5/12,2017/5/15,2017/5/16,2017/5/17,2017/5/18,2017/5/19,2017/5/22,2017/5/23,2017/5/24,2017/5/25,2017/5/26,2017/06/01,2017/6/14,2017/6/15,2017/6/16,2017/6/19,2017/6/20,2017/6/21,2017/6/22,2017/6/23,2017/7/4,2017/6/14,0.0
2937,集雅社,2016/11/08,2016/11/28,2017/02/16,2017/03/24,2017/03/31,2017/05/18,2017/5/3,2017/5/4,2017/5/5,2017/5/8,2017/5/9,2017/5/10,2017/5/11,2017/5/12,2017/5/15,2017/5/16,2017/5/17,2017/5/18,2017/5/19,2017/5/22,2017/05/24,2017/6/8,2017/6/9,2017/6/12,2017/6/13,2017/6/14,2017/6/15,2017/6/16,2017/6/19,2017/6/28,2017/6/8,0.0
2897,王道,2016/08/30,2016/09/19,2016/11/04,2016/11/22,2016/11/28,2017/04/14,2017/3/30,2017/3/31,2017/4/3,2017/4/4,2017/4/5,2017/4/6,2017/4/7,2017/4/10,2017/4/11,2017/4/12,2017/4/13,2017/4/14,2017/4/17,2017/4/18,2017/04/20,2017/5/5,2017/5/6,2017/5/9,2017/5/10,2017/5/11,2017/5/12,2017/5/15,2017/5/16,2017/5/25,2017/5/5,0.0
8489,三貝德,2016/10/07,2016/10/27,2017/01/13,2017/02/24,2017/03/06,2017/04/07,2017/3/23,2017/3/24,2017/3/27,2017/3/28,2017/3/29,2017/3/30,2017/3/31,2017/4/3,2017/4/4,2017/4/5,2017/4/6,2017/4/7,2017/4/10,2017/4/11,2017/04/13,2017/4/27,2017/4/28,2017/5/1,2017/5/2,2017/5/3,2017/5/4,2017/5/5,2017/5/8,2017/5/17,2017/4/27,0.0
6438,迅得,2016/10/11,2016/10/31,2017/01/04,2017/01/20,2017/01/26,2017/04/05,2017/3/21,2017/3/22,2017/3/23,2017/3/24,2017/3/27,2017/3/28,2017/3/29,2017/3/30,2017/3/31,2017/4/3,2017/4/4,2017/4/5,2017/4/6,2017/4/7,2017/04/11,2017/4/25,2017/4/26,2017/4/27,2017/4/28,2017/5/1,2017/5/2,2017/5/3,2017/5/4,2017/5/15,2017/4/25,0.0
6492,生華科,2016/10/11,2016/10/31,2017/01/06,2017/01/20,2017/01/26,2017/03/31,2017/3/20,2017/3/21,2017/3/22,2017/3/23,2017/3/24,2017/3/27,2017/3/28,2017/3/29,2017/3/30,2017/3/31,2017/4/3,2017/4/4,2017/4/5,2017/4/6,2017/04/10,2017/4/24,2017/4/25,2017/4/26,2017/4/27,2017/4/28,2017/5/1,2017/5/2,2017/5/3,2017/5/12,2017/4/24,0.0
2065,世豐螺絲,2016/10/07,2016/10/27,2016/12/27,2017/01/20,2017/01/26,2017/03/30,2017/3/17,2017/3/20,2017/3/21,2017/3/22,2017/3/23,2017/3/24,2017/3/27,2017/3/28,2017/3/29,2017/3/30,2017/3/31,2017/4/3,2017/4/4,2017/4/5,2017/04/07,2017/4/21,2017/4/22,2017/4/25,2017/4/26,2017/4/27,2017/4/28,2017/5/1,2017/5/2,2017/5/11,2017/4/21,0.0
6472,保瑞,2016/09/05,2016/09/23,2016/12/21,2017/01/20,2017/01/26,2017/03/28,2017/3/13,2017/3/14,2017/3/15,2017/3/16,2017/3/17,2017/3/20,2017/3/21,2017/3/22,2017/3/23,2017/3/24,2017/3/27,2017/3/28,2017/3/29,2017/3/30,2017/04/05,2017/4/19,2017/4/20,2017/4/21,2017/4/24,2017/4/25,2017/4/26,2017/4/27,2017/4/28,2017/5/9,2017/4/19,0.0
6577,勁豐,2016/09/06,2016/09/26,2016/11/28,2016/12/23,2016/12/28,2017/03/01,2017/2/14,2017/2/15,2017/2/16,2017/2/17,2017/2/20,2017/2/21,2017/2/22,2017/2/23,2017/2/24,2017/2/27,2017/2/28,2017/3/1,2017/3/2,2017/3/3,2017/03/07,2017/3/21,2017/3/22,2017/3/23,2017/3/24,2017/3/27,2017/3/28,2017/3/29,2017/3/30,2017/4/10,2017/3/21,0.0
6533,晶心科,2016/06/10,2016/06/30,2016/12/08,2016/12/20,2016/12/21,2017/02/20,2017/2/3,2017/2/6,2017/2/7,2017/2/8,2017/2/9,2017/2/10,2017/2/13,2017/2/14,2017/2/15,2017/2/16,2017/2/17,2017/2/20,2017/2/21,2017/2/22,2017/02/24,2017/3/14,2017/3/15,2017/3/16,2017/3/17,2017/3/20,2017/3/21,2017/3/22,2017/3/23,2017/4/3,2017/3/14,0.0
