股票代號,證券名稱,DateStart,申請日期,上櫃審議委員會審議日期,櫃買董事會通過上櫃日期,櫃買同意上櫃契約日期,投標開始日(T-4),投標結束日(T-2)-13,投標結束日(T-2)-12,投標結束日(T-2)-11,投標結束日(T-2)-10,投標結束日(T-2)-9,投標結束日(T-2)-8,投標結束日(T-2)-7,投標結束日(T-2)-6,投標結束日(T-2)-5,投標結束日(T-2)-4,投標結束日(T-2)-3,投標結束日(T-2)-2,投標結束日(T-2)-1,投標結束日(T-2),開標日期(T),撥券日(上市上櫃日) (T+7),撥券日(上市上櫃日) (T+7)+1,撥券日(上市上櫃日) (T+7)+2,撥券日(上市上櫃日) (T+7)+3,撥券日(上市上櫃日) (T+7)+4,撥券日(上市上櫃日) (T+7)+5,撥券日(上市上櫃日) (T+7)+6,撥券日(上市上櫃日) (T+7)+7,DateEnd,資料總數,總工作天數,IPO:股票上櫃買賣日期,I-L
7757,金色三麥,150.5,157.0,159.5,151.0,152.5,151.0,,,160.0,162.5,160.0,159.5,160.0,,,,153.5,151.0,153.0,149.0,,,,,,,,,,,87,111,,
7738,東聯互動,146.5,139.5,219.0,234.5,228.0,231.0,253.0,250.5,,,240.5,239.5,230.0,236.0,231.0,,,,232.0,229.0,234.0,,,,,,,,,,124,148,,
7788,松川精密,157.0,0.0,154.0,141.0,141.0,150.5,154.5,156.0,,,153.0,150.5,148.0,150.5,150.5,,,,150.0,150.0,148.5,,,,,,,,,,118,142,,
6971,惠民實業,37.0,38.5,47.9,46.0,47.4,47.15,44.6,,,44.65,45.15,49.3,50.3,48.9,,,47.0,47.15,45.05,45.35,44.95,40.0,38.65,,,,,,,,125,139,2025/10/2,0.0
4585,達明,276.0,304.5,334.5,413.0,401.5,685.0,683.0,695.0,673.0,669.0,,,648.0,624.0,703.0,685.0,668.0,,,668.0,650.0,493.0,,,,462.0,426.5,426.5,418.0,,127,137,2025/9/26,0.0
7750,新代,504.0,555.0,521.0,551.0,443.0,943.0,883.0,,,899.0,893.0,959.0,941.0,979.0,,,946.0,943.0,930.0,917.0,923.0,919.0,895.0,914.0,,,976.0,932.0,911.0,,202,206,2025/9/17,0.0
7799,禾榮科,401.5,494.5,904.0,869.0,947.0,846.0,842.0,863.0,867.0,,,907.0,902.0,893.0,866.0,846.0,,,851.0,849.0,822.0,750.0,839.0,810.0,750.0,712.0,,,675.0,610.0,105,107,2025/9/15,0.0
4441,振大環球,216.0,215.5,236.0,260.0,262.5,261.0,260.5,260.0,,,263.0,262.5,258.5,260.0,262.0,,,261.0,260.5,257.0,261.5,240.0,235.5,232.5,232.0,,,232.0,234.0,,105,107,2025/9/9,0.0
7780,大研生醫,166.0,152.5,179.5,180.0,224.0,330.0,336.0,330.0,,,338.0,346.0,344.0,333.0,322.0,,,330.0,338.0,337.5,299.0,219.0,214.0,190.0,208.5,,,205.0,200.5,,120,123,2025/9/9,0.0
7765,中華資安,340.0,319.5,316.0,310.0,324.0,336.5,335.0,335.0,333.0,,,327.5,329.0,328.5,334.0,336.5,,,331.0,331.5,351.0,331.0,327.5,328.0,332.0,329.0,,,321.0,301.5,139,141,2025/9/8,0.0
7751,竑騰,310.0,311.0,339.5,419.5,426.0,457.5,454.0,458.0,,,450.0,442.5,437.0,437.0,439.5,,,457.5,460.0,455.5,471.5,515.0,502.0,475.0,500.0,,,484.0,478.0,523.0,130,132,2025/8/26,0.0
4166,友霖,35.85,30.7,38.15,37.05,36.8,35.15,,,36.65,36.05,35.6,35.7,34.65,,,34.55,35.1,35.15,35.0,33.85,30.65,27.95,26.25,,,25.2,25.7,25.45,24.7,26.15,113,115,2025/8/21,0.0
7753,星亞,46.2,42.5,45.6,53.5,53.5,63.0,,,67.2,68.4,65.2,65.3,65.2,,,65.0,63.0,63.0,63.1,62.2,65.0,55.0,55.6,63.3,61.8,63.3,,,59.5,54.8,120,122,2025/8/11,0.0
3135,凌航,24.7,30.3,32.1,35.4,37.2,36.7,37.55,,,37.7,37.95,37.95,37.6,36.75,,,37.15,36.7,36.15,35.25,35.85,32.35,31.15,32.3,,,31.5,37.0,40.7,32.0,100,102,2025/8/6,0.0
7721,微程式,77.3,81.2,78.3,65.9,65.5,79.0,86.3,82.8,,,83.3,80.8,82.8,81.7,79.0,,,79.0,79.5,77.5,79.6,74.0,73.6,69.9,69.9,,,67.8,68.5,63.8,136,138,2025/7/29,0.0
7547,碩網,89.3,79.3,62.8,62.3,61.2,113.5,108.5,117.5,,,108.5,105.5,112.0,106.5,104.0,,,113.5,113.5,105.0,120.5,116.5,108.5,111.5,109.5,,,116.0,127.5,121.0,242,244,2025/7/29,0.0
7747,昕奇雲端,138.5,139.5,134.0,134.5,134.0,139.5,131.0,130.0,134.0,143.0,,,144.0,147.5,143.5,139.5,148.5,,,159.5,160.5,141.5,,,136.0,140.0,138.0,139.0,137.5,141.5,176,178,2025/7/11,0.0
6918,愛派司,87.9,95.0,101.0,109.0,95.8,99.7,99.2,100.0,99.7,,,99.8,99.7,100.5,100.0,99.7,,,100.0,99.0,106.0,135.0,123.0,115.0,110.5,,,106.5,115.5,96.3,172,174,2025/6/10,0.0
6925,意藍,52.2,65.1,75.5,64.7,64.8,57.0,67.3,,,66.7,67.3,65.5,65.0,62.0,,,59.8,57.0,58.0,61.0,63.9,74.8,103.5,,,,114.0,103.5,122.0,128.0,288,290,2025/5/28,0.0
6944,兆聯實業,371.0,382.5,443.0,427.0,425.0,366.0,399.0,,,394.0,389.0,382.5,380.5,369.0,,,360.5,366.0,366.0,366.0,387.5,390.0,397.0,,,,389.0,391.5,416.0,425.5,133,135,2025/5/28,0.0
1295,生合,,87.0,79.0,75.0,75.0,70.0,,66.6,,,69.5,67.3,68.5,68.4,70.3,,,70.0,67.6,69.0,67.8,66.1,71.0,81.9,,,,86.8,86.8,98.5,167,169,2025/5/27,0.0
7642,昶瑞機電,98.0,95.0,103.0,101.5,102.0,87.2,,,95.3,93.7,94.0,,93.6,,,91.4,89.2,87.2,88.1,88.1,88.0,83.6,81.2,,,81.2,77.5,77.7,80.0,97.0,121,123,2025/5/22,0.0
6909,創控,38.9,40.45,42.15,46.15,,48.15,47.45,,,48.45,47.9,49.95,,49.25,,,47.55,48.15,47.35,46.45,42.6,42.2,40.05,39.45,,,37.7,38.2,38.65,49.0,142,144,2025/5/21,0.0
7743,金利食安,,,56.5,56.6,56.0,42.5,42.2,42.0,,,42.2,42.0,41.5,,41.4,,,42.5,43.0,43.9,42.55,33.1,31.1,30.15,30.2,,,29.8,29.3,32.8,143,160,2025/5/20,0.0
6498,久禾光,99.0,138.5,142.5,123.5,124.0,89.7,96.5,100.5,,,100.5,98.0,90.7,,93.9,,,89.7,89.6,87.4,85.3,89.0,88.4,93.6,107.0,,,103.5,100.0,131.0,125,127,2025/5/20,0.0
6597,立誠,95.0,92.5,114.0,147.0,149.5,114.0,131.0,,,129.0,125.0,125.0,121.0,118.5,,,117.0,114.0,113.5,112.0,116.0,86.8,84.0,,,85.0,87.9,89.5,89.0,76.3,122,132,2025/5/8,0.0
7723,築間,88.6,97.0,75.0,72.6,70.3,55.5,,,,55.1,59.0,55.2,59.9,57.0,,,56.9,55.5,54.2,54.4,54.8,55.1,,67.6,,,63.1,60.0,57.5,51.4,171,172,2025/4/30,0.0
6936,永鴻生技,39.25,37.8,38.25,37.25,38.4,45.05,48.7,,,,,42.15,44.0,41.7,46.9,45.05,,,44.8,44.7,43.5,38.9,37.9,38.8,,38.0,,,38.0,40.0,349,350,2025/4/28,0.0
3467,台灣精材,53.1,52.0,52.5,51.4,51.8,72.0,,,69.8,77.0,85.9,85.2,,,,71.3,77.3,72.0,73.2,69.9,68.7,66.5,64.2,62.0,59.8,,,56.8,59.3,46.1,141,142,2025/3/25,0.0
7718,友鋮,60.2,57.9,58.2,55.5,55.0,57.8,59.0,,,57.1,59.4,59.0,60.0,59.4,,,58.1,57.8,56.8,58.1,58.2,54.8,55.2,55.6,55.4,,,54.8,54.8,49.45,116,116,2025/3/18,0.0
7736,虎山,119.5,122.5,117.5,119.0,120.0,129.5,129.5,,,142.0,142.5,143.0,139.5,134.0,,,134.0,129.5,134.0,132.5,131.0,121.0,118.0,118.5,118.5,,,115.0,115.0,101.5,128,128,2025/3/18,0.0
6872,浩宇生醫,29.8,29.75,29.65,29.5,29.4,36.7,29.3,29.6,29.75,,,33.1,40.2,38.8,37.7,36.7,,,37.05,35.95,36.5,30.45,,,28.5,28.05,28.6,27.85,27.5,27.15,162,162,2025/3/7,0.0
7728,光焱科技,284.5,287.0,316.5,308.5,314.5,374.5,329.0,346.0,388.0,399.5,,,399.0,394.0,370.0,374.5,360.0,,,375.0,384.5,401.0,373.0,,,346.5,327.5,343.0,320.0,330.0,131,131,2025/3/6,0.0
7734,印能科技,1580.0,1575.0,1810.0,1820.0,1715.0,1770.0,,,,,,,1740.0,1710.0,1750.0,1770.0,1740.0,,,1680.0,1640.0,1560.0,1580.0,,,,1530.0,1510.0,1480.0,1325.0,124,124,2025/2/26,0.0
7709,榮田,54.0,53.0,58.0,56.7,57.9,60.2,,,,,,,,,,60.0,60.0,60.2,60.0,60.4,58.9,61.0,58.1,56.1,,,,54.7,54.5,51.9,131,138,2025/2/25,0.0
7713,威力德生醫,71.3,71.5,70.0,71.8,78.8,78.0,,,,,,,,,,,80.7,78.0,78.0,77.0,77.9,68.0,65.5,65.4,65.2,,,,65.3,60.2,111,131,2025/2/24,0.0
4749,新應材,617.0,592.0,787.0,677.0,712.0,666.0,684.0,677.0,666.0,,,674.0,675.0,672.0,661.0,666.0,,,663.0,678.0,651.0,688.0,,,765.0,758.0,734.0,,,634.0,137,137,2025/1/17,0.0
7715,裕山,64.6,62.3,60.7,55.5,55.5,51.1,,,54.7,54.5,54.1,53.4,54.1,,,52.0,51.5,51.1,51.2,54.0,52.5,48.7,52.8,55.3,,,53.4,51.6,52.0,50.2,134,134,2025/1/15,0.0
6994,富威電力,105.5,121.0,139.5,130.0,128.0,118.5,,,125.5,126.5,125.5,126.5,124.0,,,123.5,120.5,118.5,119.5,118.0,117.5,97.2,93.1,93.0,,,89.7,90.8,97.7,116.5,159,159,2025/1/15,0.0
6931,青松健康,94.0,101.5,99.9,101.0,99.1,95.7,,,98.8,100.0,100.0,100.0,99.7,,,98.5,97.8,95.7,95.9,96.3,97.9,80.0,77.4,74.3,,,70.8,72.2,71.7,71.9,96,96,2025/1/15,0.0
7714,創泓科技,135.5,,115.0,98.9,111.5,105.5,,,114.0,114.5,114.5,114.5,112.0,,,111.5,112.5,105.5,102.5,103.0,95.5,87.1,87.0,86.0,,,85.9,85.6,85.9,90.4,110,119,2025/1/15,0.0
7732,金興精密,49.05,52.2,55.3,49.5,50.8,46.5,49.4,,,49.5,50.5,50.8,50.3,50.0,,,49.5,46.5,49.0,48.75,49.5,47.3,44.15,43.6,43.3,,,43.45,43.3,42.45,99,100,2025/1/14,0.0
7712,博盛半導體,147.0,201.0,255.0,232.5,221.0,224.0,241.0,242.0,232.0,,,229.5,226.5,220.0,223.0,224.0,,,225.0,229.0,210.5,206.5,204.0,,,221.0,218.0,,233.0,246.0,150,150,2024/12/26,0.0
6982,大井泵浦,76.5,82.3,72.3,73.2,71.7,64.7,70.2,71.2,72.0,71.2,,,69.3,66.9,65.5,64.7,62.3,,,63.3,62.4,53.7,61.0,68.3,,,71.3,75.8,82.0,71.2,128,128,2024/12/18,0.0
7704,明遠精密,110.0,112.0,112.5,106.5,109.5,93.5,95.8,,,94.5,95.0,100.0,97.0,96.0,,,96.5,93.5,92.0,93.8,96.2,79.5,78.7,77.5,82.3,80.6,,,79.8,78.9,149,149,2024/12/16,0.0
6885,全福生技,44.9,47.15,48.95,45.15,45.6,40.55,43.15,,,42.35,42.3,42.65,43.2,41.9,,,41.3,40.55,40.0,40.2,39.45,31.0,32.05,31.55,31.6,31.2,,,31.8,31.75,122,122,2024/12/16,0.0
6997,博弘,146.5,148.5,148.0,145.5,144.5,146.5,152.5,,,142.5,146.0,142.5,142.0,148.5,,,142.5,146.5,146.5,146.5,137.5,119.5,126.0,133.0,127.5,127.5,,,129.5,130.0,116,120,2024/12/16,0.0
8045,達運光電,131.5,143.5,139.0,115.5,114.5,90.2,99.9,98.2,90.0,89.0,,,85.5,82.0,90.3,90.2,88.3,,,84.9,87.3,69.7,69.5,67.4,,,62.8,66.0,67.4,75.0,145,145,2024/12/11,0.0
6996,力領科技,284.5,290.5,270.0,269.5,290.0,270.5,,,291.5,286.5,290.0,285.0,287.0,,,274.0,272.0,270.5,271.5,270.0,265.5,238.5,235.0,245.0,240.5,,,238.0,237.5,233.5,141,141,2024/12/10,0.0
7722,LINEPAY,546.0,562.0,592.0,604.0,612.0,639.0,616.0,649.0,672.0,,,663.0,659.0,641.0,636.0,639.0,,,630.0,634.0,592.0,509.0,499.0,,,492.0,496.5,502.0,490.0,439.0,116,116,2024/12/5,0.0
6720,久昌,197.0,233.0,190.5,210.0,210.5,182.0,190.0,190.0,190.5,190.0,,,190.5,186.0,184.5,182.0,181.5,,,180.0,176.0,163.5,157.5,170.5,,,177.5,174.0,171.0,150.5,115,115,2024/12/4,0.0
7705,三商餐飲,87.4,86.5,88.7,92.0,91.7,95.7,,,99.4,97.3,99.0,,98.0,,,98.2,99.2,95.7,97.1,98.2,94.8,78.2,74.5,73.3,71.9,,,72.6,71.9,68.3,131,131,2024/11/26,0.0
7708,全家餐飲,112.0,110.0,109.5,106.5,110.0,111.0,111.0,111.0,111.0,,,111.0,106.5,106.5,111.0,111.0,,,109.5,109.5,118.5,100.5,,,95.0,94.7,93.3,95.0,95.0,92.3,120,122,2024/11/15,0.0
7703,銳澤,180.5,171.0,165.0,157.0,152.0,175.0,,,177.0,177.0,175.5,175.0,178.0,,,177.5,177.0,175.0,173.5,175.5,174.5,160.0,150.0,144.0,,,140.0,147.0,145.5,146.0,122,122,2024/11/13,0.0
2646,星宇航空,22.1,28.05,27.25,28.65,28.4,29.5,31.3,30.4,30.55,,,30.65,30.4,,,29.5,,,29.95,29.95,29.3,30.75,,,29.15,28.65,28.45,,28.15,27.95,107,107,2024/10/25,0.0
8272,全景軟體,86.5,84.7,92.3,110.5,112.5,,,,93.2,91.0,98.1,104.5,106.0,,,99.8,100.0,,,95.2,102.0,124.0,155.0,139.5,,,128.5,120.5,132.5,106.5,147,147,2024/10/23,0.0
6919,康霈*,388.0,384.0,450.0,488.5,704.0,564.0,,,621.0,610.0,602.0,604.0,569.0,,,555.0,541.0,564.0,553.0,550.0,521.0,,,518.0,,,510.0,515.0,522.0,503.0,132,132,2024/10/2,0.0
6913,鴻呈,89.5,99.0,133.0,134.0,133.0,118.0,126.0,,,124.0,124.0,122.0,120.5,120.0,,,118.5,118.0,115.0,113.5,129.5,123.0,,,106.5,,,106.5,105.0,123.5,110,110,2024/10/1,0.0
1294,漢田生技,177.5,289.5,212.5,194.0,195.5,149.0,158.5,164.5,157.5,155.0,,,153.0,150.0,150.0,149.0,147.0,,,135.0,135.5,126.5,123.0,,,118.0,118.5,,,96.8,142,142,2024/9/26,0.0
6967,汎瑋材料,70.0,69.0,81.2,76.3,73.9,70.0,,,70.0,70.0,70.5,70.2,69.2,,,70.5,70.1,70.0,70.1,70.0,69.3,70.0,79.9,73.0,,,69.2,66.9,,62.1,127,127,2024/9/25,0.0
6923,中台,107.0,106.5,101.0,107.5,100.5,103.0,,,108.0,108.0,108.0,105.0,103.5,,,103.0,104.5,103.0,105.0,101.0,100.0,91.3,89.4,89.9,,,90.8,90.3,,86.5,125,125,2024/9/25,0.0
4772,台特化,178.0,188.5,178.5,168.0,172.0,154.5,171.5,173.5,171.0,,,169.0,161.5,161.0,159.0,154.5,,,159.0,155.5,159.0,197.0,,,192.0,183.5,194.0,191.0,194.0,,138,138,2024/9/20,0.0
2751,王座,134.0,132.5,109.0,102.5,99.5,85.3,,,94.3,94.3,94.0,93.8,93.7,,,89.2,84.9,85.3,84.0,83.5,83.0,74.5,71.1,71.9,72.0,,,71.7,,70.8,139,140,2024/9/10,0.0
6739,竹陞科技,100.5,91.0,94.0,89.3,91.0,149.0,141.5,,,125.0,127.0,130.0,152.5,155.0,,,151.5,149.0,149.0,142.0,134.5,151.5,173.0,180.0,169.5,180.0,,,198.0,210.0,128,135,2024/9/2,0.0
6958,日盛台駿,48.1,54.4,44.75,46.1,43.8,41.0,,,43.15,43.15,,,43.15,,,43.1,41.0,41.0,40.0,39.0,36.6,31.55,31.35,31.05,30.95,,,30.95,31.05,29.95,182,182,2024/8/20,0.0
6968,萬達寵物,84.0,78.9,85.3,82.2,84.2,,96.7,94.9,95.8,92.0,,,88.1,88.5,,,89.2,,,89.3,90.3,82.6,78.8,78.8,,,83.5,81.0,79.9,78.5,122,122,2024/8/14,0.0
6838,台新藥,55.9,52.9,55.0,55.1,55.1,50.4,,,55.1,55.1,55.0,54.0,52.7,,,50.4,50.9,,,49.65,47.15,41.95,39.55,39.9,39.65,,,39.0,39.2,38.9,120,120,2024/8/13,0.0
7584,樂意,65.5,73.3,,90.8,98.1,125.0,115.0,115.0,114.5,,,116.0,116.5,111.0,116.0,125.0,,,127.5,120.0,130.0,,130.5,,,115.0,101.0,97.0,96.3,84.7,116,121,2024/7/25,0.0
6637,醫影,68.2,75.3,91.0,93.8,94.0,99.8,110.5,,,107.5,110.5,111.0,105.5,103.0,,,103.5,99.8,100.0,99.0,98.0,104.5,137.0,146.0,132.5,,,125.5,138.0,117.0,166,166,2024/6/18,0.0
6952,大武山,69.0,70.0,74.9,73.0,75.8,74.0,76.4,76.1,74.8,73.5,,,72.5,72.9,75.3,74.0,71.9,,,72.9,68.7,53.1,51.9,,,52.4,52.0,51.8,51.5,50.7,134,137,2024/6/13,0.0
6903,巨漢,160.5,168.5,175.0,182.0,181.5,204.0,,,216.0,216.0,215.5,215.5,215.0,,,209.0,204.5,204.0,203.0,203.0,195.0,192.0,186.5,184.0,,,184.0,184.5,189.0,185.5,142,142,2024/6/12,0.0
6881,潤德,141.0,171.0,194.5,203.0,202.0,226.0,,,237.5,235.5,242.0,236.0,229.0,,,225.0,226.0,,219.5,214.0,236.0,241.0,229.0,222.0,227.0,,,225.0,225.0,,124,124,2024/5/21,0.0
6928,攸泰科技,73.0,81.0,80.3,81.6,94.1,110.5,101.5,121.0,120.5,115.0,,,106.5,101.5,105.5,110.5,107.5,,,103.5,105.0,85.5,94.5,,,90.4,91.8,88.3,84.1,81.9,126,126,2024/5/16,0.0
1563,巧新,63.0,79.2,77.0,81.1,98.7,86.6,88.3,89.9,,,93.1,90.1,91.7,89.9,88.4,,,86.6,85.3,86.3,86.7,86.9,83.3,82.0,82.2,82.0,,,79.0,79.5,122,122,2024/5/13,0.0
6953,家碩,238.0,254.0,312.5,290.5,290.5,288.0,319.5,321.0,,,326.5,319.5,325.0,324.5,300.0,,,288.0,291.0,302.0,314.0,286.0,276.0,275.5,279.0,258.5,,,261.5,268.0,114,114,2024/5/13,0.0
4949,有成精密,42.15,35.4,40.85,37.95,37.65,37.05,36.1,39.45,39.0,38.85,,,38.75,37.45,37.45,37.05,35.25,,,35.45,34.3,35.45,32.4,,,30.7,29.8,29.65,29.8,30.05,140,140,2024/5/9,0.0
6914,阜爾運通,143.5,151.5,143.5,141.5,150.5,227.0,228.5,,,,,224.0,226.0,219.0,219.0,227.0,,,225.0,219.5,211.5,188.5,,,206.0,235.0,235.0,235.0,211.5,183.5,179,179,2024/5/3,0.0
6899,創為精密,68.0,71.8,69.5,68.0,67.2,76.0,82.2,81.0,78.7,,,79.2,81.2,79.2,78.0,76.0,,,76.6,77.5,77.3,70.8,68.5,69.0,67.4,67.6,,,66.3,62.0,148,159,2024/4/8,0.0
6929,佑全,127.5,118.0,117.5,111.0,108.5,108.5,,109.0,116.0,,,116.0,110.0,108.0,108.5,108.5,,,104.5,100.5,98.8,83.0,79.9,,,79.1,77.9,77.0,,77.0,151,155,2024/3/28,0.0
6875,國邑*,96.2,89.4,93.2,88.0,87.7,112.5,,,122.5,117.0,,116.5,111.0,,,109.5,115.0,112.5,108.0,101.0,101.0,92.0,90.0,83.1,80.0,,,86.9,84.1,73.7,145,145,2024/3/26,0.0
3168,眾福科,67.0,68.8,,69.0,69.0,73.0,,,72.3,72.3,,71.5,72.0,,,72.6,73.0,73.0,73.0,72.2,71.6,63.6,63.2,62.9,62.4,,,63.4,63.0,64.8,122,128,2024/3/26,0.0
2941,米斯特,133.5,109.5,130.5,130.0,130.0,106.5,114.0,112.0,115.5,115.5,,,115.5,113.5,,106.5,106.5,,,106.0,110.0,89.7,81.4,83.4,,,82.1,80.6,81.0,90.0,125,129,2024/3/20,0.0
5548,安倉,21.4,22.3,32.6,30.8,31.0,39.8,30.6,,,34.7,40.9,40.65,40.5,40.35,,,39.8,38.9,,39.05,39.75,31.8,31.2,32.35,32.2,32.1,,,32.05,,127,127,2024/3/18,0.0
4771,望隼,,239.5,246.0,239.5,238.0,287.0,289.5,,,290.0,293.0,295.5,289.5,291.5,,,287.0,280.0,,290.0,321.5,328.5,340.0,375.0,380.0,380.5,,,368.0,,122,122,2024/3/18,0.0
6844,諾貝兒,211.5,207.5,191.5,197.0,198.0,217.0,,,,,,,,,228.0,217.0,,,218.0,220.0,224.5,198.0,,,191.5,190.5,186.5,187.5,187.5,180.5,176,176,2024/3/8,0.0
6692,進能服,43.35,43.15,46.8,46.0,42.6,37.05,37.65,38.0,,,37.2,37.2,37.1,37.0,37.15,,,37.05,36.3,36.3,35.1,31.9,,,30.4,,,,,31.2,179,184,2024/2/2,0.0
4588,玖鼎電力,74.8,79.5,79.4,76.2,79.7,73.6,76.2,,,,77.5,78.2,76.4,75.7,,,74.6,73.6,73.6,73.0,75.2,73.1,69.8,67.5,70.8,69.0,,,68.0,69.9,105,105,2024/1/29,0.0
6906,現觀科,150.0,154.5,139.5,143.0,133.5,163.5,163.0,163.0,,,163.0,162.0,162.5,159.5,159.5,,,163.5,163.0,163.0,191.0,186.0,176.0,164.5,170.0,166.5,,,183.0,201.0,144,144,2024/1/15,0.0
2949,欣新網,,140.0,133.0,,131.0,141.5,143.5,152.0,,,142.5,136.5,148.0,139.0,140.0,,,141.5,142.0,139.5,155.0,159.0,,,134.5,128.5,138.0,137.0,129.0,121.5,106,134,2023/12/15,0.0
6937,天虹,183.0,184.5,209.0,198.0,197.0,199.0,,,183.0,186.0,190.0,198.5,215.0,,,213.5,205.5,199.0,197.5,199.5,216.0,213.0,243.5,242.0,240.0,,,226.0,229.0,,120,121,2023/12/12,0.0
2948,寶陞國際,,80.3,104.0,109.0,102.5,93.3,,,100.5,100.0,100.5,100.5,99.0,,,97.7,92.0,93.3,93.5,93.8,88.4,76.6,75.4,75.6,75.1,,,74.5,73.4,,117,120,2023/12/12,0.0
6904,伯鑫,144.5,144.0,135.0,143.0,144.0,124.5,,,125.0,128.0,125.5,128.0,129.5,,,132.0,129.0,124.5,124.0,124.5,140.0,171.0,159.5,166.0,159.0,,,153.0,155.0,156.5,115,138,2023/12/5,0.0
6742,澤米,93.3,102.0,88.5,82.3,84.5,67.5,,,67.9,67.8,69.6,68.8,69.3,,,69.5,67.3,67.5,66.9,65.5,65.2,60.1,58.6,59.1,59.5,,,58.0,58.1,63.0,179,179,2023/12/5,0.0
6916,華凌,35.0,32.85,33.0,33.65,32.85,30.5,,,30.5,30.35,30.3,30.8,30.5,,,30.35,30.2,30.5,31.15,33.15,31.5,29.2,30.35,30.0,28.95,,,28.0,28.2,28.7,113,116,2023/12/5,0.0
6894,衛司特,178.0,198.5,185.0,159.0,160.5,159.5,154.5,153.5,154.0,153.5,,,153.5,154.5,159.5,159.5,164.5,,,161.0,170.0,180.5,170.0,168.0,,,172.0,168.0,166.5,163.5,137,150,2023/11/29,0.0
5292,華懋,98.5,108.0,114.0,116.0,111.5,104.0,,,112.0,111.5,111.5,111.5,110.0,,,107.5,105.0,104.0,105.0,104.0,99.5,144.5,144.0,141.0,137.5,,,155.5,150.0,131.5,125,125,2023/11/21,0.0
6922,宸曜,161.0,160.5,150.5,146.0,150.0,120.5,142.0,140.0,134.0,,,130.0,130.0,122.5,120.0,120.5,,,120.0,119.0,114.0,105.0,101.5,,,104.5,103.5,104.0,114.0,121.5,156,163,2023/11/9,0.0
6805,富世達,161.5,169.5,245.0,220.0,230.5,275.5,303.0,315.5,308.0,,,304.0,302.0,281.0,269.5,275.5,,,270.0,265.5,265.5,330.0,364.0,,,374.5,375.5,390.0,396.0,406.0,182,182,2023/11/9,0.0
6658,聯策,46.25,49.2,45.0,45.0,50.2,48.95,51.2,50.6,50.1,,,,,49.9,49.65,48.95,,,49.1,48.6,45.75,40.0,39.15,,,39.0,39.05,38.9,38.55,38.85,156,158,2023/11/2,0.0
6856,鑫傳,,,79.3,80.9,75.0,80.3,86.0,,,,84.0,80.5,83.9,80.3,78.5,,,,,81.9,77.7,72.0,,,74.4,74.9,73.5,74.5,72.6,72.0,109,130,2023/10/27,0.0
6526,達發,587.0,575.0,704.0,658.0,651.0,578.0,611.0,,,627.0,623.0,628.0,616.0,602.0,,,585.0,578.0,576.0,569.0,541.0,415.0,436.5,,,424.0,419.0,422.0,412.0,454.0,220,220,2023/10/19,0.0
6901,鑽石生技,79.4,84.7,88.2,84.1,84.9,71.4,,,70.6,71.3,71.1,70.6,70.5,,,70.0,69.3,71.4,71.0,70.0,63.2,47.7,45.0,43.0,44.55,,,43.75,42.05,,146,146,2023/9/19,0.0
6870,騰雲,140.5,143.5,150.5,148.5,173.0,175.0,189.5,188.0,185.5,,,180.0,178.0,173.5,174.0,175.0,,,166.5,173.0,174.0,148.5,141.0,,,148.0,147.0,148.0,144.0,143.0,123,124,2023/9/14,0.0
6895,宏碩系統,139.0,163.5,164.5,151.0,187.0,160.5,,,163.5,165.0,164.0,164.0,165.0,,,166.5,165.0,160.5,,162.5,155.0,138.0,141.5,142.5,143.5,,,143.5,142.5,131.5,125,125,2023/8/22,0.0
2073,雄順,,30.0,,35.8,35.2,36.0,36.3,36.6,36.4,36.7,,,36.1,36.2,36.4,36.0,35.95,,,36.15,37.0,34.95,,,,,34.05,33.85,33.6,32.9,148,179,2023/6/21,0.0
6877,鏵友益,45.0,38.2,42.0,47.15,43.9,44.15,45.95,45.45,,,45.45,45.15,44.95,44.95,43.8,,,44.15,44.95,43.8,44.85,43.3,,,41.0,43.6,48.4,,,43.4,178,178,2023/6/16,0.0
6657,華安,40.05,39.35,59.8,67.0,66.5,62.5,64.5,,,64.6,63.2,64.2,63.9,62.2,,,61.6,62.5,61.5,61.5,65.0,65.1,63.6,60.7,61.1,59.6,,,57.4,78.0,136,136,2023/6/12,0.0
6821,聯寶,32.6,35.2,42.1,45.0,48.0,50.3,52.6,,,50.2,48.8,50.5,51.0,51.2,,,,50.3,50.1,50.0,51.9,44.9,49.8,48.2,50.0,52.5,,,51.1,46.55,146,146,2023/5/22,0.0
6584,南俊國際,65.3,65.9,60.0,60.4,59.9,73.0,79.8,76.7,71.3,,,73.7,73.5,71.7,73.0,71.3,,,,71.5,72.3,68.4,67.1,,,71.5,70.0,67.5,67.3,73.2,166,177,2023/5/18,0.0
6846,綠茵生技,70.2,70.0,80.0,80.0,78.9,105.5,114.5,115.0,,,114.5,118.0,113.0,110.0,106.0,,,105.5,105.5,106.0,106.0,94.8,90.4,92.4,95.2,95.2,,,93.3,91.1,151,156,2023/5/15,0.0
6861,睿生光電,74.3,85.0,103.5,84.0,84.5,138.0,127.0,,,,,132.0,139.0,142.5,,,140.5,138.0,141.0,138.5,131.0,128.0,125.0,130.0,129.5,130.0,,,,132.5,188,188,2023/3/27,0.0
6840,東研信超,,97.2,80.0,82.8,82.8,97.2,98.2,98.3,,,,,98.9,98.0,97.8,,,97.2,97.0,98.2,97.3,90.3,,,86.7,87.2,86.5,91.3,89.5,87.8,145,160,2023/3/24,0.0
6606,建德工業,27.5,28.45,28.0,,28.0,32.0,32.1,32.0,,,,,31.85,31.75,31.65,,,32.0,31.9,31.8,32.25,28.5,,,29.15,28.7,28.6,28.65,28.9,28.55,132,139,2023/3/24,0.0
2645,長榮航太,74.8,83.9,77.9,82.4,81.0,97.7,93.4,94.4,,,92.4,92.4,92.6,92.2,94.3,,,97.7,95.0,93.1,95.3,89.5,89.5,84.7,89.9,,,90.8,90.1,,139,139,2023/3/14,0.0
6753,龍德造船,65.4,69.8,52.2,49.7,53.3,86.9,66.6,71.9,78.4,88.9,,,91.3,87.0,83.9,86.9,89.7,,,90.7,92.8,87.1,,,78.4,78.4,78.5,79.8,87.7,113.0,134,134,2023/3/10,0.0
6865,偉康,89.0,91.1,88.4,72.0,72.3,87.9,,,76.8,79.5,85.0,80.2,83.0,,,93.0,89.5,87.9,88.1,91.6,92.0,82.5,74.9,75.1,,,75.0,75.5,,80.0,107,109,2023/1/11,0.0
6708,天擎,57.0,59.9,79.8,71.8,61.7,70.5,73.9,75.0,72.0,,,75.1,71.0,68.0,71.0,70.5,,,69.4,68.9,76.0,61.9,63.1,,,,62.5,63.3,60.5,,141,141,2022/12/29,0.0
8227,巨有科技,55.5,68.6,63.0,69.8,66.4,85.4,,,87.1,84.8,83.9,86.0,88.2,,,83.5,82.5,85.4,86.5,87.6,92.8,103.0,95.5,103.5,103.0,,,102.0,94.8,93.2,134,134,2022/12/20,0.0
6517,保勝光學,27.3,34.25,45.95,47.1,43.1,47.2,44.1,49.1,50.1,,,48.05,46.95,44.5,45.5,47.2,,,49.1,48.5,51.0,64.0,68.4,,,64.2,60.4,64.0,70.4,63.0,131,131,2022/12/15,0.0
3447,展達,33.3,35.75,37.1,39.0,37.8,38.05,39.95,39.2,38.95,,,39.45,38.35,38.6,37.65,38.05,,,37.85,38.95,41.6,48.0,44.5,,,41.45,41.35,42.1,41.35,43.0,129,129,2022/12/15,0.0
6874,倍力,,82.5,77.5,95.5,65.0,54.6,57.9,57.8,57.9,59.0,,,57.3,57.3,55.5,54.6,52.7,,,50.5,50.5,51.7,49.55,50.8,,,48.7,46.6,46.5,46.25,122,124,2022/12/14,0.0
6859,伯特光,136.0,135.0,157.0,170.5,153.0,124.5,137.5,,,140.5,141.0,143.5,142.0,137.5,,,130.0,124.5,126.0,130.5,123.0,132.0,124.0,125.0,122.0,120.0,,,120.5,141.0,124,125,2022/11/28,0.0
6782,視陽,205.0,299.5,331.5,266.5,270.0,207.0,218.0,,,237.0,234.5,219.0,211.0,216.5,,,210.0,207.0,211.0,211.0,224.0,260.0,273.5,275.5,276.0,300.0,,,329.5,331.5,119,119,2022/11/28,0.0
6843,進典,52.0,53.1,,52.1,,49.5,50.9,,,52.4,52.5,52.7,52.7,50.4,,,50.8,49.5,48.15,46.0,44.5,45.3,45.0,52.0,52.1,52.7,,,53.3,49.7,91,161,2022/11/21,0.0
6791,虎門科技,58.0,,56.0,67.0,67.5,59.9,60.3,,,59.0,62.0,62.0,59.2,,,,59.0,59.9,57.5,57.2,54.6,47.65,46.6,47.7,47.95,48.5,,,48.55,51.4,110,124,2022/11/14,0.0
6835,圓裕,,51.5,52.5,51.2,50.7,48.15,48.9,48.0,48.5,,,48.5,48.1,48.15,48.15,48.15,,,47.65,48.15,48.2,38.65,41.1,,,40.0,40.05,40.05,40.6,38.8,107,122,2022/11/10,0.0
6695,芯鼎,59.8,57.1,57.0,50.0,52.3,46.15,50.3,53.4,,,,51.0,50.4,48.8,50.1,,,46.15,45.2,43.4,39.9,34.1,,,34.35,34.3,34.55,33.6,32.5,50.3,118,118,2022/11/4,0.0
4951,精拓科,65.5,81.0,70.6,68.3,63.2,53.1,55.7,56.2,59.7,,,,57.9,56.1,52.0,53.1,,,51.2,51.7,50.0,44.6,43.85,,,44.2,45.0,46.7,46.0,54.8,138,138,2022/11/3,0.0
6855,數泓科,101.5,96.1,95.2,93.0,92.0,103.5,100.5,99.5,,,,97.0,99.5,103.0,99.5,103.5,,,102.5,100.0,100.0,90.0,86.4,,,,78.2,77.7,73.5,64.0,119,140,2022/10/6,0.0
4584,君帆,,72.5,,71.0,,61.6,66.0,66.5,65.8,,,,65.4,62.2,62.0,61.6,61.9,,,61.3,57.8,50.6,49.45,49.3,,,,48.45,47.25,42.7,124,139,2022/10/5,0.0
6689,伊雲谷,295.0,250.0,296.0,255.5,244.5,172.0,206.0,,,204.5,203.0,197.5,186.0,178.5,,,172.0,172.0,170.0,170.0,156.0,142.5,143.0,170.0,177.0,,,169.5,157.0,120.0,120,120,2022/9/13,0.0
3430,奇鈦科,56.2,52.9,65.4,56.3,57.2,59.6,58.9,60.5,58.6,,,59.8,59.7,57.9,61.2,59.6,,,57.6,57.5,58.6,59.1,,,,59.6,56.4,58.0,60.1,56.7,120,120,2022/9/8,0.0
6834,天二科技,46.55,48.4,49.0,43.55,42.95,34.0,37.45,37.8,36.45,,,35.0,33.7,33.1,33.5,34.0,,,33.9,33.65,32.8,30.6,29.6,,,29.4,29.5,29.2,29.15,28.05,129,129,2022/9/1,0.0
6830,汎銓,180.0,170.0,144.0,139.0,140.5,139.5,147.0,147.0,148.0,148.5,,,149.0,140.0,138.0,139.5,142.5,,,141.0,134.0,124.5,121.0,115.0,,,111.0,106.5,106.0,119.0,120,120,2022/8/31,0.0
6811,宏碁資訊,,209.5,199.0,199.5,198.0,193.0,,,,194.0,194.0,,198.0,,,194.0,193.5,193.0,190.5,190.0,171.5,136.0,130.5,130.0,135.5,,,140.5,135.0,138.0,107,118,2022/8/9,0.0
6823,濾能,,174.0,171.5,159.0,163.0,127.0,127.5,124.0,,,,135.0,131.0,130.0,129.0,127.0,,,127.0,122.5,114.5,100.0,90.3,,,91.2,93.1,89.1,91.0,92.2,142,150,2022/6/30,0.0
6789,采鈺,502.0,524.0,472.5,456.0,483.5,405.0,448.0,448.0,,,,447.0,418.5,414.5,406.0,405.0,,,399.0,394.5,375.5,334.0,302.0,,,297.5,325.0,314.0,316.5,302.5,147,148,2022/6/30,0.0
4577,達航,29.55,32.0,44.85,45.6,45.0,40.25,40.0,,,40.45,42.05,42.45,42.6,40.5,,,38.8,40.25,39.2,38.7,39.0,34.3,33.95,33.65,32.9,,,32.3,32.6,28.85,136,149,2022/6/14,0.0
6796,晉弘,61.7,63.9,71.0,67.2,68.5,62.2,70.3,69.8,69.6,68.9,,,68.5,67.5,66.0,62.2,62.2,,,60.8,60.0,53.8,50.8,,,,49.7,50.9,50.6,58.6,141,142,2022/6/1,0.0
6546,正基,111.0,118.5,147.0,143.0,145.5,123.5,,,135.0,136.0,134.0,133.0,131.5,,,,125.0,123.5,125.0,122.0,112.0,123.0,117.0,114.5,113.5,,,116.0,114.0,138.0,119,120,2022/5/24,0.0
5228,鈺鎧,27.85,29.95,30.0,31.65,,27.95,29.9,29.95,,,29.5,,27.65,29.05,27.95,,,,28.05,28.05,25.0,27.0,,,28.65,27.3,26.0,25.5,25.75,24.1,111,128,2022/5/20,0.0
6585,鼎基,68.3,81.9,94.8,85.5,86.3,83.0,84.0,83.7,,,82.1,84.7,84.7,84.0,83.0,,,,82.0,80.0,73.5,62.7,,,62.5,62.7,62.5,63.6,65.2,69.0,137,143,2022/5/20,0.0
6799,來頡,226.0,315.5,314.5,280.0,283.5,180.5,201.5,205.5,214.5,193.0,,,191.0,173.5,175.5,180.5,178.5,,,168.0,159.5,153.0,167.5,,,179.0,186.0,200.0,214.0,218.0,140,141,2022/5/12,0.0
4583,台灣精銳,301.0,301.5,283.0,275.0,272.0,265.5,269.0,273.0,,,271.0,270.0,270.0,270.0,268.0,,,265.5,262.0,258.5,253.0,212.5,211.5,208.0,207.0,205.0,,,202.5,203.5,173,176,2022/5/9,0.0
6721,信實,65.1,66.4,72.0,73.3,73.5,69.5,71.8,71.0,,,,,71.7,70.5,70.0,,,69.5,70.0,68.8,69.9,60.6,,,,60.2,59.6,59.8,59.3,52.5,152,159,2022/4/29,0.0
6735,美達科技,99.0,124.0,162.0,158.5,154.0,115.5,125.0,127.0,,,,,127.5,123.0,123.5,,,115.5,114.0,115.0,105.5,88.2,,,,84.9,84.6,86.0,83.5,87.0,129,130,2022/4/29,0.0
4768,晶呈科技,125.5,126.5,110.0,138.5,130.5,122.0,137.0,,,138.0,133.0,125.5,122.5,122.5,,,125.0,122.0,122.0,122.0,127.0,104.0,120.0,121.0,,,122.0,121.0,115.5,107.5,154,156,2022/4/13,0.0
6804,明係,,41.0,41.55,43.0,44.45,67.9,68.2,70.5,74.0,,,71.1,71.3,74.4,73.7,67.9,,,65.5,63.5,61.1,52.8,50.9,,,,,49.1,49.75,49.65,108,140,2022/3/31,0.0
3349,寶德,20.6,20.55,27.5,30.15,28.9,26.0,28.0,27.6,26.0,26.9,,,,26.5,26.3,26.0,26.0,,,24.75,23.6,22.55,21.2,21.05,,,20.45,20.3,20.5,18.95,130,133,2022/3/23,0.0
4558,寶緯,51.1,51.0,52.4,52.3,53.1,58.8,64.4,59.5,59.9,,,60.9,59.9,60.3,58.8,59.4,,,,59.0,58.4,43.8,48.25,,,49.2,48.2,47.0,45.75,45.25,107,118,2022/3/17,0.0
6763,綠界科技,1175.0,1325.0,1225.0,1205.0,1175.0,1120.0,1240.0,,,1165.0,1155.0,1190.0,1125.0,1130.0,,,1140.0,1120.0,1115.0,1010.0,948.0,774.0,761.0,762.0,760.0,,,792.0,772.0,,117,118,2022/3/15,0.0
4923,力士,59.7,61.0,88.3,89.3,89.0,86.3,89.3,88.0,,,88.3,90.0,87.1,86.9,86.9,,,86.3,85.0,84.3,82.0,75.7,76.2,72.0,75.3,74.7,,,77.2,78.1,134,136,2022/3/14,0.0
8438,昶昕,,46.85,60.3,,63.2,59.9,65.9,66.0,64.1,,,60.9,60.5,59.8,59.2,59.9,,,60.0,60.3,57.6,40.5,,,40.45,38.0,38.55,37.6,37.9,39.0,104,115,2022/3/11,0.0
6829,千附精密,,85.1,92.2,102.5,97.8,88.0,97.5,97.5,97.0,,,96.0,94.0,90.8,90.4,88.0,,,88.7,89.0,83.8,73.5,,,75.0,75.5,74.2,75.6,76.3,83.8,122,128,2022/3/11,0.0
6693,廣閎科,76.3,93.5,103.0,131.5,132.5,157.0,,,,,,,,,,,160.0,157.0,157.5,153.0,152.0,119.5,114.0,107.5,108.5,,,98.8,94.6,96.0,126,128,2022/3/1,0.0
2756,聯發國際,137.0,132.0,117.0,103.5,103.0,135.0,141.5,140.0,135.5,,,135.5,135.5,135.0,134.0,135.0,,,131.5,133.0,130.0,121.5,,,112.5,113.0,115.5,125.0,119.0,,135,141,2022/1/14,0.0
6719,力智,385.5,528.0,581.0,816.0,822.0,841.0,837.0,862.0,880.0,858.0,,,842.0,840.0,832.0,841.0,874.0,,,873.0,918.0,800.0,800.0,,,864.0,864.0,894.0,983.0,,107,109,2022/1/13,0.0
3592,瑞鼎,434.5,408.5,369.5,349.5,351.0,551.0,597.0,578.0,578.0,,,578.0,554.0,571.0,568.0,551.0,,,553.0,551.0,580.0,526.0,,,556.0,580.0,577.0,565.0,568.0,,123,125,2022/1/7,0.0
6691,洋基工程,236.0,254.5,245.0,240.0,243.0,265.5,268.0,266.5,,,265.0,266.0,264.5,263.0,264.5,,,265.5,264.5,265.5,263.5,236.0,231.5,229.0,228.5,219.0,,,213.5,200.5,126,128,2022/1/3,0.0
4770,上品,225.0,228.0,238.5,231.0,225.0,267.5,279.0,281.5,281.0,265.5,,,266.0,267.0,266.5,267.5,266.5,,,266.5,278.0,252.0,254.5,252.5,,,266.0,265.0,286.0,259.5,126,128,2021/12/22,0.0
6792,詠業,123.0,130.5,128.0,146.0,142.5,164.0,143.0,142.5,142.0,150.5,,,163.0,163.0,171.0,164.0,178.0,,,180.0,193.5,200.0,216.0,215.5,,,205.0,198.5,208.0,206.0,120,121,2021/12/8,0.0
6770,力積電,69.2,67.8,67.0,65.3,63.3,72.8,68.9,,,70.9,75.3,75.2,74.2,74.0,,,74.7,72.8,71.5,73.0,73.9,75.9,73.6,72.7,71.0,72.7,,,71.0,70.4,117,118,2021/12/6,0.0
2945,三商家購,88.2,93.5,93.5,98.5,100.5,86.0,,,84.9,84.9,85.9,85.9,86.0,,,85.9,85.9,86.0,87.0,87.9,102.0,84.0,78.7,76.3,77.1,,,75.3,73.0,72.1,187,191,2021/11/30,0.0
6806,森崴能源,119.0,126.5,142.5,129.0,137.0,124.0,126.5,,,121.5,121.0,121.5,120.0,128.0,,,128.0,124.0,122.0,122.0,126.0,117.0,107.0,105.5,108.0,104.5,,,100.0,93.4,123,124,2021/11/15,0.0
6761,穩得,80.5,99.1,145.0,141.5,147.0,114.0,150.0,,,,150.0,143.5,143.0,133.5,,,115.0,114.0,125.5,125.0,138.5,165.0,164.0,189.0,209.0,206.0,,,200.0,172.5,135,136,2021/11/8,0.0
5222,全訊,114.5,128.0,151.5,129.5,138.0,141.5,144.5,148.0,,,149.5,149.5,145.5,150.5,145.5,,,141.5,138.5,136.5,148.5,181.0,185.0,190.0,189.0,178.5,,,196.0,218.0,125,126,2021/10/25,0.0
4440,宜新實業,45.1,52.1,54.6,52.4,52.7,51.9,54.6,53.0,,,52.0,54.1,52.9,52.0,51.5,,,51.9,50.5,50.0,49.7,44.0,44.0,43.2,43.25,43.25,,,42.9,44.9,106,107,2021/10/25,0.0
2947,振宇五金,114.5,115.0,110.5,113.5,113.0,119.5,116.5,,,117.5,118.5,117.0,120.5,116.5,,,116.0,119.5,119.5,119.0,115.5,112.5,109.5,106.5,,,,104.5,106.0,106.0,137,139,2021/10/6,0.0
6790,永豐實,68.6,69.1,78.7,76.2,76.7,65.6,69.6,,,69.3,68.5,67.8,67.2,67.9,,,66.0,65.6,64.6,64.9,61.7,55.8,53.5,52.7,,,52.4,52.7,51.1,48.2,133,134,2021/9/29,0.0
6788,華景電,158.0,170.0,163.5,175.0,191.0,204.0,204.0,,,207.5,204.5,205.5,205.5,212.0,,,211.0,204.0,197.5,199.0,214.0,193.5,196.5,190.0,,,182.0,187.0,186.0,240.5,134,135,2021/9/29,0.0
2753,八方雲集,171.0,180.0,178.0,177.5,188.0,180.0,189.0,189.0,190.0,,,189.0,187.0,187.0,181.0,180.0,,,181.5,184.0,181.0,167.0,160.5,,,154.0,150.5,147.5,151.5,145.5,121,122,2021/9/9,0.0
6684,安格,89.3,108.0,87.8,86.4,94.4,181.5,141.5,139.0,155.5,162.5,,,163.0,184.0,187.0,181.5,170.5,,,179.0,172.0,174.0,175.0,163.5,,,154.0,148.0,149.0,176.0,120,122,2021/8/11,0.0
5236,凌陽創新,174.0,193.0,211.0,169.5,190.5,212.0,240.5,236.5,231.5,,,239.0,230.5,225.0,218.0,212.0,,,226.0,223.0,233.0,224.5,211.0,,,198.0,214.0,220.0,211.5,163.0,116,118,2021/7/29,0.0
3357,臺慶科,81.3,90.7,107.0,102.5,102.5,195.5,,,149.0,152.5,170.0,177.0,,,,,198.0,195.5,195.0,191.0,193.5,176.5,167.5,164.5,,,,146.0,158.0,108.0,130,134,2021/4/27,0.0
2211,長榮鋼,41.2,43.35,47.6,46.7,46.0,57.3,56.6,56.1,55.3,,,57.0,56.5,56.1,56.4,57.3,,,57.3,57.2,57.2,72.5,69.5,66.2,62.9,69.3,,,71.5,,175,181,2021/4/12,0.0
6776,展碁國際,37.55,39.25,39.35,38.45,38.6,37.8,39.4,39.15,39.7,39.15,,,39.35,37.85,38.25,37.8,38.15,,,38.05,38.6,69.7,72.2,,,,,66.0,66.8,47.95,130,135,2021/3/31,0.0
6651,全宇昕,67.2,72.5,71.4,69.1,69.7,70.6,,,,71.7,72.0,72.9,71.8,72.1,,,71.1,70.6,70.5,73.2,73.9,73.1,76.5,87.5,87.0,87.0,,,,115.5,111,113,2021/2/1,0.0
6733,博晟生醫,38.0,39.65,44.25,39.1,38.75,39.0,38.2,38.85,,,,39.55,39.65,40.45,39.6,39.0,,,38.55,37.6,38.0,31.2,29.0,,,28.05,28.4,29.1,28.8,27.75,126,128,2021/1/28,0.0
6661,威健生技,32.5,38.4,35.5,36.3,35.75,34.4,35.2,36.45,36.2,,,,36.0,35.75,34.5,34.4,34.35,,,34.5,33.2,31.15,29.65,28.1,,,28.1,27.6,28.0,,114,117,2021/1/27,0.0
6767,台微醫,40.0,41.2,43.8,43.0,43.0,40.8,43.25,,,43.2,43.0,43.0,40.8,,,,41.2,40.8,40.9,40.5,40.7,36.9,35.1,34.8,33.2,33.25,,,32.15,,120,122,2021/1/25,0.0
6712,長聖,164.0,206.0,221.0,205.0,204.5,190.0,191.0,190.0,186.5,,,185.5,188.5,186.0,187.0,190.0,,,185.0,185.0,177.5,172.5,,,177.0,174.0,177.5,182.5,200.5,228.0,124,126,2021/1/8,0.0
6751,智聯服務,103.0,120.0,142.0,131.5,131.0,110.0,105.0,110.5,,,,110.0,105.0,112.0,110.5,,,110.0,113.5,112.0,111.5,88.3,,,80.8,79.0,77.9,78.0,,77.2,138,141,2020/12/25,0.0
6728,上洋,,67.0,,,69.5,65.0,65.5,65.7,,,66.2,64.5,64.3,66.0,65.0,,,65.0,64.5,64.5,63.9,54.9,,,52.3,58.6,61.0,60.0,,55.3,149,201,2020/12/25,0.0
6756,威鋒電子,288.0,347.5,351.0,306.5,308.5,312.5,329.0,349.0,329.0,,,314.0,318.5,313.0,311.5,312.5,,,306.0,327.0,309.0,269.0,262.0,,,250.0,236.0,246.0,238.0,284.5,126,128,2020/12/24,0.0
6762,達亞,225.0,234.0,346.0,330.0,335.5,317.0,319.0,318.0,,,322.5,320.0,319.5,319.0,318.0,,,317.0,306.5,307.0,291.0,267.5,,,267.0,267.0,267.5,260.0,255.0,263.0,103,107,2020/12/18,0.0
2755,揚秦,,67.1,69.4,86.3,86.9,89.1,87.2,85.7,86.2,93.2,,,94.7,89.7,90.0,89.1,88.0,,,85.9,83.0,68.8,64.9,64.8,,,62.6,60.3,62.2,58.7,140,153,2020/12/16,0.0
6743,安普新,116.0,111.5,114.5,127.5,123.0,130.0,118.0,,,121.0,132.0,134.5,131.0,130.0,,,130.0,130.0,132.0,132.5,131.5,120.0,130.0,139.0,140.0,142.0,,,149.5,,101,103,2020/12/14,0.0
3138,耀登科技,77.2,80.8,81.5,96.6,102.0,81.0,86.4,85.7,,,87.5,88.9,88.9,84.5,83.0,,,81.0,81.0,82.2,82.9,87.0,,,98.9,91.0,91.2,98.0,107.5,157.0,121,123,2020/12/11,0.0
6752,叡揚資訊,63.5,66.3,68.1,74.3,74.1,69.2,72.4,71.7,72.4,,,71.4,71.7,69.4,69.9,69.2,,,68.4,67.3,68.0,61.1,59.6,,,59.9,61.3,60.5,60.2,62.3,120,124,2020/12/10,0.0
6727,亞泰金屬,76.3,84.2,78.8,77.6,79.4,73.9,,,78.6,78.1,78.2,77.6,77.7,,,76.0,73.1,73.9,73.2,72.0,71.6,64.3,68.7,66.9,65.3,,,63.6,62.9,57.6,120,122,2020/12/1,0.0
1342,八貫,60.6,90.3,79.2,72.8,75.4,78.2,,,80.6,80.8,80.3,80.8,78.2,,,78.0,78.4,78.2,78.1,77.2,74.9,65.6,65.8,64.0,63.0,,,62.1,62.2,59.9,133,136,2020/11/24,0.0
4945,陞達科技,41.15,55.9,60.0,58.1,57.2,62.4,70.9,68.0,,,68.2,68.1,66.0,64.9,64.0,,,62.4,63.0,60.9,59.0,51.3,,,50.9,50.2,50.8,50.5,50.6,50.8,135,138,2020/11/20,0.0
7556,意德士,85.2,115.0,132.0,125.0,117.0,151.0,,,,,143.0,169.0,152.0,156.0,,,,151.0,144.0,141.0,147.0,106.0,,,94.5,100.0,96.8,95.6,96.5,125.5,114,120,2020/10/30,0.0
6703,軒郁,72.8,85.0,122.5,124.5,141.5,144.5,152.5,160.0,160.5,,,156.0,152.0,150.5,147.5,144.5,,,139.5,139.5,150.0,121.0,120.5,115.0,118.0,,,115.5,114.0,111.0,149,152,2020/10/20,0.0
2247,汎德永業,202.49,201.99,262.99,245.0,256.0,382.5,288.0,286.0,299.5,390.0,,,418.5,414.5,399.5,382.5,371.0,,,322.0,332.0,285.5,279.0,291.0,284.5,282.5,,,273.0,258.5,240,249,2020/10/12,0.0
8089,康全電訊,23.3,29.0,66.0,56.1,56.2,61.9,67.4,66.6,64.1,63.9,,,62.5,61.8,62.0,61.9,60.9,,,60.6,62.6,63.0,70.0,70.6,,,68.8,71.6,67.3,55.9,129,132,2020/9/23,0.0
2754,亞洲藏壽司,107.0,105.69,88.0,50.49,59.5,100.0,99.6,98.0,95.9,,,106.5,105.0,101.5,100.5,100.0,,,97.7,97.0,95.6,108.0,93.7,,,89.0,90.1,86.3,80.0,82.9,196,207,2020/9/17,0.0
2241,艾姆勒,47.0,46.65,67.0,61.2,67.3,65.7,65.7,66.7,67.1,67.1,,,67.8,67.7,67.7,65.7,65.3,,,62.0,61.9,64.8,61.7,66.8,,,64.4,61.7,63.7,55.1,111,112,2020/8/26,0.0
6754,匯僑設計,40.4,40.0,49.5,50.2,,68.5,,,56.5,65.5,66.0,64.1,65.8,,,66.1,68.2,68.5,67.0,65.0,63.8,56.5,51.7,51.4,51.5,,,51.6,51.5,52.5,113,114,2020/8/25,0.0
6588,東典光電,96.72,101.6,129.7,129.61,,130.0,96.7,,,97.0,94.0,95.0,96.2,98.0,,,110.5,130.0,125.0,120.0,125.0,151.0,146.5,144.5,,,139.5,132.0,145.0,118.5,171,176,2020/7/1,0.0
6732,昇佳電子,757.0,796.49,714.0,692.99,684.99,683.0,690.0,,,712.0,732.0,719.0,702.0,677.0,,,670.0,683.0,710.0,709.0,733.0,795.0,903.0,940.0,900.0,970.0,,,905.0,,137,142,2020/6/8,0.0
8284,三竹,62.0,66.19,69.8,65.0,64.5,64.5,69.8,69.9,,,68.5,68.9,67.7,65.8,65.0,,,64.5,66.7,65.1,69.9,70.9,67.5,66.0,67.1,65.1,,,64.0,65.0,130,138,2020/5/18,0.0
3543,州巧,19.7,19.95,23.47,24.04,24.0,18.9,17.65,,,17.25,18.82,20.19,18.5,19.02,,,18.55,18.9,18.5,17.9,17.7,18.9,24.0,22.8,,,21.0,19.9,19.5,19.0,122,126,2020/4/15,0.0
6716,應廣,,40.93,48.9,48.0,58.0,54.98,55.2,,,,53.81,54.0,55.0,55.1,54.5,,,54.98,56.09,55.5,50.0,48.25,,,45.6,46.7,45.8,,,67.8,111,127,2020/3/27,0.0
2743,山富,,17.7,20.4,22.2,22.68,17.65,17.15,17.49,,,16.9,17.19,17.29,18.21,18.0,,,17.65,17.5,17.39,17.0,14.05,13.7,14.05,13.7,13.6,,,13.1,11.8,114,129,2020/3/9,0.0
3597,映興電子,16.5,,19.4,19.05,22.6,20.47,20.25,20.5,,,20.1,20.2,20.18,19.5,19.5,,,20.47,19.65,19.55,20.0,16.5,15.6,15.55,15.45,15.45,,,15.1,13.85,111,136,2020/3/9,0.0
4580,捷流閥業,105.0,106.99,99.0,99.0,100.0,108.5,117.5,115.14,,,112.0,111.49,108.18,112.32,113.29,,,108.5,109.0,107.26,113.5,128.0,120.5,111.0,114.5,115.0,,,111.0,,107,111,2020/1/6,0.0
6697,東捷資訊,40.0,42.4,45.5,45.5,50.0,50.0,49.8,50.0,50.0,,,50.0,50.0,50.0,50.2,50.0,,,50.0,49.7,49.2,47.95,45.05,,,43.9,43.1,,43.5,40.55,111,112,2019/12/26,0.0
6527,明達醫,,78.99,88.89,89.0,89.0,81.24,80.25,85.79,85.99,86.23,,,85.4,80.5,79.78,81.24,80.7,,,81.5,79.5,86.2,83.0,80.5,,,77.4,78.5,,73.0,107,107,2019/12/25,0.0
6706,惠特科技,67.3,68.7,72.4,82.25,79.5,81.75,81.49,80.25,83.14,,,84.4,83.24,84.14,84.99,81.75,,,81.79,80.48,81.8,80.5,91.4,,,96.1,96.5,111.0,115.0,120.0,85,85,2019/12/19,0.0
6715,嘉基,100.29,103.98,103.51,100.17,100.0,102.0,95.2,94.99,95.59,,,93.9,95.0,96.0,96.28,102.0,,,102.41,101.99,101.01,93.2,90.0,,,91.6,91.5,91.6,92.7,,133,133,2019/12/12,0.0
6592,和潤企業,144.79,141.69,129.4,129.6,130.92,133.0,141.5,,,142.0,141.6,139.8,130.59,131.3,,,132.1,133.0,131.0,131.0,129.6,98.0,93.5,90.5,89.8,84.8,,,85.6,88.9,74,74,2019/12/9,0.0
6698,旭暉應材,74.96,74.52,89.8,90.8,90.0,85.8,87.43,,,87.77,86.55,83.69,81.24,81.5,,,83.99,85.8,87.0,85.3,79.79,73.0,74.0,74.0,73.1,71.3,,,69.7,89.1,132,132,2019/11/25,0.0
6690,安碁資訊,,103.0,153.0,147.3,,131.0,137.99,132.0,129.0,116.86,,,130.0,131.0,132.0,,,,,131.0,115.0,130.0,138.5,134.0,,,124.0,121.0,118.0,116.0,94,112,2019/10/30,0.0
6491,晶碩,212.0,226.0,224.0,220.0,221.0,201.5,207.0,,,212.0,214.0,215.0,217.0,,,,209.0,201.5,205.0,203.0,195.0,178.5,173.0,168.5,,,,,168.5,167.5,114,114,2019/10/7,0.0
2752,豆府,139.0,,145.0,140.0,139.4,135.32,,,137.0,139.99,140.0,140.0,139.78,,,,135.98,135.32,130.0,132.48,131.99,120.0,114.0,111.0,,,,110.0,110.0,106.5,101,109,2019/9/25,0.0
6642,富致,35.98,38.59,41.31,39.0,38.49,40.99,41.49,40.62,,,40.0,42.19,41.8,41.5,41.3,,,40.99,39.01,39.2,39.38,40.25,43.0,40.85,39.65,38.1,,,,,134,138,2019/9/23,0.0
4931,新盛力,20.7,23.99,25.09,26.6,26.7,39.95,32.1,,,39.9,43.8,40.5,41.5,40.7,,,40.2,39.95,38.9,39.5,43.0,33.45,39.0,39.2,38.0,,,37.65,35.1,33.2,126,127,2019/9/17,0.0
6680,鑫創電子,69.76,79.0,80.51,,77.0,80.51,80.0,80.0,,,79.5,82.5,81.1,80.02,80.0,,,80.51,80.0,79.98,79.0,73.0,73.2,72.6,71.4,71.6,,,71.3,69.8,112,135,2019/9/16,0.0
4572,駐龍,172.0,179.95,155.51,159.1,160.0,162.9,,,170.0,167.1,166.49,163.88,163.2,,,165.2,165.0,162.9,164.5,166.5,165.59,160.5,157.5,156.5,,,,150.0,151.0,,126,127,2019/9/10,0.0
4576,大銀微系統,120.0,120.5,101.0,103.0,110.5,100.0,102.3,101.0,102.5,,,,101.0,100.0,100.0,100.0,100.0,,,99.1,95.0,90.0,88.4,86.6,,,84.0,85.1,87.8,87.8,116,117,2019/9/4,0.0
6589,台康生技,30.43,30.99,37.1,37.12,37.29,36.0,39.61,39.99,,,39.81,39.69,38.9,37.89,,,,36.0,39.5,38.19,35.11,31.25,,,32.2,33.65,33.0,33.4,33.5,35.5,153,157,2019/6/28,0.0
6649,台生材,,,,56.0,54.0,52.3,55.5,56.1,55.8,53.8,,,54.59,53.4,54.0,52.3,53.0,,,51.51,54.0,48.3,44.65,,,,43.3,43.5,44.15,40.4,125,152,2019/6/5,0.0
6624,萬年清,,62.6,65.0,64.7,68.79,69.4,,,73.3,75.8,,72.5,72.5,,,71.0,67.6,69.4,68.68,69.4,68.72,63.6,62.6,62.1,61.7,,,58.4,55.8,59.7,104,143,2019/5/28,0.0
5283,禾聯碩,101.0,103.5,106.0,119.39,117.48,122.6,127.0,126.2,,,126.0,122.0,,121.6,124.38,,,122.6,119.0,116.34,110.3,102.0,,,105.0,101.0,103.5,102.5,101.0,92.5,154,159,2019/5/24,0.0
6679,鈺太科技,58.95,58.9,80.5,80.75,82.45,94.29,94.5,97.01,96.1,97.15,,,96.65,93.2,93.0,94.29,94.29,,,93.57,96.5,86.0,89.9,,,85.7,83.8,90.8,90.3,83.5,134,138,2019/5/9,0.0
6516,勤崴,162.0,152.0,196.83,174.72,180.51,225.0,,,,,214.0,215.0,230.0,228.99,229.46,,,225.0,218.5,222.09,220.0,180.5,176.0,168.0,167.0,169.0,,,153.5,152.5,133,137,2019/5/6,0.0
6683,雍智科技,87.0,89.5,104.5,103.5,114.1,129.0,123.0,124.0,,,125.0,123.0,125.39,124.5,124.0,,,129.0,132.99,130.39,138.44,126.0,120.5,115.5,119.0,,,113.5,115.5,105.5,111,115,2019/4/23,0.0
6669,緯穎,490.0,368.0,315.0,293.0,283.98,385.89,366.16,373.15,,,,,396.28,393.3,390.0,385.89,398.99,,,386.98,376.39,378.0,390.5,392.5,,,381.0,381.5,378.0,364.0,186,189,2019/3/27,0.0
6662,樂斯科,48.35,49.0,48.5,49.75,49.01,61.0,,,57.31,62.72,62.0,,,,,62.08,62.3,61.0,59.19,57.8,59.9,52.0,51.6,50.5,49.1,,,48.4,48.4,46.2,122,138,2019/3/26,0.0
4760,勤凱,33.5,28.81,29.81,28.99,29.09,33.99,33.7,33.99,32.71,,,33.31,33.6,33.99,,,,,37.6,37.0,37.79,35.15,34.3,,,33.1,33.1,33.1,32.5,31.1,126,131,2019/3/21,0.0
4564,元翎,37.23,36.88,36.0,38.41,37.3,38.84,,,,,,,,,,38.1,38.03,38.84,38.6,39.0,45.75,54.3,52.7,,,52.5,52.1,57.2,59.0,71.8,120,123,2019/3/7,0.0
6418,詠昇,22.5,28.25,25.89,31.3,31.52,33.0,31.1,31.01,32.11,,,32.51,32.8,32.4,32.53,33.0,,,33.7,32.79,32.8,26.4,30.1,28.7,27.45,26.9,,,26.8,26.8,112,123,2019/2/18,0.0
6643,M31,248.99,260.83,254.8,241.0,242.78,260.99,259.99,261.99,261.0,255.81,,,,,261.0,260.99,258.0,,,260.98,269.99,281.5,300.5,298.0,,,285.0,290.0,279.5,315.0,147,150,2019/1/23,0.0
4538,大詠城,22.0,22.4,23.51,24.09,23.52,22.8,21.89,25.5,,,26.4,27.5,27.5,26.45,24.09,22.85,,22.8,21.9,21.82,23.2,20.1,25.7,22.9,22.0,,,20.5,20.7,,132,144,2019/1/15,0.0
4967,十銓,34.49,32.76,29.79,26.75,27.09,30.09,29.19,28.5,28.99,,,29.7,30.7,30.99,30.39,31.05,30.09,,30.6,31.3,31.56,28.5,27.5,28.7,27.2,27.2,,,26.4,,114,115,2019/1/14,0.0
6590,普鴻,25.8,,,25.3,,25.66,,,25.04,,25.02,25.1,25.52,,,26.1,25.6,25.66,25.22,,24.2,32.25,29.25,25.85,26.4,26.35,,,,27.0,76,129,2018/12/24,0.0
6670,復盛應用,167.0,155.0,161.5,161.1,161.0,152.5,,,154.99,153.49,152.5,152.54,150.99,,,151.99,153.99,152.5,152.5,154.49,158.51,163.0,171.0,164.5,171.0,172.5,,171.5,165.0,161.5,132,132,2018/12/18,0.0
2070,精湛,45.0,44.1,40.01,43.2,,38.14,38.8,,,37.6,37.3,37.5,38.1,38.0,,,38.0,38.14,38.14,37.2,38.0,57.0,49.6,48.9,46.5,42.6,39.9,,40.25,34.8,117,126,2018/12/17,0.0
6668,中揚光,122.99,117.5,96.86,82.98,90.0,73.49,71.4,71.39,72.7,79.99,,,76.79,75.28,74.59,73.49,73.49,,,72.2,72.29,89.5,94.7,106.5,,,98.9,97.4,99.9,,105,104,2018/12/12,0.0
6671,三能-KY,,,,,,,,,,,,,,,,,,,,,,51.5,46.0,44.9,43.95,,,45.8,44.0,,15,146,2018/12/11,0.0
6558,興能高,37.0,39.07,39.09,37.5,37.2,25.99,28.8,28.49,29.14,28.0,,,27.3,26.5,26.39,25.99,26.99,,,28.35,27.69,37.5,41.8,39.6,,,37.6,38.8,37.7,49.0,121,120,2018/12/5,0.0
4766,南寶,140.39,144.51,133.4,126.57,126.09,90.01,100.59,101.01,101.0,101.0,,,100.5,90.7,90.72,90.01,88.99,,,89.27,88.0,94.0,112.5,112.0,,,112.0,120.0,116.5,113.0,122,122,2018/11/28,0.0
6674,鋐寶科技,46.0,46.2,48.8,46.0,,40.68,39.5,40.0,,41.5,,,40.8,40.0,40.0,40.68,39.8,,,38.7,37.9,39.0,39.1,42.8,,,50.6,46.0,45.4,43.3,105,122,2018/11/28,0.0
6655,科定,73.52,74.0,89.47,90.28,90.0,83.49,85.0,86.0,86.5,85.0,,,83.27,82.27,84.0,83.49,83.29,,,82.99,73.25,60.1,60.2,60.4,,,58.9,58.7,57.8,57.3,133,134,2018/11/28,0.0
3178,公準,,48.35,46.0,43.0,44.48,34.11,38.0,,,38.87,38.7,37.8,37.0,35.0,,,33.74,34.11,34.0,34.2,32.69,29.25,28.65,28.95,28.95,28.65,,,28.5,28.95,170,171,2018/11/19,0.0
6667,信紘,55.65,58.01,54.5,,53.89,43.6,,,50.66,50.0,50.0,,,,,50.0,47.49,43.6,44.41,43.99,42.8,39.0,38.6,37.75,37.15,,,37.05,35.8,37.4,102,126,2018/11/13,0.0
4767,誠泰科技,26.4,26.6,25.2,25.0,24.79,23.09,22.8,,,23.1,23.2,23.0,22.8,22.8,,,23.09,22.33,,21.84,22.1,18.95,17.65,18.0,18.35,18.5,,,18.1,18.0,116,126,2018/10/29,0.0
6654,天正國際,94.1,148.0,115.39,99.31,100.1,85.26,93.2,,,,95.5,93.98,88.3,84.5,,,83.21,85.26,87.52,84.25,81.0,74.1,75.0,72.0,71.8,,,68.3,64.8,71.0,127,127,2018/10/23,0.0
6640,均華,55.01,56.0,57.0,55.5,54.9,45.0,50.24,,,,50.09,48.85,49.0,48.81,,,47.0,45.0,46.0,45.5,45.43,39.6,38.1,38.0,37.9,,,37.45,36.0,36.45,98,104,2018/10/23,0.0
5876,上海商銀,,35.42,37.13,36.96,36.94,35.92,36.58,36.41,36.4,,,,36.56,36.59,35.98,35.92,,,36.0,36.14,36.29,36.9,,,37.35,36.55,36.8,36.2,36.45,39.9,150,150,2018/10/19,0.0
4961,天鈺,44.88,41.25,54.99,52.24,51.72,44.81,,,48.81,47.68,48.5,48.38,46.1,,,,46.23,44.81,44.02,44.68,43.64,36.4,37.75,36.55,,,39.0,38.25,40.0,37.05,101,101,2018/10/17,0.0
4568,科際精密,100.8,100.0,95.5,99.99,99.79,100.3,,,101.0,103.6,107.0,104.4,103.5,,,101.0,100.0,100.3,100.0,101.49,100.01,90.4,91.7,96.0,,,93.8,90.6,,78.0,108,116,2018/10/3,0.0
6578,達邦蛋白,26.0,28.89,31.5,30.1,30.15,27.59,,,27.2,28.21,28.39,28.37,27.53,,,27.88,27.6,27.59,27.49,27.5,27.0,24.85,23.2,22.75,22.65,,,,22.55,35.35,135,138,2018/9/18,0.0
6664,群翊,,73.0,73.8,71.78,72.2,72.79,72.0,,,71.72,72.5,73.9,74.0,73.87,,,73.5,72.79,72.73,72.5,70.2,61.2,59.5,60.1,,,59.5,56.3,57.1,56.5,124,124,2018/9/12,0.0
8367,建新國際,23.85,24.6,24.5,25.2,26.22,25.52,25.51,,,25.4,25.1,25.19,25.6,25.47,,,25.59,25.52,25.0,25.0,24.97,21.65,23.9,22.7,,,21.2,20.65,20.8,29.0,117,130,2018/9/12,0.0
4540,全球,,138.4,150.99,130.37,128.17,127.08,129.59,128.3,125.5,127.4,,,124.22,125.87,126.67,127.08,130.0,,,129.72,130.39,114.5,117.0,122.5,,,116.0,116.5,112.0,106.0,105,105,2018/8/15,0.0
1240,茂生農經,53.2,60.48,54.16,55.0,56.1,59.99,56.0,,56.99,55.5,,,57.49,57.48,60.99,59.99,59.3,,,58.0,59.69,55.2,51.9,50.9,,,49.0,49.05,46.7,45.2,114,121,2018/8/8,0.0
6612,奈米醫材,,51.0,56.5,51.2,53.8,63.0,64.79,63.99,63.25,62.99,,,61.99,59.2,59.99,63.0,63.8,,,65.8,64.5,85.0,83.3,88.1,,,84.5,86.6,83.0,81.3,143,164,2018/7/18,0.0
3530,晶相光,178.0,197.88,195.0,182.0,180.51,164.53,161.98,,,,168.0,173.0,176.95,172.0,,,165.52,164.53,160.5,158.99,150.01,146.0,150.0,147.5,152.5,171.5,,,163.5,148.5,154,158,2018/7/16,0.0
4744,皇將,31.81,36.3,40.09,41.26,39.67,41.38,40.4,41.9,41.66,,,,42.13,42.1,41.95,41.38,,,40.84,39.62,39.6,40.8,38.9,,,39.0,38.05,38.75,38.4,35.9,114,114,2018/7/12,0.0
4563,百德,65.0,72.49,73.99,73.0,77.25,88.0,90.0,89.0,88.4,,,,87.94,87.99,88.01,88.0,,,88.0,86.79,83.6,77.0,79.0,,,77.6,77.2,76.2,75.0,70.5,146,160,2018/7/12,0.0
8028,昇陽半,29.1,32.59,40.8,34.4,34.9,38.88,,,40.25,40.9,42.09,40.55,40.47,,,,39.94,38.88,38.02,38.12,39.11,41.7,50.0,45.5,47.0,,,44.5,43.55,47.2,154,154,2018/7/10,0.0
6576,逸達,63.6,65.01,66.5,64.0,64.0,62.5,64.0,72.1,69.8,,,71.0,68.5,66.98,65.0,62.5,,,64.0,63.7,64.02,58.2,,,58.9,56.4,58.0,58.0,57.0,76.1,208,227,2018/6/29,0.0
4989,榮科,29.82,33.91,,34.36,33.99,33.09,33.87,33.7,33.8,33.82,,,34.01,33.67,33.6,33.09,32.86,,,31.8,32.9,33.3,35.55,,,36.4,34.25,34.25,35.5,35.3,147,147,2018/6/28,0.0
4561,健椿,25.2,26.38,35.0,34.27,33.81,38.88,41.6,,,43.11,41.51,40.6,41.8,41.57,,,41.58,38.88,38.5,39.11,42.49,54.3,57.0,54.5,50.4,51.0,,,,48.85,155,155,2018/6/11,0.0
6561,是方,166.55,169.99,218.0,212.99,206.99,230.49,,,206.68,204.49,206.62,207.0,208.0,,,209.66,214.67,230.49,227.24,218.31,217.65,204.0,210.0,220.0,221.0,,,213.5,209.0,190.0,128,128,2018/6/5,0.0
3147,大綜電腦系統,17.5,21.12,,23.5,23.5,24.42,,,23.72,,23.5,24.58,24.75,,,25.01,24.7,24.42,24.0,25.55,24.07,21.4,21.2,21.15,21.15,,,21.05,20.55,,100,124,2018/5/29,0.0
6288,聯嘉,17.46,26.54,24.3,28.02,27.0,26.07,,,28.1,28.21,26.4,25.94,26.46,,,26.57,26.42,26.07,25.76,25.38,25.0,22.1,21.45,21.4,,,22.65,22.15,21.4,25.05,191,191,2018/5/9,0.0
5220,萬達光電,31.0,33.2,34.71,33.99,33.24,33.06,32.58,32.44,32.69,,,32.96,33.06,,,,,,32.9,32.74,32.61,28.8,30.1,,,29.2,,28.95,28.7,29.15,149,149,2018/4/26,0.0
1587,吉茂精密,26.02,27.29,28.0,25.98,26.3,24.32,25.12,26.03,26.73,,,26.15,25.57,25.01,24.7,24.32,,,24.42,24.49,24.15,23.9,22.55,21.6,21.3,21.15,,,20.6,20.1,157,158,2018/4/16,0.0
6416,瑞祺電通,150.8,149.96,169.24,154.86,155.0,149.0,152.01,155.6,154.5,,,157.09,153.0,151.97,148.1,149.0,,,150.5,151.37,149.91,158.0,152.0,151.0,153.5,152.0,,,145.5,130.0,114,114,2018/4/16,0.0
2745,五福,36.5,,38.05,40.0,39.8,36.5,39.0,40.0,40.0,,,40.0,39.9,38.5,38.19,36.5,,,37.5,37.5,37.2,32.8,31.4,31.1,30.45,30.1,,,29.3,28.75,130,144,2018/4/16,0.0
6547,高端疫苗,31.49,30.12,28.41,27.2,27.02,37.45,38.06,37.78,,,37.64,37.8,37.43,37.0,36.71,,,37.45,37.0,36.63,36.61,41.0,39.45,41.2,40.2,,,41.6,43.0,35.85,187,187,2018/4/17,0.0
5864,致和證,8.6,8.66,8.78,9.13,9.5,10.05,,,9.85,9.9,9.85,9.9,9.91,,,9.96,9.95,10.05,10.0,9.97,10.0,9.89,9.9,,,,,,10.2,11.3,128,133,2018/4/2,0.0
8440,綠電再生,,20.09,23.0,21.91,21.8,24.8,23.98,,24.2,24.11,,,24.58,24.56,24.5,24.8,27.09,,,27.0,27.1,25.6,24.0,23.5,23.2,,29.5,27.0,,23.6,144,149,2018/3/28,0.0
6461,益得,36.94,40.0,40.33,39.6,39.22,43.9,47.45,,47.99,48.05,,,48.0,47.39,46.35,43.9,43.0,,,42.2,45.34,41.05,43.9,44.0,44.2,,44.05,48.45,,48.0,177,176,2018/3/28,0.0
8497,聯廣,68.88,71.5,75.71,55.05,67.94,59.0,59.1,59.2,,,58.06,58.5,,58.5,59.99,,,59.0,57.2,59.19,59.19,51.0,,,48.15,47.1,47.3,48.0,47.15,46.5,148,184,2018/3/23,0.0
2630,亞航,29.4,33.0,40.0,39.8,40.0,36.0,40.5,40.0,,,40.1,40.0,39.32,38.3,38.9,,,36.0,36.5,36.5,40.0,33.3,31.7,,,31.1,31.8,,31.75,31.65,122,124,2018/2/22,0.0
6625,必應,72.7,,83.89,94.8,94.01,85.0,102.0,105.0,100.0,94.01,,,92.27,84.0,84.01,85.0,87.99,,,88.01,88.01,86.9,83.6,79.9,,,75.5,,,73.0,107,111,2018/2/7,0.0
4566,時碩工業,76.9,80.89,87.51,79.7,79.99,77.5,81.2,,,82.0,79.8,78.7,78.49,78.7,,,79.0,77.5,76.3,76.08,76.9,79.2,71.7,70.1,77.5,73.5,,,70.8,71.5,104,106,2018/2/5,0.0
6581,鋼聯,92.98,108.33,122.64,116.64,115.0,127.5,,,,138.6,139.0,137.64,135.0,,,126.9,125.39,127.5,125.39,124.38,123.3,114.0,148.0,150.0,144.0,,,147.0,136.0,,149,152,2018/1/30,0.0
1760,寶齡富錦,70.21,66.98,75.0,73.72,72.84,72.4,,,72.98,71.99,74.5,74.59,74.18,,,,73.22,72.4,71.4,71.67,67.88,60.5,59.6,59.6,58.1,,,57.0,55.5,51.6,134,134,2018/1/23,0.0
5299,杰力,45.0,57.0,73.4,79.0,79.6,75.51,,,72.39,74.49,80.0,81.99,80.49,,,,76.99,75.51,76.39,76.6,76.8,81.0,85.0,81.9,84.5,,,88.0,96.0,88.5,126,126,2018/1/23,0.0
1796,金穎生技,87.99,85.44,58.5,55.2,55.0,54.3,53.8,,,55.0,54.0,55.0,55.3,54.8,,,,54.3,56.0,57.25,69.5,51.4,50.6,49.8,47.15,49.2,,,48.95,48.45,213,213,2018/1/22,0.0
6596,寬宏,55.0,59.29,60.5,69.0,71.98,75.0,77.24,80.0,80.29,80.0,,,76.51,78.0,74.5,75.0,74.99,,,75.99,74.99,63.3,63.0,,,62.9,63.0,63.6,62.9,61.3,138,152,2018/1/4,0.0
4764,雙鍵,,70.99,69.49,66.0,66.1,63.52,65.5,64.5,65.29,65.0,,,65.0,64.5,65.14,63.52,62.01,,,64.5,67.6,67.0,78.4,,,78.3,76.0,76.0,71.0,70.6,134,140,2018/1/4,0.0
6613,朋億,165.32,171.78,191.0,186.01,184.99,180.01,188.7,187.7,187.5,,,186.0,184.01,179.5,179.5,180.01,,,187.0,184.49,189.99,180.5,179.0,,,,179.0,179.0,180.5,166.5,136,136,2017/12/28,0.0
6570,維田,28.59,31.0,35.0,33.78,35.24,33.61,36.0,,,37.0,37.0,,36.0,36.49,,,36.0,33.61,35.0,34.5,34.5,29.8,29.45,29.2,28.9,28.9,,,28.2,28.0,113,132,2017/12/11,0.0
8478,東哥遊艇,118.2,106.0,110.5,103.99,104.49,101.99,99.0,,,97.7,97.51,98.9,104.0,100.5,,,99.75,101.99,98.5,97.5,94.0,71.7,68.0,74.2,76.8,75.0,,,72.3,76.0,123,124,2017/12/11,0.0
4155,訊映,33.08,32.6,40.17,37.2,39.08,32.78,,,35.64,36.33,35.89,35.51,34.9,,,33.48,33.34,32.78,32.89,32.7,35.0,34.9,35.5,33.4,32.0,,,31.55,31.1,32.05,200,201,2017/12/5,0.0
8342,益張,60.9,72.7,75.0,65.99,71.0,49.7,54.81,53.5,52.5,,,53.0,53.0,50.0,51.03,49.7,,,52.3,51.6,52.0,54.0,50.6,,,50.5,48.6,48.65,47.55,43.6,196,201,2017/11/23,0.0
6593,台灣銘板,36.31,40.5,40.5,38.4,38.84,38.1,41.5,42.5,,,,,41.0,39.5,38.5,,,38.1,38.0,38.0,38.8,50.0,,,79.0,67.5,62.1,63.5,57.3,50.5,154,161,2017/11/3,0.0
6556,勝品,,47.0,66.3,55.3,56.11,45.0,,,47.5,48.99,,48.0,45.5,,,,,45.0,43.5,44.3,44.0,45.5,44.15,43.7,42.1,,,41.0,40.6,40.8,215,238,2017/10/31,0.0
1268,,無資料,無資料,無資料,無資料,無資料,無資料,無資料,無資料,無資料,無資料,無資料,無資料,無資料,無資料,無資料,無資料,無資料,無資料,無資料,無資料,無資料,無資料,無資料,無資料,無資料,無資料,無資料,無資料,無資料,無資料,149,150,,
6441,,無資料,無資料,無資料,無資料,無資料,無資料,無資料,無資料,無資料,無資料,無資料,無資料,無資料,無資料,無資料,無資料,無資料,無資料,無資料,無資料,無資料,無資料,無資料,無資料,無資料,無資料,無資料,無資料,無資料,無資料,128,134,,
4741,,無資料,無資料,無資料,無資料,無資料,無資料,無資料,無資料,無資料,無資料,無資料,無資料,無資料,無資料,無資料,無資料,無資料,無資料,無資料,無資料,無資料,無資料,無資料,無資料,無資料,無資料,無資料,無資料,無資料,無資料,158,159,,
6574,,無資料,無資料,無資料,無資料,無資料,無資料,無資料,無資料,無資料,無資料,無資料,無資料,無資料,無資料,無資料,無資料,無資料,無資料,無資料,無資料,無資料,無資料,無資料,無資料,無資料,無資料,無資料,無資料,無資料,無資料,119,137,,
4562,,無資料,無資料,無資料,無資料,無資料,無資料,無資料,無資料,無資料,無資料,無資料,無資料,無資料,無資料,無資料,無資料,無資料,無資料,無資料,無資料,無資料,無資料,無資料,無資料,無資料,無資料,無資料,無資料,無資料,無資料,120,121,,
6579,,無資料,無資料,無資料,無資料,無資料,無資料,無資料,無資料,無資料,無資料,無資料,無資料,無資料,無資料,無資料,無資料,無資料,無資料,無資料,無資料,無資料,無資料,無資料,無資料,無資料,無資料,無資料,無資料,無資料,無資料,106,111,,
6582,,無資料,無資料,無資料,無資料,無資料,無資料,無資料,無資料,無資料,無資料,無資料,無資料,無資料,無資料,無資料,無資料,無資料,無資料,無資料,無資料,無資料,無資料,無資料,無資料,無資料,無資料,無資料,無資料,無資料,無資料,123,140,,
2937,,無資料,無資料,無資料,無資料,無資料,無資料,無資料,無資料,無資料,無資料,無資料,無資料,無資料,無資料,無資料,無資料,無資料,無資料,無資料,無資料,無資料,無資料,無資料,無資料,無資料,無資料,無資料,無資料,無資料,無資料,130,160,,
2897,,無資料,無資料,無資料,無資料,無資料,無資料,無資料,無資料,無資料,無資料,無資料,無資料,無資料,無資料,無資料,無資料,無資料,無資料,無資料,無資料,無資料,無資料,無資料,無資料,無資料,無資料,無資料,無資料,無資料,無資料,176,186,,
8489,,無資料,無資料,無資料,無資料,無資料,無資料,無資料,無資料,無資料,無資料,無資料,無資料,無資料,無資料,無資料,無資料,無資料,無資料,無資料,無資料,無資料,無資料,無資料,無資料,無資料,無資料,無資料,無資料,無資料,無資料,129,153,,
6438,,無資料,無資料,無資料,無資料,無資料,無資料,無資料,無資料,無資料,無資料,無資料,無資料,無資料,無資料,無資料,無資料,無資料,無資料,無資料,無資料,無資料,無資料,無資料,無資料,無資料,無資料,無資料,無資料,無資料,無資料,143,150,,
6492,,無資料,無資料,無資料,無資料,無資料,無資料,無資料,無資料,無資料,無資料,無資料,無資料,無資料,無資料,無資料,無資料,無資料,無資料,無資料,無資料,無資料,無資料,無資料,無資料,無資料,無資料,無資料,無資料,無資料,無資料,141,149,,
2065,,無資料,無資料,無資料,無資料,無資料,無資料,無資料,無資料,無資料,無資料,無資料,無資料,無資料,無資料,無資料,無資料,無資料,無資料,無資料,無資料,無資料,無資料,無資料,無資料,無資料,無資料,無資料,無資料,無資料,無資料,105,149,,
6472,,無資料,無資料,無資料,無資料,無資料,無資料,無資料,無資料,無資料,無資料,無資料,無資料,無資料,無資料,無資料,無資料,無資料,無資料,無資料,無資料,無資料,無資料,無資料,無資料,無資料,無資料,無資料,無資料,無資料,無資料,121,170,,
6577,,無資料,無資料,無資料,無資料,無資料,無資料,無資料,無資料,無資料,無資料,無資料,無資料,無資料,無資料,無資料,無資料,無資料,無資料,無資料,無資料,無資料,無資料,無資料,無資料,無資料,無資料,無資料,無資料,無資料,無資料,98,149,,
6533,,無資料,無資料,無資料,無資料,無資料,無資料,無資料,無資料,無資料,無資料,無資料,無資料,無資料,無資料,無資料,無資料,無資料,無資料,無資料,無資料,無資料,無資料,無資料,無資料,無資料,無資料,無資料,無資料,無資料,無資料,195,207,,
