stock_code,company_name,期別,收盤_價格_元,漲跌_價格_元,漲跌_pct,成交_千張,融資_買進_千張,融資_賣出_千張,融資_現償_千張,融資_增減_千張,融資_餘額_千張,融資_使用率_pct,融券_買進_千張,融券_賣出_千張,融券_現償_千張,融券_增減_千張,融券_餘額_千張,融券_使用率_pct,資券互抵_千張,資券當沖_pct,券資比_pct,現股當沖_pct,file_type,source_file,download_success,download_timestamp,process_timestamp,stage1_process_timestamp
7732,金興精密,24M03,39.9,,,0.97,,,,,,,,,,,,,,,,,ShowMarginChartMonth,FinMind_API_TaiwanStockMarginPurchaseShortSale_7732,True,2026-09-22T15:00:01,2026-09-22T15:00:01,2026-09-22T15:00:01
7732,金興精密,24M04,46.15,6.25,15.66,1.53,,,,,,,,,,,,,,,,,ShowMarginChartMonth,FinMind_API_TaiwanStockMarginPurchaseShortSale_7732,True,2026-09-22T15:00:01,2026-09-22T15:00:01,2026-09-22T15:00:01
7732,金興精密,24M05,50.9,4.75,10.29,0.62,,,,,,,,,,,,,,,,,ShowMarginChartMonth,FinMind_API_TaiwanStockMarginPurchaseShortSale_7732,True,2026-09-22T15:00:01,2026-09-22T15:00:01,2026-09-22T15:00:01
7732,金興精密,24M06,45.6,-5.299999999999997,-10.41,0.42,,,,,,,,,,,,,,,,,ShowMarginChartMonth,FinMind_API_TaiwanStockMarginPurchaseShortSale_7732,True,2026-09-22T15:00:01,2026-09-22T15:00:01,2026-09-22T15:00:01
7732,金興精密,24M07,49.1,3.5,7.68,0.78,,,,,,,,,,,,,,,,,ShowMarginChartMonth,FinMind_API_TaiwanStockMarginPurchaseShortSale_7732,True,2026-09-22T15:00:01,2026-09-22T15:00:01,2026-09-22T15:00:01
7732,金興精密,24M08,49.0,-0.10000000000000142,-0.2,0.46,,,,,,,,,,,,,,,,,ShowMarginChartMonth,FinMind_API_TaiwanStockMarginPurchaseShortSale_7732,True,2026-09-22T15:00:01,2026-09-22T15:00:01,2026-09-22T15:00:01
7732,金興精密,24M09,52.7,3.700000000000003,7.55,1.35,,,,,,,,,,,,,,,,,ShowMarginChartMonth,FinMind_API_TaiwanStockMarginPurchaseShortSale_7732,True,2026-09-22T15:00:01,2026-09-22T15:00:01,2026-09-22T15:00:01
7732,金興精密,24M10,56.0,3.299999999999997,6.26,0.69,,,,,,,,,,,,,,,,,ShowMarginChartMonth,FinMind_API_TaiwanStockMarginPurchaseShortSale_7732,True,2026-09-22T15:00:01,2026-09-22T15:00:01,2026-09-22T15:00:01
7732,金興精密,24M11,49.75,-6.25,-11.16,0.51,,,,,,,,,,,,,,,,,ShowMarginChartMonth,FinMind_API_TaiwanStockMarginPurchaseShortSale_7732,True,2026-09-22T15:00:01,2026-09-22T15:00:01,2026-09-22T15:00:01
7732,金興精密,24M12,49.45,-0.29999999999999716,-0.6,0.89,,,,,,,,,,,,,,,,,ShowMarginChartMonth,FinMind_API_TaiwanStockMarginPurchaseShortSale_7732,True,2026-09-22T15:00:01,2026-09-22T15:00:01,2026-09-22T15:00:01
7732,金興精密,25M01,43.5,-5.950000000000003,-12.03,2.04,,,,,,,,,,,,,,,,,ShowMarginChartMonth,FinMind_API_TaiwanStockMarginPurchaseShortSale_7732,True,2026-09-22T15:00:01,2026-09-22T15:00:01,2026-09-22T15:00:01
7732,金興精密,25M02,43.7,0.20000000000000284,0.46,1.01,,,,,,,,,,,,,,,,,ShowMarginChartMonth,FinMind_API_TaiwanStockMarginPurchaseShortSale_7732,True,2026-09-22T15:00:01,2026-09-22T15:00:01,2026-09-22T15:00:01
7732,金興精密,25M03,38.75,-4.950000000000003,-11.33,1.03,,,,,,,,,,,,,,,,,ShowMarginChartMonth,FinMind_API_TaiwanStockMarginPurchaseShortSale_7732,True,2026-09-22T15:00:01,2026-09-22T15:00:01,2026-09-22T15:00:01
7732,金興精密,25M04,41.85,3.1000000000000014,8.0,1.53,,,,,,,,,,,,,,,,,ShowMarginChartMonth,FinMind_API_TaiwanStockMarginPurchaseShortSale_7732,True,2026-09-22T15:00:01,2026-09-22T15:00:01,2026-09-22T15:00:01
7732,金興精密,25M05,42.45,0.6000000000000014,1.43,0.94,,,,,,,,,,,,,,,,,ShowMarginChartMonth,FinMind_API_TaiwanStockMarginPurchaseShortSale_7732,True,2026-09-22T15:00:01,2026-09-22T15:00:01,2026-09-22T15:00:01
7732,金興精密,25M06,40.85,-1.6000000000000014,-3.77,0.43,,,,,,,,,,,,,,,,,ShowMarginChartMonth,FinMind_API_TaiwanStockMarginPurchaseShortSale_7732,True,2026-09-22T15:00:01,2026-09-22T15:00:01,2026-09-22T15:00:01
7732,金興精密,25M07,38.0,-2.8500000000000014,-6.98,0.12,0.0,0.0,0.0,0.0,0.0,0.0,0.0,0.0,0.0,0.0,0.0,0.0,0.0,0.0,,,ShowMarginChartMonth,FinMind_API_TaiwanStockMarginPurchaseShortSale_7732,True,2026-09-22T15:00:01,2026-09-22T15:00:01,2026-09-22T15:00:01
7732,金興精密,25M08,36.5,-1.5,-3.95,0.17,0.0,0.0,0.0,0.0,0.0,0.01,0.0,0.0,0.0,0.0,0.0,0.0,0.0,0.0,0.0,,ShowMarginChartMonth,FinMind_API_TaiwanStockMarginPurchaseShortSale_7732,True,2026-09-22T15:00:01,2026-09-22T15:00:01,2026-09-22T15:00:01
7732,金興精密,25M09,36.95,0.45000000000000284,1.23,0.28,0.07,0.0,0.0,0.07,0.07,0.42,0.0,0.0,0.0,0.0,0.0,0.0,0.0,0.0,0.0,,ShowMarginChartMonth,FinMind_API_TaiwanStockMarginPurchaseShortSale_7732,True,2026-09-22T15:00:01,2026-09-22T15:00:01,2026-09-22T15:00:01
7732,金興精密,25M10,35.75,-1.2000000000000028,-3.25,0.26,0.02,0.01,0.0,0.01,0.08,0.48,0.0,0.0,0.0,0.0,0.0,0.0,0.0,0.0,0.0,,ShowMarginChartMonth,FinMind_API_TaiwanStockMarginPurchaseShortSale_7732,True,2026-09-22T15:00:01,2026-09-22T15:00:01,2026-09-22T15:00:01
7732,金興精密,25M11,39.35,3.6000000000000014,10.07,0.3,0.0,0.05,0.0,-0.05,0.03,0.18,0.0,0.0,0.0,0.0,0.0,0.0,0.0,0.0,0.0,,ShowMarginChartMonth,FinMind_API_TaiwanStockMarginPurchaseShortSale_7732,True,2026-09-22T15:00:01,2026-09-22T15:00:01,2026-09-22T15:00:01
7732,金興精密,25M12,40.2,0.8500000000000014,2.16,1.02,0.0,0.03,0.0,-0.02,0.0,0.02,0.0,0.0,0.0,0.0,0.0,0.0,0.0,0.0,0.0,,ShowMarginChartMonth,FinMind_API_TaiwanStockMarginPurchaseShortSale_7732,True,2026-09-22T15:00:01,2026-09-22T15:00:01,2026-09-22T15:00:01
7732,金興精密,26M01,36.6,-3.6000000000000014,-8.96,0.34,0.0,0.0,0.0,0.0,0.0,0.03,0.0,0.0,0.0,0.0,0.0,0.0,0.0,0.0,0.0,,ShowMarginChartMonth,FinMind_API_TaiwanStockMarginPurchaseShortSale_7732,True,2026-09-22T15:00:01,2026-09-22T15:00:01,2026-09-22T15:00:01
7732,金興精密,26M02,39.85,3.25,8.88,0.12,0.0,0.0,0.0,0.0,0.0,0.03,0.0,0.0,0.0,0.0,0.0,0.0,0.0,0.0,0.0,,ShowMarginChartMonth,FinMind_API_TaiwanStockMarginPurchaseShortSale_7732,True,2026-09-22T15:00:01,2026-09-22T15:00:01,2026-09-22T15:00:01
7732,金興精密,26M03,33.25,-6.600000000000001,-16.56,0.43,0.05,0.01,0.0,0.04,0.04,0.28,0.0,0.0,0.0,0.0,0.0,0.0,0.0,0.0,0.0,,ShowMarginChartMonth,FinMind_API_TaiwanStockMarginPurchaseShortSale_7732,True,2026-09-22T15:00:01,2026-09-22T15:00:01,2026-09-22T15:00:01
7732,金興精密,26M04,36.75,3.5,10.53,0.38,0.01,0.01,0.0,-0.0,0.04,0.26,0.0,0.0,0.0,0.0,0.0,0.0,0.0,0.78,0.0,,ShowMarginChartMonth,FinMind_API_TaiwanStockMarginPurchaseShortSale_7732,True,2026-09-22T15:00:01,2026-09-22T15:00:01,2026-09-22T15:00:01
7732,金興精密,26M05,36.0,-0.75,-2.04,0.3,0.01,0.0,0.0,0.01,0.05,0.3,0.0,0.0,0.0,0.0,0.0,0.0,0.0,0.0,0.0,,ShowMarginChartMonth,FinMind_API_TaiwanStockMarginPurchaseShortSale_7732,True,2026-09-22T15:00:01,2026-09-22T15:00:01,2026-09-22T15:00:01
7732,金興精密,26M06,0.0,-36.0,-100.0,0.43,0.02,0.03,0.0,-0.01,0.04,0.22,0.0,0.0,0.0,0.0,0.0,0.0,0.0,0.0,0.0,,ShowMarginChartMonth,FinMind_API_TaiwanStockMarginPurchaseShortSale_7732,True,2026-09-22T15:00:01,2026-09-22T15:00:01,2026-09-22T15:00:01
7732,金興精密,26M07,35.65,35.65,,0.76,0.09,0.04,0.0,0.04,0.08,0.49,0.0,0.0,0.0,0.0,0.0,0.0,0.0,0.0,0.0,,ShowMarginChartMonth,FinMind_API_TaiwanStockMarginPurchaseShortSale_7732,True,2026-09-22T15:00:01,2026-09-22T15:00:01,2026-09-22T15:00:01
7732,金興精密,26M08,34.75,-0.8999999999999986,-2.52,0.66,0.01,0.01,0.0,-0.0,0.08,0.46,0.0,0.0,0.0,0.0,0.0,0.0,0.0,0.0,0.0,,ShowMarginChartMonth,FinMind_API_TaiwanStockMarginPurchaseShortSale_7732,True,2026-09-22T15:00:01,2026-09-22T15:00:01,2026-09-22T15:00:01
7732,金興精密,26M09,34.3,-0.45000000000000284,-1.29,0.08,0.0,0.01,0.0,-0.01,0.07,0.42,0.0,0.0,0.0,0.0,0.0,0.0,0.0,0.0,0.0,,ShowMarginChartMonth,FinMind_API_TaiwanStockMarginPurchaseShortSale_7732,True,2026-09-22T15:00:01,2026-09-22T15:00:01,2026-09-22T15:00:01
