stock_code,company_name,季度,股本_億,財報_評分,季度股價_元_收盤,季度股價_元_平均,季度股價_元_漲跌,季度股價_元_漲跌_pct,獲利金額_億_營業_收入,獲利金額_億_營業_毛利,獲利金額_億_營業_利益,獲利金額_億_業外_損益,獲利金額_億_稅後_淨利,獲利率_pct_營業_毛利,獲利率_pct_營業_利益,獲利率_pct_業外_損益,獲利率_pct_稅後_淨利,單季_roe_pct,年估_roe_pct,單季_roa_pct,年估_roa_pct,eps_元_稅後_eps,eps_元_年增_元,bps_元,file_type,source_file,download_success,download_timestamp,process_timestamp,stage1_process_timestamp
2412,中華電,2018/1,775.74,,113.0,109.12068965517241,,,536.32,191.82,109.43,1.4,89.98,35.77,20.4,0.26,16.78,2.33,9.32,1.92,7.69,1.13,,49.79,StockBzPerformance1,FinMind_API_TaiwanStockFinancialStatements_2412,True,2026-09-22T11:47:45,2026-09-22T11:47:45,2026-09-22T11:47:45
2412,中華電,2018/2,775.74,,110.0,110.775,-3.0,-2.65,536.58,204.66,120.53,4.77,100.63,38.14,22.46,0.89,18.75,2.8,11.18,2.1,8.38,1.27,,46.4,StockBzPerformance1,FinMind_API_TaiwanStockFinancialStatements_2412,True,2026-09-22T11:47:45,2026-09-22T11:47:45,2026-09-22T11:47:45
2412,中華電,2018/3,775.74,,110.0,108.6640625,0.0,0.0,527.05,182.73,104.17,4.44,87.22,34.67,19.76,0.84,16.55,2.37,9.47,1.91,7.64,1.1,,47.52,StockBzPerformance1,FinMind_API_TaiwanStockFinancialStatements_2412,True,2026-09-22T11:47:45,2026-09-22T11:47:45,2026-09-22T11:47:45
2412,中華電,2018/4,775.74,,113.0,107.44615384615385,3.0,2.73,554.88,180.16,102.3,2.74,86.73,32.47,18.44,0.49,15.63,2.3,9.21,1.86,7.42,1.09,,48.54,StockBzPerformance1,FinMind_API_TaiwanStockFinancialStatements_2412,True,2026-09-22T11:47:45,2026-09-22T11:47:45,2026-09-22T11:47:45
2412,中華電,2019/1,775.74,,109.5,107.24074074074075,-3.5,-3.1,513.31,178.5,104.02,1.43,85.27,34.77,20.26,0.28,16.61,2.22,8.87,1.78,7.11,1.08,-0.05,49.59,StockBzPerformance1,FinMind_API_TaiwanStockFinancialStatements_2412,True,2026-09-22T11:47:45,2026-09-22T11:47:45,2026-09-22T11:47:45
2412,中華電,2019/2,775.74,,113.0,111.41803278688525,3.5,3.2,501.08,178.41,103.04,4.64,87.56,35.6,20.56,0.93,17.48,2.44,9.77,1.79,7.16,1.1,-0.17,46.22,StockBzPerformance1,FinMind_API_TaiwanStockFinancialStatements_2412,True,2026-09-22T11:47:45,2026-09-22T11:47:45,2026-09-22T11:47:45
2412,中華電,2019/3,775.74,,111.0,109.9920634920635,-2.0,-1.77,508.48,178.29,100.09,4.27,84.46,35.06,19.68,0.84,16.61,2.3,9.22,1.81,7.22,1.04,-0.06,47.24,StockBzPerformance1,FinMind_API_TaiwanStockFinancialStatements_2412,True,2026-09-22T11:47:45,2026-09-22T11:47:45,2026-09-22T11:47:45
2412,中華電,2019/4,775.74,,110.0,112.3125,-1.0,-0.9,552.33,180.47,99.31,0.7,80.35,32.67,17.98,0.13,14.55,2.14,8.55,1.68,6.73,1.01,-0.08,48.48,StockBzPerformance1,FinMind_API_TaiwanStockFinancialStatements_2412,True,2026-09-22T11:47:45,2026-09-22T11:47:45,2026-09-22T11:47:45
2412,中華電,2020/1,775.74,,107.5,108.375,-2.5,-2.27,481.5,177.59,105.3,1.21,85.47,36.88,21.87,0.25,17.75,2.23,8.93,1.71,6.84,1.07,-0.01,49.37,StockBzPerformance1,FinMind_API_TaiwanStockFinancialStatements_2412,True,2026-09-22T11:47:45,2026-09-22T11:47:45,2026-09-22T11:47:45
2412,中華電,2020/2,775.74,,117.0,110.60833333333333,9.5,8.84,478.08,180.07,106.11,3.32,88.53,37.66,22.2,0.69,18.52,2.46,9.84,1.75,7.0,1.11,0.01,46.37,StockBzPerformance1,FinMind_API_TaiwanStockFinancialStatements_2412,True,2026-09-22T11:47:45,2026-09-22T11:47:45,2026-09-22T11:47:45
2412,中華電,2020/3,775.74,,107.0,109.26515151515152,-10.0,-8.55,521.71,176.65,107.22,1.03,87.16,33.86,20.55,0.2,16.71,2.36,9.46,1.75,7.01,1.07,0.03,47.53,StockBzPerformance1,FinMind_API_TaiwanStockFinancialStatements_2412,True,2026-09-22T11:47:45,2026-09-22T11:47:45,2026-09-22T11:47:45
2412,中華電,2020/4,775.74,,109.0,108.72222222222223,2.0,1.87,594.8,171.49,104.98,-0.87,85.89,28.83,17.65,-0.15,14.44,2.27,9.09,1.7,6.78,1.06,0.05,48.72,StockBzPerformance1,FinMind_API_TaiwanStockFinancialStatements_2412,True,2026-09-22T11:47:45,2026-09-22T11:47:45,2026-09-22T11:47:45
2412,中華電,2021/1,775.74,,111.5,109.93636363636364,2.5,2.29,501.01,182.08,111.04,2.16,91.22,36.34,22.16,0.43,18.21,2.36,9.46,1.8,7.2,1.14,0.07,49.73,StockBzPerformance1,FinMind_API_TaiwanStockFinancialStatements_2412,True,2026-09-22T11:47:45,2026-09-22T11:47:45,2026-09-22T11:47:45
2412,中華電,2021/2,775.74,,114.0,113.48360655737704,2.5,2.24,496.01,185.43,112.83,1.82,92.69,37.38,22.75,0.37,18.69,2.57,10.26,1.79,7.16,1.15,0.04,46.56,StockBzPerformance1,FinMind_API_TaiwanStockFinancialStatements_2412,True,2026-09-22T11:47:45,2026-09-22T11:47:45,2026-09-22T11:47:45
2412,中華電,2021/3,775.74,,110.5,113.8828125,-3.5,-3.07,508.86,188.4,114.42,6.6,97.33,37.02,22.49,1.3,19.13,2.63,10.51,1.96,7.85,1.21,0.14,47.74,StockBzPerformance1,FinMind_API_TaiwanStockFinancialStatements_2412,True,2026-09-22T11:47:45,2026-09-22T11:47:45,2026-09-22T11:47:45
2412,中華電,2021/4,775.74,,116.5,112.7578125,6.0,5.43,598.9,197.77,111.01,0.79,90.71,33.02,18.54,0.13,15.15,2.39,9.57,1.77,7.07,1.11,0.05,48.9,StockBzPerformance1,FinMind_API_TaiwanStockFinancialStatements_2412,True,2026-09-22T11:47:45,2026-09-22T11:47:45,2026-09-22T11:47:45
2412,中華電,2022/1,775.74,,127.0,121.30357142857143,10.5,9.01,512.95,196.04,116.6,0.15,93.91,38.22,22.73,0.03,18.31,2.42,9.67,1.81,7.25,1.17,0.03,50.07,StockBzPerformance1,FinMind_API_TaiwanStockFinancialStatements_2412,True,2026-09-22T11:47:45,2026-09-22T11:47:45,2026-09-22T11:47:45
2412,中華電,2022/2,775.74,,122.0,126.86065573770492,-5.0,-3.94,524.36,200.9,120.26,4.77,100.35,38.31,22.93,0.91,19.14,2.77,11.08,1.91,7.62,1.24,0.09,46.71,StockBzPerformance1,FinMind_API_TaiwanStockFinancialStatements_2412,True,2026-09-22T11:47:45,2026-09-22T11:47:45,2026-09-22T11:47:45
2412,中華電,2022/3,775.74,,114.0,121.36923076923077,-8.0,-6.56,535.08,203.33,121.82,0.24,97.76,38.0,22.77,0.05,18.27,2.63,10.51,1.94,7.77,1.21,0.0,47.94,StockBzPerformance1,FinMind_API_TaiwanStockFinancialStatements_2412,True,2026-09-22T11:47:45,2026-09-22T11:47:45,2026-09-22T11:47:45
2412,中華電,2022/4,775.74,,113.0,110.3671875,-1.0,-0.88,595.01,199.95,109.57,-1.12,87.97,33.6,18.42,-0.19,14.79,2.31,9.23,1.68,6.73,1.08,-0.03,49.14,StockBzPerformance1,FinMind_API_TaiwanStockFinancialStatements_2412,True,2026-09-22T11:47:45,2026-09-22T11:47:45,2026-09-22T11:47:45
2412,中華電,2023/1,775.74,,119.5,115.83333333333333,6.5,5.75,542.11,205.81,121.74,0.86,98.73,37.96,22.46,0.16,18.21,2.52,10.09,1.88,7.53,1.24,0.07,50.45,StockBzPerformance1,FinMind_API_TaiwanStockFinancialStatements_2412,True,2026-09-22T11:47:45,2026-09-22T11:47:45,2026-09-22T11:47:45
2412,中華電,2023/2,775.74,,116.5,125.05084745762711,-3.0,-2.51,534.64,203.87,122.61,3.99,102.07,38.13,22.93,0.75,19.09,2.8,11.19,1.91,7.66,1.28,0.04,47.02,StockBzPerformance1,FinMind_API_TaiwanStockFinancialStatements_2412,True,2026-09-22T11:47:45,2026-09-22T11:47:45,2026-09-22T11:47:45
2412,中華電,2023/3,775.74,,116.0,116.42063492063492,-0.5,-0.43,536.58,198.16,114.64,1.73,93.79,36.93,21.37,0.32,17.48,2.51,10.03,1.83,7.32,1.17,-0.04,48.21,StockBzPerformance1,FinMind_API_TaiwanStockFinancialStatements_2412,True,2026-09-22T11:47:45,2026-09-22T11:47:45,2026-09-22T11:47:45
2412,中華電,2023/4,775.74,,120.0,117.83333333333333,4.0,3.45,618.67,206.48,104.54,-0.19,85.31,33.38,16.9,-0.03,13.79,2.23,8.93,1.63,6.51,1.07,-0.01,49.28,StockBzPerformance1,FinMind_API_TaiwanStockFinancialStatements_2412,True,2026-09-22T11:47:45,2026-09-22T11:47:45,2026-09-22T11:47:45
2412,中華電,2024/1,775.74,,126.0,121.27678571428571,6.0,5.0,549.43,204.89,119.24,0.64,96.04,37.29,21.7,0.12,17.48,2.45,9.79,1.82,7.27,1.21,-0.03,50.6,StockBzPerformance1,FinMind_API_TaiwanStockFinancialStatements_2412,True,2026-09-22T11:47:45,2026-09-22T11:47:45,2026-09-22T11:47:45
2412,中華電,2024/2,775.74,,125.5,125.82786885245902,-0.5,-0.4,541.16,208.3,119.27,4.19,101.11,38.49,22.04,0.77,18.68,2.77,11.08,1.88,7.54,1.27,-0.01,47.06,StockBzPerformance1,FinMind_API_TaiwanStockFinancialStatements_2412,True,2026-09-22T11:47:45,2026-09-22T11:47:45,2026-09-22T11:47:45
2412,中華電,2024/3,775.74,,125.5,122.84126984126983,0.0,0.0,556.13,204.06,113.76,1.13,92.85,36.69,20.46,0.2,16.7,2.48,9.93,1.82,7.29,1.16,-0.01,48.23,StockBzPerformance1,FinMind_API_TaiwanStockFinancialStatements_2412,True,2026-09-22T11:47:45,2026-09-22T11:47:45,2026-09-22T11:47:45
2412,中華電,2024/4,775.74,,123.5,123.25,-2.0,-1.59,652.96,216.61,116.45,2.85,95.37,33.17,17.83,0.44,14.61,2.48,9.91,1.78,7.14,1.16,0.09,49.62,StockBzPerformance1,FinMind_API_TaiwanStockFinancialStatements_2412,True,2026-09-22T11:47:45,2026-09-22T11:47:45,2026-09-22T11:47:45
2412,中華電,2025/1,775.74,,128.5,126.33636363636364,5.0,4.05,558.08,216.05,125.23,1.76,101.96,38.71,22.44,0.32,18.27,2.58,10.31,1.9,7.59,1.26,0.05,50.97,StockBzPerformance1,FinMind_API_TaiwanStockFinancialStatements_2412,True,2026-09-22T11:47:45,2026-09-22T11:47:45,2026-09-22T11:47:45
2412,中華電,2025/2,775.74,,135.0,131.04098360655738,6.5,5.06,567.3,217.75,125.45,5.85,106.05,38.38,22.11,1.03,18.69,2.89,11.57,1.95,7.79,1.31,0.04,47.28,StockBzPerformance1,FinMind_API_TaiwanStockFinancialStatements_2412,True,2026-09-22T11:47:45,2026-09-22T11:47:45,2026-09-22T11:47:45
2412,中華電,2025/3,775.74,,133.5,132.83846153846153,-1.5,-1.11,579.24,215.12,121.0,1.58,98.55,37.14,20.89,0.27,17.01,2.62,10.47,1.92,7.68,1.22,0.06,48.55,StockBzPerformance1,FinMind_API_TaiwanStockFinancialStatements_2412,True,2026-09-22T11:47:45,2026-09-22T11:47:45,2026-09-22T11:47:45
2412,中華電,2025/4,775.74,,130.5,131.4758064516129,-3.0,-2.25,656.51,220.77,113.8,8.02,98.62,33.63,17.33,1.22,15.02,2.55,10.21,1.84,7.36,1.2,0.04,49.79,StockBzPerformance1,FinMind_API_TaiwanStockFinancialStatements_2412,True,2026-09-22T11:47:45,2026-09-22T11:47:45,2026-09-22T11:47:45
2412,中華電,2026/1,775.74,,133.0,134.25454545454545,2.5,1.92,599.88,227.5,131.05,0.76,106.08,37.92,21.85,0.13,17.68,2.68,10.71,1.94,7.75,1.3,0.04,51.09,StockBzPerformance1,FinMind_API_TaiwanStockFinancialStatements_2412,True,2026-09-22T11:47:45,2026-09-22T11:47:45,2026-09-22T11:47:45
2412,中華電,2026/2,775.74,,141.5,138.65573770491804,8.5,6.39,613.63,230.35,132.61,6.91,112.66,37.54,21.61,1.13,18.36,3.07,12.29,2.03,8.14,1.38,0.07,47.26,StockBzPerformance1,FinMind_API_TaiwanStockFinancialStatements_2412,True,2026-09-22T11:47:45,2026-09-22T11:47:45,2026-09-22T11:47:45
