stock_code,company_name,年度,第一季_開盤_元,第一季_收盤_元,第一季_漲跌_元,第一季_漲跌_pct,第二季_開盤_元,第二季_收盤_元,第二季_漲跌_元,第二季_漲跌_pct,第三季_開盤_元,第三季_收盤_元,第三季_漲跌_元,第三季_漲跌_pct,第四季_開盤_元,第四季_收盤_元,第四季_漲跌_元,第四季_漲跌_pct,file_type,source_file,download_success,download_timestamp,process_timestamp,stage1_process_timestamp
5274,信驊,2018,720.0,876.0,,,879.0,799.0,-77.0,-8.79,803.0,610.0,-189.0,-23.65,613.0,588.0,-22.0,-3.61,StockHisAnaQuar,FinMind_API_TaiwanStockPrice_5274,True,2026-09-22T12:09:04,2026-09-22T12:09:04,2026-09-22T12:09:04
5274,信驊,2019,597.0,706.0,118.0,20.07,719.0,592.0,-114.0,-16.15,614.0,789.0,197.0,33.28,799.0,959.0,170.0,21.55,StockHisAnaQuar,FinMind_API_TaiwanStockPrice_5274,True,2026-09-22T12:09:04,2026-09-22T12:09:04,2026-09-22T12:09:04
5274,信驊,2020,968.0,1040.0,81.0,8.45,1075.0,1240.0,200.0,19.23,1250.0,1135.0,-105.0,-8.47,1140.0,1715.0,580.0,51.1,StockHisAnaQuar,FinMind_API_TaiwanStockPrice_5274,True,2026-09-22T12:09:04,2026-09-22T12:09:04,2026-09-22T12:09:04
5274,信驊,2021,1725.0,1725.0,10.0,0.58,1735.0,2010.0,285.0,16.52,2025.0,2325.0,315.0,15.67,2280.0,3565.0,1240.0,53.33,StockHisAnaQuar,FinMind_API_TaiwanStockPrice_5274,True,2026-09-22T12:09:04,2026-09-22T12:09:04,2026-09-22T12:09:04
5274,信驊,2022,3565.0,3260.0,-305.0,-8.56,3260.0,1900.0,-1360.0,-41.72,1880.0,1780.0,-120.0,-6.32,1750.0,1685.0,-95.0,-5.34,StockHisAnaQuar,FinMind_API_TaiwanStockPrice_5274,True,2026-09-22T12:09:04,2026-09-22T12:09:04,2026-09-22T12:09:04
5274,信驊,2023,1700.0,2635.0,950.0,56.38,2600.0,2850.0,215.0,8.16,2945.0,2765.0,-85.0,-2.98,2810.0,3120.0,355.0,12.84,StockHisAnaQuar,FinMind_API_TaiwanStockPrice_5274,True,2026-09-22T12:09:04,2026-09-22T12:09:04,2026-09-22T12:09:04
5274,信驊,2024,3095.0,3330.0,210.0,6.73,3350.0,4840.0,1510.0,45.35,4880.0,4305.0,-535.0,-11.05,4400.0,3325.0,-980.0,-22.76,StockHisAnaQuar,FinMind_API_TaiwanStockPrice_5274,True,2026-09-22T12:09:04,2026-09-22T12:09:04,2026-09-22T12:09:04
5274,信驊,2025,3340.0,2990.0,-335.0,-10.08,3025.0,4745.0,1755.0,58.7,4800.0,5050.0,305.0,6.43,5160.0,7260.0,2210.0,43.76,StockHisAnaQuar,FinMind_API_TaiwanStockPrice_5274,True,2026-09-22T12:09:04,2026-09-22T12:09:04,2026-09-22T12:09:04
5274,信驊,2026,7260.0,10700.0,3440.0,47.38,11350.0,16495.0,5795.0,54.16,17105.0,20905.0,4410.0,26.74,,,,,StockHisAnaQuar,FinMind_API_TaiwanStockPrice_5274,True,2026-09-22T12:09:04,2026-09-22T12:09:04,2026-09-22T12:09:04
