stock_code,company_name,交易_日期,收盤價_元,漲跌價_元,漲跌幅_pct,河流圖_eps_元,目前_per_倍,本益比試算價格_15x_元,本益比試算價格_18x_元,本益比試算價格_21x_元,本益比試算價格_24x_元,本益比試算價格_27x_元,本益比試算價格_30x_元,file_type,source_file,download_success,download_timestamp,process_timestamp,stage1_process_timestamp
7794,宏碁智新,2024-11-15,52.0,,,1.12,,16.8,20.16,23.52,26.88,30.24,33.6,ShowDailyK_ChartFlow,FinMind_API_TaiwanStockPrice_7794,True,2026-09-22T15:45:03,2026-09-22T15:45:03,2026-09-22T15:45:03
7794,宏碁智新,2024-11-18,42.0,-10.0,-19.23%,1.12,,16.8,20.16,23.52,26.88,30.24,33.6,ShowDailyK_ChartFlow,FinMind_API_TaiwanStockPrice_7794,True,2026-09-22T15:45:03,2026-09-22T15:45:03,2026-09-22T15:45:03
7794,宏碁智新,2024-11-19,41.75,-0.25,-0.60%,1.12,,16.8,20.16,23.52,26.88,30.24,33.6,ShowDailyK_ChartFlow,FinMind_API_TaiwanStockPrice_7794,True,2026-09-22T15:45:03,2026-09-22T15:45:03,2026-09-22T15:45:03
7794,宏碁智新,2024-11-20,41.5,-0.25,-0.60%,1.12,,16.8,20.16,23.52,26.88,30.24,33.6,ShowDailyK_ChartFlow,FinMind_API_TaiwanStockPrice_7794,True,2026-09-22T15:45:03,2026-09-22T15:45:03,2026-09-22T15:45:03
7794,宏碁智新,2024-11-21,40.15,-1.3500000000000014,-3.25%,1.12,,16.8,20.16,23.52,26.88,30.24,33.6,ShowDailyK_ChartFlow,FinMind_API_TaiwanStockPrice_7794,True,2026-09-22T15:45:03,2026-09-22T15:45:03,2026-09-22T15:45:03
7794,宏碁智新,2024-11-22,39.5,-0.6499999999999986,-1.62%,1.12,,16.8,20.16,23.52,26.88,30.24,33.6,ShowDailyK_ChartFlow,FinMind_API_TaiwanStockPrice_7794,True,2026-09-22T15:45:03,2026-09-22T15:45:03,2026-09-22T15:45:03
7794,宏碁智新,2024-11-25,39.6,0.10000000000000142,0.25%,1.12,,16.8,20.16,23.52,26.88,30.24,33.6,ShowDailyK_ChartFlow,FinMind_API_TaiwanStockPrice_7794,True,2026-09-22T15:45:03,2026-09-22T15:45:03,2026-09-22T15:45:03
7794,宏碁智新,2024-11-26,39.45,-0.14999999999999858,-0.38%,1.12,,16.8,20.16,23.52,26.88,30.24,33.6,ShowDailyK_ChartFlow,FinMind_API_TaiwanStockPrice_7794,True,2026-09-22T15:45:03,2026-09-22T15:45:03,2026-09-22T15:45:03
7794,宏碁智新,2024-11-27,38.8,-0.6500000000000057,-1.65%,1.12,,16.8,20.16,23.52,26.88,30.24,33.6,ShowDailyK_ChartFlow,FinMind_API_TaiwanStockPrice_7794,True,2026-09-22T15:45:03,2026-09-22T15:45:03,2026-09-22T15:45:03
7794,宏碁智新,2024-11-28,39.9,1.1000000000000014,2.84%,1.12,,16.8,20.16,23.52,26.88,30.24,33.6,ShowDailyK_ChartFlow,FinMind_API_TaiwanStockPrice_7794,True,2026-09-22T15:45:03,2026-09-22T15:45:03,2026-09-22T15:45:03
7794,宏碁智新,2024-11-29,0.0,-39.9,-100.00%,1.12,,16.8,20.16,23.52,26.88,30.24,33.6,ShowDailyK_ChartFlow,FinMind_API_TaiwanStockPrice_7794,True,2026-09-22T15:45:03,2026-09-22T15:45:03,2026-09-22T15:45:03
7794,宏碁智新,2024-12-02,39.9,39.9,,1.12,,16.8,20.16,23.52,26.88,30.24,33.6,ShowDailyK_ChartFlow,FinMind_API_TaiwanStockPrice_7794,True,2026-09-22T15:45:03,2026-09-22T15:45:03,2026-09-22T15:45:03
7794,宏碁智新,2024-12-03,39.6,-0.29999999999999716,-0.75%,1.12,,16.8,20.16,23.52,26.88,30.24,33.6,ShowDailyK_ChartFlow,FinMind_API_TaiwanStockPrice_7794,True,2026-09-22T15:45:03,2026-09-22T15:45:03,2026-09-22T15:45:03
7794,宏碁智新,2024-12-04,39.6,0.0,0.00%,1.12,,16.8,20.16,23.52,26.88,30.24,33.6,ShowDailyK_ChartFlow,FinMind_API_TaiwanStockPrice_7794,True,2026-09-22T15:45:03,2026-09-22T15:45:03,2026-09-22T15:45:03
7794,宏碁智新,2024-12-05,40.0,0.3999999999999986,1.01%,1.12,,16.8,20.16,23.52,26.88,30.24,33.6,ShowDailyK_ChartFlow,FinMind_API_TaiwanStockPrice_7794,True,2026-09-22T15:45:03,2026-09-22T15:45:03,2026-09-22T15:45:03
7794,宏碁智新,2024-12-06,39.65,-0.3500000000000014,-0.88%,1.12,,16.8,20.16,23.52,26.88,30.24,33.6,ShowDailyK_ChartFlow,FinMind_API_TaiwanStockPrice_7794,True,2026-09-22T15:45:03,2026-09-22T15:45:03,2026-09-22T15:45:03
7794,宏碁智新,2024-12-09,0.0,-39.65,-100.00%,1.12,,16.8,20.16,23.52,26.88,30.24,33.6,ShowDailyK_ChartFlow,FinMind_API_TaiwanStockPrice_7794,True,2026-09-22T15:45:03,2026-09-22T15:45:03,2026-09-22T15:45:03
7794,宏碁智新,2024-12-10,0.0,0.0,,1.12,,16.8,20.16,23.52,26.88,30.24,33.6,ShowDailyK_ChartFlow,FinMind_API_TaiwanStockPrice_7794,True,2026-09-22T15:45:03,2026-09-22T15:45:03,2026-09-22T15:45:03
7794,宏碁智新,2024-12-11,0.0,0.0,,1.12,,16.8,20.16,23.52,26.88,30.24,33.6,ShowDailyK_ChartFlow,FinMind_API_TaiwanStockPrice_7794,True,2026-09-22T15:45:03,2026-09-22T15:45:03,2026-09-22T15:45:03
7794,宏碁智新,2024-12-12,0.0,0.0,,1.12,,16.8,20.16,23.52,26.88,30.24,33.6,ShowDailyK_ChartFlow,FinMind_API_TaiwanStockPrice_7794,True,2026-09-22T15:45:03,2026-09-22T15:45:03,2026-09-22T15:45:03
7794,宏碁智新,2024-12-13,0.0,0.0,,1.12,,16.8,20.16,23.52,26.88,30.24,33.6,ShowDailyK_ChartFlow,FinMind_API_TaiwanStockPrice_7794,True,2026-09-22T15:45:03,2026-09-22T15:45:03,2026-09-22T15:45:03
7794,宏碁智新,2024-12-16,0.0,0.0,,1.12,,16.8,20.16,23.52,26.88,30.24,33.6,ShowDailyK_ChartFlow,FinMind_API_TaiwanStockPrice_7794,True,2026-09-22T15:45:03,2026-09-22T15:45:03,2026-09-22T15:45:03
7794,宏碁智新,2024-12-17,41.0,41.0,,1.12,,16.8,20.16,23.52,26.88,30.24,33.6,ShowDailyK_ChartFlow,FinMind_API_TaiwanStockPrice_7794,True,2026-09-22T15:45:03,2026-09-22T15:45:03,2026-09-22T15:45:03
7794,宏碁智新,2024-12-18,41.0,0.0,0.00%,1.12,,16.8,20.16,23.52,26.88,30.24,33.6,ShowDailyK_ChartFlow,FinMind_API_TaiwanStockPrice_7794,True,2026-09-22T15:45:03,2026-09-22T15:45:03,2026-09-22T15:45:03
7794,宏碁智新,2024-12-19,0.0,-41.0,-100.00%,1.12,,16.8,20.16,23.52,26.88,30.24,33.6,ShowDailyK_ChartFlow,FinMind_API_TaiwanStockPrice_7794,True,2026-09-22T15:45:03,2026-09-22T15:45:03,2026-09-22T15:45:03
7794,宏碁智新,2024-12-20,0.0,0.0,,1.12,,16.8,20.16,23.52,26.88,30.24,33.6,ShowDailyK_ChartFlow,FinMind_API_TaiwanStockPrice_7794,True,2026-09-22T15:45:03,2026-09-22T15:45:03,2026-09-22T15:45:03
7794,宏碁智新,2024-12-23,39.0,39.0,,1.12,,16.8,20.16,23.52,26.88,30.24,33.6,ShowDailyK_ChartFlow,FinMind_API_TaiwanStockPrice_7794,True,2026-09-22T15:45:03,2026-09-22T15:45:03,2026-09-22T15:45:03
7794,宏碁智新,2024-12-24,0.0,-39.0,-100.00%,1.12,,16.8,20.16,23.52,26.88,30.24,33.6,ShowDailyK_ChartFlow,FinMind_API_TaiwanStockPrice_7794,True,2026-09-22T15:45:03,2026-09-22T15:45:03,2026-09-22T15:45:03
7794,宏碁智新,2024-12-25,0.0,0.0,,1.12,,16.8,20.16,23.52,26.88,30.24,33.6,ShowDailyK_ChartFlow,FinMind_API_TaiwanStockPrice_7794,True,2026-09-22T15:45:03,2026-09-22T15:45:03,2026-09-22T15:45:03
7794,宏碁智新,2024-12-26,39.65,39.65,,1.12,,16.8,20.16,23.52,26.88,30.24,33.6,ShowDailyK_ChartFlow,FinMind_API_TaiwanStockPrice_7794,True,2026-09-22T15:45:03,2026-09-22T15:45:03,2026-09-22T15:45:03
7794,宏碁智新,2024-12-27,0.0,-39.65,-100.00%,1.12,,16.8,20.16,23.52,26.88,30.24,33.6,ShowDailyK_ChartFlow,FinMind_API_TaiwanStockPrice_7794,True,2026-09-22T15:45:03,2026-09-22T15:45:03,2026-09-22T15:45:03
7794,宏碁智新,2024-12-30,40.85,40.85,,1.12,,16.8,20.16,23.52,26.88,30.24,33.6,ShowDailyK_ChartFlow,FinMind_API_TaiwanStockPrice_7794,True,2026-09-22T15:45:03,2026-09-22T15:45:03,2026-09-22T15:45:03
7794,宏碁智新,2024-12-31,38.95,-1.8999999999999986,-4.65%,2.13,,31.95,38.34,44.73,51.12,57.51,63.9,ShowDailyK_ChartFlow,FinMind_API_TaiwanStockPrice_7794,True,2026-09-22T15:45:03,2026-09-22T15:45:03,2026-09-22T15:45:03
7794,宏碁智新,2025-01-02,40.8,1.8499999999999943,4.75%,2.13,,31.95,38.34,44.73,51.12,57.51,63.9,ShowDailyK_ChartFlow,FinMind_API_TaiwanStockPrice_7794,True,2026-09-22T15:45:03,2026-09-22T15:45:03,2026-09-22T15:45:03
7794,宏碁智新,2025-01-03,40.8,0.0,0.00%,2.13,,31.95,38.34,44.73,51.12,57.51,63.9,ShowDailyK_ChartFlow,FinMind_API_TaiwanStockPrice_7794,True,2026-09-22T15:45:03,2026-09-22T15:45:03,2026-09-22T15:45:03
7794,宏碁智新,2025-01-06,40.8,0.0,0.00%,2.13,,31.95,38.34,44.73,51.12,57.51,63.9,ShowDailyK_ChartFlow,FinMind_API_TaiwanStockPrice_7794,True,2026-09-22T15:45:03,2026-09-22T15:45:03,2026-09-22T15:45:03
7794,宏碁智新,2025-01-07,40.8,0.0,0.00%,2.13,,31.95,38.34,44.73,51.12,57.51,63.9,ShowDailyK_ChartFlow,FinMind_API_TaiwanStockPrice_7794,True,2026-09-22T15:45:03,2026-09-22T15:45:03,2026-09-22T15:45:03
7794,宏碁智新,2025-01-08,40.8,0.0,0.00%,2.13,,31.95,38.34,44.73,51.12,57.51,63.9,ShowDailyK_ChartFlow,FinMind_API_TaiwanStockPrice_7794,True,2026-09-22T15:45:03,2026-09-22T15:45:03,2026-09-22T15:45:03
7794,宏碁智新,2025-01-09,0.0,-40.8,-100.00%,2.13,,31.95,38.34,44.73,51.12,57.51,63.9,ShowDailyK_ChartFlow,FinMind_API_TaiwanStockPrice_7794,True,2026-09-22T15:45:03,2026-09-22T15:45:03,2026-09-22T15:45:03
7794,宏碁智新,2025-01-10,39.0,39.0,,2.13,,31.95,38.34,44.73,51.12,57.51,63.9,ShowDailyK_ChartFlow,FinMind_API_TaiwanStockPrice_7794,True,2026-09-22T15:45:03,2026-09-22T15:45:03,2026-09-22T15:45:03
7794,宏碁智新,2025-01-13,40.8,1.7999999999999972,4.62%,2.13,,31.95,38.34,44.73,51.12,57.51,63.9,ShowDailyK_ChartFlow,FinMind_API_TaiwanStockPrice_7794,True,2026-09-22T15:45:03,2026-09-22T15:45:03,2026-09-22T15:45:03
7794,宏碁智新,2025-01-14,40.8,0.0,0.00%,2.13,,31.95,38.34,44.73,51.12,57.51,63.9,ShowDailyK_ChartFlow,FinMind_API_TaiwanStockPrice_7794,True,2026-09-22T15:45:03,2026-09-22T15:45:03,2026-09-22T15:45:03
7794,宏碁智新,2025-01-15,40.8,0.0,0.00%,2.13,,31.95,38.34,44.73,51.12,57.51,63.9,ShowDailyK_ChartFlow,FinMind_API_TaiwanStockPrice_7794,True,2026-09-22T15:45:03,2026-09-22T15:45:03,2026-09-22T15:45:03
7794,宏碁智新,2025-01-16,41.05,0.25,0.61%,2.13,,31.95,38.34,44.73,51.12,57.51,63.9,ShowDailyK_ChartFlow,FinMind_API_TaiwanStockPrice_7794,True,2026-09-22T15:45:03,2026-09-22T15:45:03,2026-09-22T15:45:03
7794,宏碁智新,2025-01-17,41.55,0.5,1.22%,2.13,,31.95,38.34,44.73,51.12,57.51,63.9,ShowDailyK_ChartFlow,FinMind_API_TaiwanStockPrice_7794,True,2026-09-22T15:45:03,2026-09-22T15:45:03,2026-09-22T15:45:03
7794,宏碁智新,2025-01-20,41.55,0.0,0.00%,2.13,,31.95,38.34,44.73,51.12,57.51,63.9,ShowDailyK_ChartFlow,FinMind_API_TaiwanStockPrice_7794,True,2026-09-22T15:45:03,2026-09-22T15:45:03,2026-09-22T15:45:03
7794,宏碁智新,2025-01-21,42.1,0.5500000000000043,1.32%,2.13,,31.95,38.34,44.73,51.12,57.51,63.9,ShowDailyK_ChartFlow,FinMind_API_TaiwanStockPrice_7794,True,2026-09-22T15:45:03,2026-09-22T15:45:03,2026-09-22T15:45:03
7794,宏碁智新,2025-01-22,41.0,-1.1000000000000014,-2.61%,2.13,,31.95,38.34,44.73,51.12,57.51,63.9,ShowDailyK_ChartFlow,FinMind_API_TaiwanStockPrice_7794,True,2026-09-22T15:45:03,2026-09-22T15:45:03,2026-09-22T15:45:03
7794,宏碁智新,2025-02-03,42.5,1.5,3.66%,2.13,,31.95,38.34,44.73,51.12,57.51,63.9,ShowDailyK_ChartFlow,FinMind_API_TaiwanStockPrice_7794,True,2026-09-22T15:45:03,2026-09-22T15:45:03,2026-09-22T15:45:03
7794,宏碁智新,2025-02-04,43.15,0.6499999999999986,1.53%,2.13,,31.95,38.34,44.73,51.12,57.51,63.9,ShowDailyK_ChartFlow,FinMind_API_TaiwanStockPrice_7794,True,2026-09-22T15:45:03,2026-09-22T15:45:03,2026-09-22T15:45:03
7794,宏碁智新,2025-02-05,43.15,0.0,0.00%,2.13,,31.95,38.34,44.73,51.12,57.51,63.9,ShowDailyK_ChartFlow,FinMind_API_TaiwanStockPrice_7794,True,2026-09-22T15:45:03,2026-09-22T15:45:03,2026-09-22T15:45:03
7794,宏碁智新,2025-02-06,44.8,1.6499999999999986,3.82%,2.13,,31.95,38.34,44.73,51.12,57.51,63.9,ShowDailyK_ChartFlow,FinMind_API_TaiwanStockPrice_7794,True,2026-09-22T15:45:03,2026-09-22T15:45:03,2026-09-22T15:45:03
7794,宏碁智新,2025-02-07,45.5,0.7000000000000028,1.56%,2.13,,31.95,38.34,44.73,51.12,57.51,63.9,ShowDailyK_ChartFlow,FinMind_API_TaiwanStockPrice_7794,True,2026-09-22T15:45:03,2026-09-22T15:45:03,2026-09-22T15:45:03
7794,宏碁智新,2025-02-10,0.0,-45.5,-100.00%,2.13,,31.95,38.34,44.73,51.12,57.51,63.9,ShowDailyK_ChartFlow,FinMind_API_TaiwanStockPrice_7794,True,2026-09-22T15:45:03,2026-09-22T15:45:03,2026-09-22T15:45:03
7794,宏碁智新,2025-02-11,0.0,0.0,,2.13,,31.95,38.34,44.73,51.12,57.51,63.9,ShowDailyK_ChartFlow,FinMind_API_TaiwanStockPrice_7794,True,2026-09-22T15:45:03,2026-09-22T15:45:03,2026-09-22T15:45:03
7794,宏碁智新,2025-02-12,46.0,46.0,,2.13,,31.95,38.34,44.73,51.12,57.51,63.9,ShowDailyK_ChartFlow,FinMind_API_TaiwanStockPrice_7794,True,2026-09-22T15:45:03,2026-09-22T15:45:03,2026-09-22T15:45:03
7794,宏碁智新,2025-02-13,55.0,9.0,19.57%,2.13,,31.95,38.34,44.73,51.12,57.51,63.9,ShowDailyK_ChartFlow,FinMind_API_TaiwanStockPrice_7794,True,2026-09-22T15:45:03,2026-09-22T15:45:03,2026-09-22T15:45:03
7794,宏碁智新,2025-02-14,52.2,-2.799999999999997,-5.09%,2.13,,31.95,38.34,44.73,51.12,57.51,63.9,ShowDailyK_ChartFlow,FinMind_API_TaiwanStockPrice_7794,True,2026-09-22T15:45:03,2026-09-22T15:45:03,2026-09-22T15:45:03
7794,宏碁智新,2025-02-17,50.7,-1.5,-2.87%,2.13,,31.95,38.34,44.73,51.12,57.51,63.9,ShowDailyK_ChartFlow,FinMind_API_TaiwanStockPrice_7794,True,2026-09-22T15:45:03,2026-09-22T15:45:03,2026-09-22T15:45:03
7794,宏碁智新,2025-02-18,51.5,0.7999999999999972,1.58%,2.13,,31.95,38.34,44.73,51.12,57.51,63.9,ShowDailyK_ChartFlow,FinMind_API_TaiwanStockPrice_7794,True,2026-09-22T15:45:03,2026-09-22T15:45:03,2026-09-22T15:45:03
7794,宏碁智新,2025-02-19,0.0,-51.5,-100.00%,2.13,,31.95,38.34,44.73,51.12,57.51,63.9,ShowDailyK_ChartFlow,FinMind_API_TaiwanStockPrice_7794,True,2026-09-22T15:45:03,2026-09-22T15:45:03,2026-09-22T15:45:03
7794,宏碁智新,2025-02-20,0.0,0.0,,2.13,,31.95,38.34,44.73,51.12,57.51,63.9,ShowDailyK_ChartFlow,FinMind_API_TaiwanStockPrice_7794,True,2026-09-22T15:45:03,2026-09-22T15:45:03,2026-09-22T15:45:03
7794,宏碁智新,2025-02-21,0.0,0.0,,2.13,,31.95,38.34,44.73,51.12,57.51,63.9,ShowDailyK_ChartFlow,FinMind_API_TaiwanStockPrice_7794,True,2026-09-22T15:45:03,2026-09-22T15:45:03,2026-09-22T15:45:03
7794,宏碁智新,2025-02-24,0.0,0.0,,2.13,,31.95,38.34,44.73,51.12,57.51,63.9,ShowDailyK_ChartFlow,FinMind_API_TaiwanStockPrice_7794,True,2026-09-22T15:45:03,2026-09-22T15:45:03,2026-09-22T15:45:03
7794,宏碁智新,2025-02-25,50.0,50.0,,2.13,,31.95,38.34,44.73,51.12,57.51,63.9,ShowDailyK_ChartFlow,FinMind_API_TaiwanStockPrice_7794,True,2026-09-22T15:45:03,2026-09-22T15:45:03,2026-09-22T15:45:03
7794,宏碁智新,2025-02-26,50.0,0.0,0.00%,2.13,,31.95,38.34,44.73,51.12,57.51,63.9,ShowDailyK_ChartFlow,FinMind_API_TaiwanStockPrice_7794,True,2026-09-22T15:45:03,2026-09-22T15:45:03,2026-09-22T15:45:03
7794,宏碁智新,2025-02-27,50.0,0.0,0.00%,2.13,,31.95,38.34,44.73,51.12,57.51,63.9,ShowDailyK_ChartFlow,FinMind_API_TaiwanStockPrice_7794,True,2026-09-22T15:45:03,2026-09-22T15:45:03,2026-09-22T15:45:03
7794,宏碁智新,2025-03-03,0.0,-50.0,-100.00%,2.13,,31.95,38.34,44.73,51.12,57.51,63.9,ShowDailyK_ChartFlow,FinMind_API_TaiwanStockPrice_7794,True,2026-09-22T15:45:03,2026-09-22T15:45:03,2026-09-22T15:45:03
7794,宏碁智新,2025-03-04,51.6,51.6,,2.13,,31.95,38.34,44.73,51.12,57.51,63.9,ShowDailyK_ChartFlow,FinMind_API_TaiwanStockPrice_7794,True,2026-09-22T15:45:03,2026-09-22T15:45:03,2026-09-22T15:45:03
7794,宏碁智新,2025-03-05,49.9,-1.7000000000000028,-3.29%,2.13,,31.95,38.34,44.73,51.12,57.51,63.9,ShowDailyK_ChartFlow,FinMind_API_TaiwanStockPrice_7794,True,2026-09-22T15:45:03,2026-09-22T15:45:03,2026-09-22T15:45:03
7794,宏碁智新,2025-03-06,47.6,-2.299999999999997,-4.61%,2.13,,31.95,38.34,44.73,51.12,57.51,63.9,ShowDailyK_ChartFlow,FinMind_API_TaiwanStockPrice_7794,True,2026-09-22T15:45:03,2026-09-22T15:45:03,2026-09-22T15:45:03
7794,宏碁智新,2025-03-07,48.0,0.3999999999999986,0.84%,2.13,,31.95,38.34,44.73,51.12,57.51,63.9,ShowDailyK_ChartFlow,FinMind_API_TaiwanStockPrice_7794,True,2026-09-22T15:45:03,2026-09-22T15:45:03,2026-09-22T15:45:03
7794,宏碁智新,2025-03-10,48.0,0.0,0.00%,2.13,,31.95,38.34,44.73,51.12,57.51,63.9,ShowDailyK_ChartFlow,FinMind_API_TaiwanStockPrice_7794,True,2026-09-22T15:45:03,2026-09-22T15:45:03,2026-09-22T15:45:03
7794,宏碁智新,2025-03-11,0.0,-48.0,-100.00%,2.13,,31.95,38.34,44.73,51.12,57.51,63.9,ShowDailyK_ChartFlow,FinMind_API_TaiwanStockPrice_7794,True,2026-09-22T15:45:03,2026-09-22T15:45:03,2026-09-22T15:45:03
7794,宏碁智新,2025-03-12,46.7,46.7,,2.13,,31.95,38.34,44.73,51.12,57.51,63.9,ShowDailyK_ChartFlow,FinMind_API_TaiwanStockPrice_7794,True,2026-09-22T15:45:03,2026-09-22T15:45:03,2026-09-22T15:45:03
7794,宏碁智新,2025-03-13,48.2,1.5,3.21%,2.13,,31.95,38.34,44.73,51.12,57.51,63.9,ShowDailyK_ChartFlow,FinMind_API_TaiwanStockPrice_7794,True,2026-09-22T15:45:03,2026-09-22T15:45:03,2026-09-22T15:45:03
7794,宏碁智新,2025-03-14,48.2,0.0,0.00%,2.13,,31.95,38.34,44.73,51.12,57.51,63.9,ShowDailyK_ChartFlow,FinMind_API_TaiwanStockPrice_7794,True,2026-09-22T15:45:03,2026-09-22T15:45:03,2026-09-22T15:45:03
7794,宏碁智新,2025-03-17,48.2,0.0,0.00%,2.13,,31.95,38.34,44.73,51.12,57.51,63.9,ShowDailyK_ChartFlow,FinMind_API_TaiwanStockPrice_7794,True,2026-09-22T15:45:03,2026-09-22T15:45:03,2026-09-22T15:45:03
7794,宏碁智新,2025-03-18,0.0,-48.2,-100.00%,2.13,,31.95,38.34,44.73,51.12,57.51,63.9,ShowDailyK_ChartFlow,FinMind_API_TaiwanStockPrice_7794,True,2026-09-22T15:45:03,2026-09-22T15:45:03,2026-09-22T15:45:03
7794,宏碁智新,2025-03-19,48.0,48.0,,2.13,,31.95,38.34,44.73,51.12,57.51,63.9,ShowDailyK_ChartFlow,FinMind_API_TaiwanStockPrice_7794,True,2026-09-22T15:45:03,2026-09-22T15:45:03,2026-09-22T15:45:03
7794,宏碁智新,2025-03-20,0.0,-48.0,-100.00%,2.13,,31.95,38.34,44.73,51.12,57.51,63.9,ShowDailyK_ChartFlow,FinMind_API_TaiwanStockPrice_7794,True,2026-09-22T15:45:03,2026-09-22T15:45:03,2026-09-22T15:45:03
7794,宏碁智新,2025-03-21,0.0,0.0,,2.13,,31.95,38.34,44.73,51.12,57.51,63.9,ShowDailyK_ChartFlow,FinMind_API_TaiwanStockPrice_7794,True,2026-09-22T15:45:03,2026-09-22T15:45:03,2026-09-22T15:45:03
7794,宏碁智新,2025-03-24,47.5,47.5,,2.13,,31.95,38.34,44.73,51.12,57.51,63.9,ShowDailyK_ChartFlow,FinMind_API_TaiwanStockPrice_7794,True,2026-09-22T15:45:03,2026-09-22T15:45:03,2026-09-22T15:45:03
7794,宏碁智新,2025-03-25,0.0,-47.5,-100.00%,2.13,,31.95,38.34,44.73,51.12,57.51,63.9,ShowDailyK_ChartFlow,FinMind_API_TaiwanStockPrice_7794,True,2026-09-22T15:45:03,2026-09-22T15:45:03,2026-09-22T15:45:03
7794,宏碁智新,2025-03-26,48.0,48.0,,2.13,,31.95,38.34,44.73,51.12,57.51,63.9,ShowDailyK_ChartFlow,FinMind_API_TaiwanStockPrice_7794,True,2026-09-22T15:45:03,2026-09-22T15:45:03,2026-09-22T15:45:03
7794,宏碁智新,2025-03-27,48.0,0.0,0.00%,2.13,,31.95,38.34,44.73,51.12,57.51,63.9,ShowDailyK_ChartFlow,FinMind_API_TaiwanStockPrice_7794,True,2026-09-22T15:45:03,2026-09-22T15:45:03,2026-09-22T15:45:03
7794,宏碁智新,2025-03-28,48.0,0.0,0.00%,2.13,,31.95,38.34,44.73,51.12,57.51,63.9,ShowDailyK_ChartFlow,FinMind_API_TaiwanStockPrice_7794,True,2026-09-22T15:45:03,2026-09-22T15:45:03,2026-09-22T15:45:03
7794,宏碁智新,2025-03-31,46.75,-1.25,-2.60%,2.13,,31.95,38.34,44.73,51.12,57.51,63.9,ShowDailyK_ChartFlow,FinMind_API_TaiwanStockPrice_7794,True,2026-09-22T15:45:03,2026-09-22T15:45:03,2026-09-22T15:45:03
7794,宏碁智新,2025-04-01,0.0,-46.75,-100.00%,2.13,,31.95,38.34,44.73,51.12,57.51,63.9,ShowDailyK_ChartFlow,FinMind_API_TaiwanStockPrice_7794,True,2026-09-22T15:45:03,2026-09-22T15:45:03,2026-09-22T15:45:03
7794,宏碁智新,2025-04-02,46.75,46.75,,2.13,,31.95,38.34,44.73,51.12,57.51,63.9,ShowDailyK_ChartFlow,FinMind_API_TaiwanStockPrice_7794,True,2026-09-22T15:45:03,2026-09-22T15:45:03,2026-09-22T15:45:03
7794,宏碁智新,2025-04-07,43.55,-3.200000000000003,-6.84%,2.13,,31.95,38.34,44.73,51.12,57.51,63.9,ShowDailyK_ChartFlow,FinMind_API_TaiwanStockPrice_7794,True,2026-09-22T15:45:03,2026-09-22T15:45:03,2026-09-22T15:45:03
7794,宏碁智新,2025-04-08,0.0,-43.55,-100.00%,2.13,,31.95,38.34,44.73,51.12,57.51,63.9,ShowDailyK_ChartFlow,FinMind_API_TaiwanStockPrice_7794,True,2026-09-22T15:45:03,2026-09-22T15:45:03,2026-09-22T15:45:03
7794,宏碁智新,2025-04-09,0.0,0.0,,2.13,,31.95,38.34,44.73,51.12,57.51,63.9,ShowDailyK_ChartFlow,FinMind_API_TaiwanStockPrice_7794,True,2026-09-22T15:45:03,2026-09-22T15:45:03,2026-09-22T15:45:03
7794,宏碁智新,2025-04-10,45.0,45.0,,2.13,,31.95,38.34,44.73,51.12,57.51,63.9,ShowDailyK_ChartFlow,FinMind_API_TaiwanStockPrice_7794,True,2026-09-22T15:45:03,2026-09-22T15:45:03,2026-09-22T15:45:03
7794,宏碁智新,2025-04-11,0.0,-45.0,-100.00%,2.13,,31.95,38.34,44.73,51.12,57.51,63.9,ShowDailyK_ChartFlow,FinMind_API_TaiwanStockPrice_7794,True,2026-09-22T15:45:03,2026-09-22T15:45:03,2026-09-22T15:45:03
7794,宏碁智新,2025-04-14,45.0,45.0,,2.13,,31.95,38.34,44.73,51.12,57.51,63.9,ShowDailyK_ChartFlow,FinMind_API_TaiwanStockPrice_7794,True,2026-09-22T15:45:03,2026-09-22T15:45:03,2026-09-22T15:45:03
7794,宏碁智新,2025-04-15,45.0,0.0,0.00%,2.13,,31.95,38.34,44.73,51.12,57.51,63.9,ShowDailyK_ChartFlow,FinMind_API_TaiwanStockPrice_7794,True,2026-09-22T15:45:03,2026-09-22T15:45:03,2026-09-22T15:45:03
7794,宏碁智新,2025-04-16,44.0,-1.0,-2.22%,2.13,,31.95,38.34,44.73,51.12,57.51,63.9,ShowDailyK_ChartFlow,FinMind_API_TaiwanStockPrice_7794,True,2026-09-22T15:45:03,2026-09-22T15:45:03,2026-09-22T15:45:03
7794,宏碁智新,2025-04-17,0.0,-44.0,-100.00%,2.13,,31.95,38.34,44.73,51.12,57.51,63.9,ShowDailyK_ChartFlow,FinMind_API_TaiwanStockPrice_7794,True,2026-09-22T15:45:03,2026-09-22T15:45:03,2026-09-22T15:45:03
7794,宏碁智新,2025-04-18,0.0,0.0,,2.13,,31.95,38.34,44.73,51.12,57.51,63.9,ShowDailyK_ChartFlow,FinMind_API_TaiwanStockPrice_7794,True,2026-09-22T15:45:03,2026-09-22T15:45:03,2026-09-22T15:45:03
7794,宏碁智新,2025-04-21,0.0,0.0,,2.13,,31.95,38.34,44.73,51.12,57.51,63.9,ShowDailyK_ChartFlow,FinMind_API_TaiwanStockPrice_7794,True,2026-09-22T15:45:03,2026-09-22T15:45:03,2026-09-22T15:45:03
7794,宏碁智新,2025-04-22,0.0,0.0,,2.13,,31.95,38.34,44.73,51.12,57.51,63.9,ShowDailyK_ChartFlow,FinMind_API_TaiwanStockPrice_7794,True,2026-09-22T15:45:03,2026-09-22T15:45:03,2026-09-22T15:45:03
7794,宏碁智新,2025-04-23,0.0,0.0,,2.13,,31.95,38.34,44.73,51.12,57.51,63.9,ShowDailyK_ChartFlow,FinMind_API_TaiwanStockPrice_7794,True,2026-09-22T15:45:03,2026-09-22T15:45:03,2026-09-22T15:45:03
7794,宏碁智新,2025-04-24,0.0,0.0,,2.13,,31.95,38.34,44.73,51.12,57.51,63.9,ShowDailyK_ChartFlow,FinMind_API_TaiwanStockPrice_7794,True,2026-09-22T15:45:03,2026-09-22T15:45:03,2026-09-22T15:45:03
7794,宏碁智新,2025-04-25,0.0,0.0,,2.13,,31.95,38.34,44.73,51.12,57.51,63.9,ShowDailyK_ChartFlow,FinMind_API_TaiwanStockPrice_7794,True,2026-09-22T15:45:03,2026-09-22T15:45:03,2026-09-22T15:45:03
7794,宏碁智新,2025-04-28,0.0,0.0,,2.13,,31.95,38.34,44.73,51.12,57.51,63.9,ShowDailyK_ChartFlow,FinMind_API_TaiwanStockPrice_7794,True,2026-09-22T15:45:03,2026-09-22T15:45:03,2026-09-22T15:45:03
7794,宏碁智新,2025-04-29,0.0,0.0,,2.13,,31.95,38.34,44.73,51.12,57.51,63.9,ShowDailyK_ChartFlow,FinMind_API_TaiwanStockPrice_7794,True,2026-09-22T15:45:03,2026-09-22T15:45:03,2026-09-22T15:45:03
7794,宏碁智新,2025-04-30,44.7,44.7,,2.13,,31.95,38.34,44.73,51.12,57.51,63.9,ShowDailyK_ChartFlow,FinMind_API_TaiwanStockPrice_7794,True,2026-09-22T15:45:03,2026-09-22T15:45:03,2026-09-22T15:45:03
7794,宏碁智新,2025-05-02,44.7,0.0,0.00%,2.13,,31.95,38.34,44.73,51.12,57.51,63.9,ShowDailyK_ChartFlow,FinMind_API_TaiwanStockPrice_7794,True,2026-09-22T15:45:03,2026-09-22T15:45:03,2026-09-22T15:45:03
7794,宏碁智新,2025-05-05,44.5,-0.20000000000000284,-0.45%,2.13,,31.95,38.34,44.73,51.12,57.51,63.9,ShowDailyK_ChartFlow,FinMind_API_TaiwanStockPrice_7794,True,2026-09-22T15:45:03,2026-09-22T15:45:03,2026-09-22T15:45:03
7794,宏碁智新,2025-05-06,44.5,0.0,0.00%,2.13,,31.95,38.34,44.73,51.12,57.51,63.9,ShowDailyK_ChartFlow,FinMind_API_TaiwanStockPrice_7794,True,2026-09-22T15:45:03,2026-09-22T15:45:03,2026-09-22T15:45:03
7794,宏碁智新,2025-05-07,0.0,-44.5,-100.00%,2.13,,31.95,38.34,44.73,51.12,57.51,63.9,ShowDailyK_ChartFlow,FinMind_API_TaiwanStockPrice_7794,True,2026-09-22T15:45:03,2026-09-22T15:45:03,2026-09-22T15:45:03
7794,宏碁智新,2025-05-08,45.0,45.0,,2.13,,31.95,38.34,44.73,51.12,57.51,63.9,ShowDailyK_ChartFlow,FinMind_API_TaiwanStockPrice_7794,True,2026-09-22T15:45:03,2026-09-22T15:45:03,2026-09-22T15:45:03
7794,宏碁智新,2025-05-09,44.5,-0.5,-1.11%,2.13,,31.95,38.34,44.73,51.12,57.51,63.9,ShowDailyK_ChartFlow,FinMind_API_TaiwanStockPrice_7794,True,2026-09-22T15:45:03,2026-09-22T15:45:03,2026-09-22T15:45:03
7794,宏碁智新,2025-05-12,0.0,-44.5,-100.00%,2.13,,31.95,38.34,44.73,51.12,57.51,63.9,ShowDailyK_ChartFlow,FinMind_API_TaiwanStockPrice_7794,True,2026-09-22T15:45:03,2026-09-22T15:45:03,2026-09-22T15:45:03
7794,宏碁智新,2025-05-13,0.0,0.0,,2.13,,31.95,38.34,44.73,51.12,57.51,63.9,ShowDailyK_ChartFlow,FinMind_API_TaiwanStockPrice_7794,True,2026-09-22T15:45:03,2026-09-22T15:45:03,2026-09-22T15:45:03
7794,宏碁智新,2025-05-14,0.0,0.0,,2.13,,31.95,38.34,44.73,51.12,57.51,63.9,ShowDailyK_ChartFlow,FinMind_API_TaiwanStockPrice_7794,True,2026-09-22T15:45:03,2026-09-22T15:45:03,2026-09-22T15:45:03
7794,宏碁智新,2025-05-15,0.0,0.0,,2.13,,31.95,38.34,44.73,51.12,57.51,63.9,ShowDailyK_ChartFlow,FinMind_API_TaiwanStockPrice_7794,True,2026-09-22T15:45:03,2026-09-22T15:45:03,2026-09-22T15:45:03
7794,宏碁智新,2025-05-16,0.0,0.0,,2.13,,31.95,38.34,44.73,51.12,57.51,63.9,ShowDailyK_ChartFlow,FinMind_API_TaiwanStockPrice_7794,True,2026-09-22T15:45:03,2026-09-22T15:45:03,2026-09-22T15:45:03
7794,宏碁智新,2025-05-19,0.0,0.0,,2.13,,31.95,38.34,44.73,51.12,57.51,63.9,ShowDailyK_ChartFlow,FinMind_API_TaiwanStockPrice_7794,True,2026-09-22T15:45:03,2026-09-22T15:45:03,2026-09-22T15:45:03
7794,宏碁智新,2025-05-20,0.0,0.0,,2.13,,31.95,38.34,44.73,51.12,57.51,63.9,ShowDailyK_ChartFlow,FinMind_API_TaiwanStockPrice_7794,True,2026-09-22T15:45:03,2026-09-22T15:45:03,2026-09-22T15:45:03
7794,宏碁智新,2025-05-21,0.0,0.0,,2.13,,31.95,38.34,44.73,51.12,57.51,63.9,ShowDailyK_ChartFlow,FinMind_API_TaiwanStockPrice_7794,True,2026-09-22T15:45:03,2026-09-22T15:45:03,2026-09-22T15:45:03
7794,宏碁智新,2025-05-22,0.0,0.0,,2.13,,31.95,38.34,44.73,51.12,57.51,63.9,ShowDailyK_ChartFlow,FinMind_API_TaiwanStockPrice_7794,True,2026-09-22T15:45:03,2026-09-22T15:45:03,2026-09-22T15:45:03
7794,宏碁智新,2025-05-23,44.0,44.0,,2.13,,31.95,38.34,44.73,51.12,57.51,63.9,ShowDailyK_ChartFlow,FinMind_API_TaiwanStockPrice_7794,True,2026-09-22T15:45:03,2026-09-22T15:45:03,2026-09-22T15:45:03
7794,宏碁智新,2025-05-26,0.0,-44.0,-100.00%,2.13,,31.95,38.34,44.73,51.12,57.51,63.9,ShowDailyK_ChartFlow,FinMind_API_TaiwanStockPrice_7794,True,2026-09-22T15:45:03,2026-09-22T15:45:03,2026-09-22T15:45:03
7794,宏碁智新,2025-05-27,44.0,44.0,,2.13,,31.95,38.34,44.73,51.12,57.51,63.9,ShowDailyK_ChartFlow,FinMind_API_TaiwanStockPrice_7794,True,2026-09-22T15:45:03,2026-09-22T15:45:03,2026-09-22T15:45:03
7794,宏碁智新,2025-05-28,0.0,-44.0,-100.00%,2.13,,31.95,38.34,44.73,51.12,57.51,63.9,ShowDailyK_ChartFlow,FinMind_API_TaiwanStockPrice_7794,True,2026-09-22T15:45:03,2026-09-22T15:45:03,2026-09-22T15:45:03
7794,宏碁智新,2025-05-29,44.0,44.0,,2.13,,31.95,38.34,44.73,51.12,57.51,63.9,ShowDailyK_ChartFlow,FinMind_API_TaiwanStockPrice_7794,True,2026-09-22T15:45:03,2026-09-22T15:45:03,2026-09-22T15:45:03
7794,宏碁智新,2025-06-02,0.0,-44.0,-100.00%,2.13,,31.95,38.34,44.73,51.12,57.51,63.9,ShowDailyK_ChartFlow,FinMind_API_TaiwanStockPrice_7794,True,2026-09-22T15:45:03,2026-09-22T15:45:03,2026-09-22T15:45:03
7794,宏碁智新,2025-06-03,44.0,44.0,,2.13,,31.95,38.34,44.73,51.12,57.51,63.9,ShowDailyK_ChartFlow,FinMind_API_TaiwanStockPrice_7794,True,2026-09-22T15:45:03,2026-09-22T15:45:03,2026-09-22T15:45:03
7794,宏碁智新,2025-06-04,44.0,0.0,0.00%,2.13,,31.95,38.34,44.73,51.12,57.51,63.9,ShowDailyK_ChartFlow,FinMind_API_TaiwanStockPrice_7794,True,2026-09-22T15:45:03,2026-09-22T15:45:03,2026-09-22T15:45:03
7794,宏碁智新,2025-06-05,44.0,0.0,0.00%,2.13,,31.95,38.34,44.73,51.12,57.51,63.9,ShowDailyK_ChartFlow,FinMind_API_TaiwanStockPrice_7794,True,2026-09-22T15:45:03,2026-09-22T15:45:03,2026-09-22T15:45:03
7794,宏碁智新,2025-06-06,44.0,0.0,0.00%,2.13,,31.95,38.34,44.73,51.12,57.51,63.9,ShowDailyK_ChartFlow,FinMind_API_TaiwanStockPrice_7794,True,2026-09-22T15:45:03,2026-09-22T15:45:03,2026-09-22T15:45:03
7794,宏碁智新,2025-06-09,0.0,-44.0,-100.00%,2.13,,31.95,38.34,44.73,51.12,57.51,63.9,ShowDailyK_ChartFlow,FinMind_API_TaiwanStockPrice_7794,True,2026-09-22T15:45:03,2026-09-22T15:45:03,2026-09-22T15:45:03
7794,宏碁智新,2025-06-10,0.0,0.0,,2.13,,31.95,38.34,44.73,51.12,57.51,63.9,ShowDailyK_ChartFlow,FinMind_API_TaiwanStockPrice_7794,True,2026-09-22T15:45:03,2026-09-22T15:45:03,2026-09-22T15:45:03
7794,宏碁智新,2025-06-11,0.0,0.0,,2.13,,31.95,38.34,44.73,51.12,57.51,63.9,ShowDailyK_ChartFlow,FinMind_API_TaiwanStockPrice_7794,True,2026-09-22T15:45:03,2026-09-22T15:45:03,2026-09-22T15:45:03
7794,宏碁智新,2025-06-12,0.0,0.0,,2.13,,31.95,38.34,44.73,51.12,57.51,63.9,ShowDailyK_ChartFlow,FinMind_API_TaiwanStockPrice_7794,True,2026-09-22T15:45:03,2026-09-22T15:45:03,2026-09-22T15:45:03
7794,宏碁智新,2025-06-13,46.0,46.0,,2.13,,31.95,38.34,44.73,51.12,57.51,63.9,ShowDailyK_ChartFlow,FinMind_API_TaiwanStockPrice_7794,True,2026-09-22T15:45:03,2026-09-22T15:45:03,2026-09-22T15:45:03
7794,宏碁智新,2025-06-16,50.5,4.5,9.78%,2.13,,31.95,38.34,44.73,51.12,57.51,63.9,ShowDailyK_ChartFlow,FinMind_API_TaiwanStockPrice_7794,True,2026-09-22T15:45:03,2026-09-22T15:45:03,2026-09-22T15:45:03
7794,宏碁智新,2025-06-17,53.6,3.1000000000000014,6.14%,2.13,,31.95,38.34,44.73,51.12,57.51,63.9,ShowDailyK_ChartFlow,FinMind_API_TaiwanStockPrice_7794,True,2026-09-22T15:45:03,2026-09-22T15:45:03,2026-09-22T15:45:03
7794,宏碁智新,2025-06-18,48.8,-4.800000000000004,-8.96%,2.13,,31.95,38.34,44.73,51.12,57.51,63.9,ShowDailyK_ChartFlow,FinMind_API_TaiwanStockPrice_7794,True,2026-09-22T15:45:03,2026-09-22T15:45:03,2026-09-22T15:45:03
7794,宏碁智新,2025-06-19,45.3,-3.5,-7.17%,2.13,,31.95,38.34,44.73,51.12,57.51,63.9,ShowDailyK_ChartFlow,FinMind_API_TaiwanStockPrice_7794,True,2026-09-22T15:45:03,2026-09-22T15:45:03,2026-09-22T15:45:03
7794,宏碁智新,2025-06-20,47.5,2.200000000000003,4.86%,2.13,,31.95,38.34,44.73,51.12,57.51,63.9,ShowDailyK_ChartFlow,FinMind_API_TaiwanStockPrice_7794,True,2026-09-22T15:45:03,2026-09-22T15:45:03,2026-09-22T15:45:03
7794,宏碁智新,2025-06-23,0.0,-47.5,-100.00%,2.13,,31.95,38.34,44.73,51.12,57.51,63.9,ShowDailyK_ChartFlow,FinMind_API_TaiwanStockPrice_7794,True,2026-09-22T15:45:03,2026-09-22T15:45:03,2026-09-22T15:45:03
7794,宏碁智新,2025-06-24,46.8,46.8,,2.13,,31.95,38.34,44.73,51.12,57.51,63.9,ShowDailyK_ChartFlow,FinMind_API_TaiwanStockPrice_7794,True,2026-09-22T15:45:03,2026-09-22T15:45:03,2026-09-22T15:45:03
7794,宏碁智新,2025-06-25,0.0,-46.8,-100.00%,2.13,,31.95,38.34,44.73,51.12,57.51,63.9,ShowDailyK_ChartFlow,FinMind_API_TaiwanStockPrice_7794,True,2026-09-22T15:45:03,2026-09-22T15:45:03,2026-09-22T15:45:03
7794,宏碁智新,2025-06-26,0.0,0.0,,2.13,,31.95,38.34,44.73,51.12,57.51,63.9,ShowDailyK_ChartFlow,FinMind_API_TaiwanStockPrice_7794,True,2026-09-22T15:45:03,2026-09-22T15:45:03,2026-09-22T15:45:03
7794,宏碁智新,2025-06-27,0.0,0.0,,2.13,,31.95,38.34,44.73,51.12,57.51,63.9,ShowDailyK_ChartFlow,FinMind_API_TaiwanStockPrice_7794,True,2026-09-22T15:45:03,2026-09-22T15:45:03,2026-09-22T15:45:03
7794,宏碁智新,2025-06-30,47.6,47.6,,3.5199999999999996,,52.8,63.36,73.92,84.48,95.04,105.6,ShowDailyK_ChartFlow,FinMind_API_TaiwanStockPrice_7794,True,2026-09-22T15:45:03,2026-09-22T15:45:03,2026-09-22T15:45:03
7794,宏碁智新,2025-07-01,46.0,-1.6000000000000014,-3.36%,3.5199999999999996,,52.8,63.36,73.92,84.48,95.04,105.6,ShowDailyK_ChartFlow,FinMind_API_TaiwanStockPrice_7794,True,2026-09-22T15:45:03,2026-09-22T15:45:03,2026-09-22T15:45:03
7794,宏碁智新,2025-07-02,46.5,0.5,1.09%,3.5199999999999996,,52.8,63.36,73.92,84.48,95.04,105.6,ShowDailyK_ChartFlow,FinMind_API_TaiwanStockPrice_7794,True,2026-09-22T15:45:03,2026-09-22T15:45:03,2026-09-22T15:45:03
7794,宏碁智新,2025-07-03,0.0,-46.5,-100.00%,3.5199999999999996,,52.8,63.36,73.92,84.48,95.04,105.6,ShowDailyK_ChartFlow,FinMind_API_TaiwanStockPrice_7794,True,2026-09-22T15:45:03,2026-09-22T15:45:03,2026-09-22T15:45:03
7794,宏碁智新,2025-07-04,44.7,44.7,,3.5199999999999996,,52.8,63.36,73.92,84.48,95.04,105.6,ShowDailyK_ChartFlow,FinMind_API_TaiwanStockPrice_7794,True,2026-09-22T15:45:03,2026-09-22T15:45:03,2026-09-22T15:45:03
7794,宏碁智新,2025-07-07,44.0,-0.7000000000000028,-1.57%,3.5199999999999996,,52.8,63.36,73.92,84.48,95.04,105.6,ShowDailyK_ChartFlow,FinMind_API_TaiwanStockPrice_7794,True,2026-09-22T15:45:03,2026-09-22T15:45:03,2026-09-22T15:45:03
7794,宏碁智新,2025-07-08,0.0,-44.0,-100.00%,3.5199999999999996,,52.8,63.36,73.92,84.48,95.04,105.6,ShowDailyK_ChartFlow,FinMind_API_TaiwanStockPrice_7794,True,2026-09-22T15:45:03,2026-09-22T15:45:03,2026-09-22T15:45:03
7794,宏碁智新,2025-07-09,43.7,43.7,,3.5199999999999996,,52.8,63.36,73.92,84.48,95.04,105.6,ShowDailyK_ChartFlow,FinMind_API_TaiwanStockPrice_7794,True,2026-09-22T15:45:03,2026-09-22T15:45:03,2026-09-22T15:45:03
7794,宏碁智新,2025-07-10,0.0,-43.7,-100.00%,3.5199999999999996,,52.8,63.36,73.92,84.48,95.04,105.6,ShowDailyK_ChartFlow,FinMind_API_TaiwanStockPrice_7794,True,2026-09-22T15:45:03,2026-09-22T15:45:03,2026-09-22T15:45:03
7794,宏碁智新,2025-07-11,43.7,43.7,,3.5199999999999996,,52.8,63.36,73.92,84.48,95.04,105.6,ShowDailyK_ChartFlow,FinMind_API_TaiwanStockPrice_7794,True,2026-09-22T15:45:03,2026-09-22T15:45:03,2026-09-22T15:45:03
7794,宏碁智新,2025-07-14,45.0,1.2999999999999972,2.97%,3.5199999999999996,,52.8,63.36,73.92,84.48,95.04,105.6,ShowDailyK_ChartFlow,FinMind_API_TaiwanStockPrice_7794,True,2026-09-22T15:45:03,2026-09-22T15:45:03,2026-09-22T15:45:03
7794,宏碁智新,2025-07-15,45.0,0.0,0.00%,3.5199999999999996,,52.8,63.36,73.92,84.48,95.04,105.6,ShowDailyK_ChartFlow,FinMind_API_TaiwanStockPrice_7794,True,2026-09-22T15:45:03,2026-09-22T15:45:03,2026-09-22T15:45:03
7794,宏碁智新,2025-07-16,0.0,-45.0,-100.00%,3.5199999999999996,,52.8,63.36,73.92,84.48,95.04,105.6,ShowDailyK_ChartFlow,FinMind_API_TaiwanStockPrice_7794,True,2026-09-22T15:45:03,2026-09-22T15:45:03,2026-09-22T15:45:03
7794,宏碁智新,2025-07-17,0.0,0.0,,3.5199999999999996,,52.8,63.36,73.92,84.48,95.04,105.6,ShowDailyK_ChartFlow,FinMind_API_TaiwanStockPrice_7794,True,2026-09-22T15:45:03,2026-09-22T15:45:03,2026-09-22T15:45:03
7794,宏碁智新,2025-07-18,0.0,0.0,,3.5199999999999996,,52.8,63.36,73.92,84.48,95.04,105.6,ShowDailyK_ChartFlow,FinMind_API_TaiwanStockPrice_7794,True,2026-09-22T15:45:03,2026-09-22T15:45:03,2026-09-22T15:45:03
7794,宏碁智新,2025-07-21,45.0,45.0,,3.5199999999999996,,52.8,63.36,73.92,84.48,95.04,105.6,ShowDailyK_ChartFlow,FinMind_API_TaiwanStockPrice_7794,True,2026-09-22T15:45:03,2026-09-22T15:45:03,2026-09-22T15:45:03
7794,宏碁智新,2025-07-22,44.0,-1.0,-2.22%,3.5199999999999996,,52.8,63.36,73.92,84.48,95.04,105.6,ShowDailyK_ChartFlow,FinMind_API_TaiwanStockPrice_7794,True,2026-09-22T15:45:03,2026-09-22T15:45:03,2026-09-22T15:45:03
7794,宏碁智新,2025-07-23,44.0,0.0,0.00%,3.5199999999999996,,52.8,63.36,73.92,84.48,95.04,105.6,ShowDailyK_ChartFlow,FinMind_API_TaiwanStockPrice_7794,True,2026-09-22T15:45:03,2026-09-22T15:45:03,2026-09-22T15:45:03
7794,宏碁智新,2025-07-24,44.0,0.0,0.00%,3.5199999999999996,,52.8,63.36,73.92,84.48,95.04,105.6,ShowDailyK_ChartFlow,FinMind_API_TaiwanStockPrice_7794,True,2026-09-22T15:45:03,2026-09-22T15:45:03,2026-09-22T15:45:03
7794,宏碁智新,2025-07-25,44.0,0.0,0.00%,3.5199999999999996,,52.8,63.36,73.92,84.48,95.04,105.6,ShowDailyK_ChartFlow,FinMind_API_TaiwanStockPrice_7794,True,2026-09-22T15:45:03,2026-09-22T15:45:03,2026-09-22T15:45:03
7794,宏碁智新,2025-07-28,0.0,-44.0,-100.00%,3.5199999999999996,,52.8,63.36,73.92,84.48,95.04,105.6,ShowDailyK_ChartFlow,FinMind_API_TaiwanStockPrice_7794,True,2026-09-22T15:45:03,2026-09-22T15:45:03,2026-09-22T15:45:03
7794,宏碁智新,2025-07-29,0.0,0.0,,3.5199999999999996,,52.8,63.36,73.92,84.48,95.04,105.6,ShowDailyK_ChartFlow,FinMind_API_TaiwanStockPrice_7794,True,2026-09-22T15:45:03,2026-09-22T15:45:03,2026-09-22T15:45:03
7794,宏碁智新,2025-07-30,44.0,44.0,,3.5199999999999996,,52.8,63.36,73.92,84.48,95.04,105.6,ShowDailyK_ChartFlow,FinMind_API_TaiwanStockPrice_7794,True,2026-09-22T15:45:03,2026-09-22T15:45:03,2026-09-22T15:45:03
7794,宏碁智新,2025-07-31,44.0,0.0,0.00%,3.5199999999999996,,52.8,63.36,73.92,84.48,95.04,105.6,ShowDailyK_ChartFlow,FinMind_API_TaiwanStockPrice_7794,True,2026-09-22T15:45:03,2026-09-22T15:45:03,2026-09-22T15:45:03
7794,宏碁智新,2025-08-01,46.3,2.299999999999997,5.23%,3.5199999999999996,,52.8,63.36,73.92,84.48,95.04,105.6,ShowDailyK_ChartFlow,FinMind_API_TaiwanStockPrice_7794,True,2026-09-22T15:45:03,2026-09-22T15:45:03,2026-09-22T15:45:03
7794,宏碁智新,2025-08-04,0.0,-46.3,-100.00%,3.5199999999999996,,52.8,63.36,73.92,84.48,95.04,105.6,ShowDailyK_ChartFlow,FinMind_API_TaiwanStockPrice_7794,True,2026-09-22T15:45:03,2026-09-22T15:45:03,2026-09-22T15:45:03
7794,宏碁智新,2025-08-05,46.3,46.3,,3.5199999999999996,,52.8,63.36,73.92,84.48,95.04,105.6,ShowDailyK_ChartFlow,FinMind_API_TaiwanStockPrice_7794,True,2026-09-22T15:45:03,2026-09-22T15:45:03,2026-09-22T15:45:03
7794,宏碁智新,2025-08-06,48.5,2.200000000000003,4.75%,3.5199999999999996,,52.8,63.36,73.92,84.48,95.04,105.6,ShowDailyK_ChartFlow,FinMind_API_TaiwanStockPrice_7794,True,2026-09-22T15:45:03,2026-09-22T15:45:03,2026-09-22T15:45:03
7794,宏碁智新,2025-08-07,48.5,0.0,0.00%,3.5199999999999996,,52.8,63.36,73.92,84.48,95.04,105.6,ShowDailyK_ChartFlow,FinMind_API_TaiwanStockPrice_7794,True,2026-09-22T15:45:03,2026-09-22T15:45:03,2026-09-22T15:45:03
7794,宏碁智新,2025-08-08,48.5,0.0,0.00%,3.5199999999999996,,52.8,63.36,73.92,84.48,95.04,105.6,ShowDailyK_ChartFlow,FinMind_API_TaiwanStockPrice_7794,True,2026-09-22T15:45:03,2026-09-22T15:45:03,2026-09-22T15:45:03
7794,宏碁智新,2025-08-11,50.5,2.0,4.12%,3.5199999999999996,,52.8,63.36,73.92,84.48,95.04,105.6,ShowDailyK_ChartFlow,FinMind_API_TaiwanStockPrice_7794,True,2026-09-22T15:45:03,2026-09-22T15:45:03,2026-09-22T15:45:03
7794,宏碁智新,2025-08-12,47.0,-3.5,-6.93%,3.5199999999999996,,52.8,63.36,73.92,84.48,95.04,105.6,ShowDailyK_ChartFlow,FinMind_API_TaiwanStockPrice_7794,True,2026-09-22T15:45:03,2026-09-22T15:45:03,2026-09-22T15:45:03
7794,宏碁智新,2025-08-13,46.5,-0.5,-1.06%,3.5199999999999996,,52.8,63.36,73.92,84.48,95.04,105.6,ShowDailyK_ChartFlow,FinMind_API_TaiwanStockPrice_7794,True,2026-09-22T15:45:03,2026-09-22T15:45:03,2026-09-22T15:45:03
7794,宏碁智新,2025-08-14,46.5,0.0,0.00%,3.5199999999999996,,52.8,63.36,73.92,84.48,95.04,105.6,ShowDailyK_ChartFlow,FinMind_API_TaiwanStockPrice_7794,True,2026-09-22T15:45:03,2026-09-22T15:45:03,2026-09-22T15:45:03
7794,宏碁智新,2025-08-15,0.0,-46.5,-100.00%,3.5199999999999996,,52.8,63.36,73.92,84.48,95.04,105.6,ShowDailyK_ChartFlow,FinMind_API_TaiwanStockPrice_7794,True,2026-09-22T15:45:03,2026-09-22T15:45:03,2026-09-22T15:45:03
7794,宏碁智新,2025-08-18,48.9,48.9,,3.5199999999999996,,52.8,63.36,73.92,84.48,95.04,105.6,ShowDailyK_ChartFlow,FinMind_API_TaiwanStockPrice_7794,True,2026-09-22T15:45:03,2026-09-22T15:45:03,2026-09-22T15:45:03
7794,宏碁智新,2025-08-19,50.5,1.6000000000000014,3.27%,3.5199999999999996,,52.8,63.36,73.92,84.48,95.04,105.6,ShowDailyK_ChartFlow,FinMind_API_TaiwanStockPrice_7794,True,2026-09-22T15:45:03,2026-09-22T15:45:03,2026-09-22T15:45:03
7794,宏碁智新,2025-08-20,50.5,0.0,0.00%,3.5199999999999996,,52.8,63.36,73.92,84.48,95.04,105.6,ShowDailyK_ChartFlow,FinMind_API_TaiwanStockPrice_7794,True,2026-09-22T15:45:03,2026-09-22T15:45:03,2026-09-22T15:45:03
7794,宏碁智新,2025-08-21,50.5,0.0,0.00%,3.5199999999999996,,52.8,63.36,73.92,84.48,95.04,105.6,ShowDailyK_ChartFlow,FinMind_API_TaiwanStockPrice_7794,True,2026-09-22T15:45:03,2026-09-22T15:45:03,2026-09-22T15:45:03
7794,宏碁智新,2025-08-22,50.5,0.0,0.00%,3.5199999999999996,,52.8,63.36,73.92,84.48,95.04,105.6,ShowDailyK_ChartFlow,FinMind_API_TaiwanStockPrice_7794,True,2026-09-22T15:45:03,2026-09-22T15:45:03,2026-09-22T15:45:03
7794,宏碁智新,2025-08-25,50.5,0.0,0.00%,3.5199999999999996,,52.8,63.36,73.92,84.48,95.04,105.6,ShowDailyK_ChartFlow,FinMind_API_TaiwanStockPrice_7794,True,2026-09-22T15:45:03,2026-09-22T15:45:03,2026-09-22T15:45:03
7794,宏碁智新,2025-08-26,50.5,0.0,0.00%,3.5199999999999996,,52.8,63.36,73.92,84.48,95.04,105.6,ShowDailyK_ChartFlow,FinMind_API_TaiwanStockPrice_7794,True,2026-09-22T15:45:03,2026-09-22T15:45:03,2026-09-22T15:45:03
7794,宏碁智新,2025-08-27,50.5,0.0,0.00%,3.5199999999999996,,52.8,63.36,73.92,84.48,95.04,105.6,ShowDailyK_ChartFlow,FinMind_API_TaiwanStockPrice_7794,True,2026-09-22T15:45:03,2026-09-22T15:45:03,2026-09-22T15:45:03
7794,宏碁智新,2025-08-28,52.5,2.0,3.96%,3.5199999999999996,,52.8,63.36,73.92,84.48,95.04,105.6,ShowDailyK_ChartFlow,FinMind_API_TaiwanStockPrice_7794,True,2026-09-22T15:45:03,2026-09-22T15:45:03,2026-09-22T15:45:03
7794,宏碁智新,2025-08-29,50.5,-2.0,-3.81%,3.5199999999999996,,52.8,63.36,73.92,84.48,95.04,105.6,ShowDailyK_ChartFlow,FinMind_API_TaiwanStockPrice_7794,True,2026-09-22T15:45:03,2026-09-22T15:45:03,2026-09-22T15:45:03
7794,宏碁智新,2025-09-01,50.5,0.0,0.00%,3.5199999999999996,,52.8,63.36,73.92,84.48,95.04,105.6,ShowDailyK_ChartFlow,FinMind_API_TaiwanStockPrice_7794,True,2026-09-22T15:45:03,2026-09-22T15:45:03,2026-09-22T15:45:03
7794,宏碁智新,2025-09-02,50.5,0.0,0.00%,3.5199999999999996,,52.8,63.36,73.92,84.48,95.04,105.6,ShowDailyK_ChartFlow,FinMind_API_TaiwanStockPrice_7794,True,2026-09-22T15:45:03,2026-09-22T15:45:03,2026-09-22T15:45:03
7794,宏碁智新,2025-09-03,50.5,0.0,0.00%,3.5199999999999996,,52.8,63.36,73.92,84.48,95.04,105.6,ShowDailyK_ChartFlow,FinMind_API_TaiwanStockPrice_7794,True,2026-09-22T15:45:03,2026-09-22T15:45:03,2026-09-22T15:45:03
7794,宏碁智新,2025-09-04,50.5,0.0,0.00%,3.5199999999999996,,52.8,63.36,73.92,84.48,95.04,105.6,ShowDailyK_ChartFlow,FinMind_API_TaiwanStockPrice_7794,True,2026-09-22T15:45:03,2026-09-22T15:45:03,2026-09-22T15:45:03
7794,宏碁智新,2025-09-05,50.5,0.0,0.00%,3.5199999999999996,,52.8,63.36,73.92,84.48,95.04,105.6,ShowDailyK_ChartFlow,FinMind_API_TaiwanStockPrice_7794,True,2026-09-22T15:45:03,2026-09-22T15:45:03,2026-09-22T15:45:03
7794,宏碁智新,2025-09-08,50.5,0.0,0.00%,3.5199999999999996,,52.8,63.36,73.92,84.48,95.04,105.6,ShowDailyK_ChartFlow,FinMind_API_TaiwanStockPrice_7794,True,2026-09-22T15:45:03,2026-09-22T15:45:03,2026-09-22T15:45:03
7794,宏碁智新,2025-09-09,50.5,0.0,0.00%,3.5199999999999996,,52.8,63.36,73.92,84.48,95.04,105.6,ShowDailyK_ChartFlow,FinMind_API_TaiwanStockPrice_7794,True,2026-09-22T15:45:03,2026-09-22T15:45:03,2026-09-22T15:45:03
7794,宏碁智新,2025-09-10,50.5,0.0,0.00%,3.5199999999999996,,52.8,63.36,73.92,84.48,95.04,105.6,ShowDailyK_ChartFlow,FinMind_API_TaiwanStockPrice_7794,True,2026-09-22T15:45:03,2026-09-22T15:45:03,2026-09-22T15:45:03
7794,宏碁智新,2025-09-11,50.5,0.0,0.00%,3.5199999999999996,,52.8,63.36,73.92,84.48,95.04,105.6,ShowDailyK_ChartFlow,FinMind_API_TaiwanStockPrice_7794,True,2026-09-22T15:45:03,2026-09-22T15:45:03,2026-09-22T15:45:03
7794,宏碁智新,2025-09-12,50.0,-0.5,-0.99%,3.5199999999999996,,52.8,63.36,73.92,84.48,95.04,105.6,ShowDailyK_ChartFlow,FinMind_API_TaiwanStockPrice_7794,True,2026-09-22T15:45:03,2026-09-22T15:45:03,2026-09-22T15:45:03
7794,宏碁智新,2025-09-15,50.0,0.0,0.00%,3.5199999999999996,,52.8,63.36,73.92,84.48,95.04,105.6,ShowDailyK_ChartFlow,FinMind_API_TaiwanStockPrice_7794,True,2026-09-22T15:45:03,2026-09-22T15:45:03,2026-09-22T15:45:03
7794,宏碁智新,2025-09-16,0.0,-50.0,-100.00%,3.5199999999999996,,52.8,63.36,73.92,84.48,95.04,105.6,ShowDailyK_ChartFlow,FinMind_API_TaiwanStockPrice_7794,True,2026-09-22T15:45:03,2026-09-22T15:45:03,2026-09-22T15:45:03
7794,宏碁智新,2025-09-17,0.0,0.0,,3.5199999999999996,,52.8,63.36,73.92,84.48,95.04,105.6,ShowDailyK_ChartFlow,FinMind_API_TaiwanStockPrice_7794,True,2026-09-22T15:45:03,2026-09-22T15:45:03,2026-09-22T15:45:03
7794,宏碁智新,2025-09-18,0.0,0.0,,3.5199999999999996,,52.8,63.36,73.92,84.48,95.04,105.6,ShowDailyK_ChartFlow,FinMind_API_TaiwanStockPrice_7794,True,2026-09-22T15:45:03,2026-09-22T15:45:03,2026-09-22T15:45:03
7794,宏碁智新,2025-09-19,50.7,50.7,,3.5199999999999996,,52.8,63.36,73.92,84.48,95.04,105.6,ShowDailyK_ChartFlow,FinMind_API_TaiwanStockPrice_7794,True,2026-09-22T15:45:03,2026-09-22T15:45:03,2026-09-22T15:45:03
7794,宏碁智新,2025-09-22,0.0,-50.7,-100.00%,3.5199999999999996,,52.8,63.36,73.92,84.48,95.04,105.6,ShowDailyK_ChartFlow,FinMind_API_TaiwanStockPrice_7794,True,2026-09-22T15:45:03,2026-09-22T15:45:03,2026-09-22T15:45:03
7794,宏碁智新,2025-09-23,48.65,48.65,,3.5199999999999996,,52.8,63.36,73.92,84.48,95.04,105.6,ShowDailyK_ChartFlow,FinMind_API_TaiwanStockPrice_7794,True,2026-09-22T15:45:03,2026-09-22T15:45:03,2026-09-22T15:45:03
7794,宏碁智新,2025-09-24,0.0,-48.65,-100.00%,3.5199999999999996,,52.8,63.36,73.92,84.48,95.04,105.6,ShowDailyK_ChartFlow,FinMind_API_TaiwanStockPrice_7794,True,2026-09-22T15:45:03,2026-09-22T15:45:03,2026-09-22T15:45:03
7794,宏碁智新,2025-09-25,0.0,0.0,,3.5199999999999996,,52.8,63.36,73.92,84.48,95.04,105.6,ShowDailyK_ChartFlow,FinMind_API_TaiwanStockPrice_7794,True,2026-09-22T15:45:03,2026-09-22T15:45:03,2026-09-22T15:45:03
7794,宏碁智新,2025-09-26,0.0,0.0,,3.5199999999999996,,52.8,63.36,73.92,84.48,95.04,105.6,ShowDailyK_ChartFlow,FinMind_API_TaiwanStockPrice_7794,True,2026-09-22T15:45:03,2026-09-22T15:45:03,2026-09-22T15:45:03
7794,宏碁智新,2025-09-30,0.0,0.0,,3.58,,53.7,64.44,75.18,85.92,96.66,107.4,ShowDailyK_ChartFlow,FinMind_API_TaiwanStockPrice_7794,True,2026-09-22T15:45:03,2026-09-22T15:45:03,2026-09-22T15:45:03
7794,宏碁智新,2025-10-01,48.5,48.5,,3.58,,53.7,64.44,75.18,85.92,96.66,107.4,ShowDailyK_ChartFlow,FinMind_API_TaiwanStockPrice_7794,True,2026-09-22T15:45:03,2026-09-22T15:45:03,2026-09-22T15:45:03
7794,宏碁智新,2025-10-02,0.0,-48.5,-100.00%,3.58,,53.7,64.44,75.18,85.92,96.66,107.4,ShowDailyK_ChartFlow,FinMind_API_TaiwanStockPrice_7794,True,2026-09-22T15:45:03,2026-09-22T15:45:03,2026-09-22T15:45:03
7794,宏碁智新,2025-10-03,48.5,48.5,,3.58,,53.7,64.44,75.18,85.92,96.66,107.4,ShowDailyK_ChartFlow,FinMind_API_TaiwanStockPrice_7794,True,2026-09-22T15:45:03,2026-09-22T15:45:03,2026-09-22T15:45:03
7794,宏碁智新,2025-10-07,49.0,0.5,1.03%,3.58,,53.7,64.44,75.18,85.92,96.66,107.4,ShowDailyK_ChartFlow,FinMind_API_TaiwanStockPrice_7794,True,2026-09-22T15:45:03,2026-09-22T15:45:03,2026-09-22T15:45:03
7794,宏碁智新,2025-10-08,0.0,-49.0,-100.00%,3.58,,53.7,64.44,75.18,85.92,96.66,107.4,ShowDailyK_ChartFlow,FinMind_API_TaiwanStockPrice_7794,True,2026-09-22T15:45:03,2026-09-22T15:45:03,2026-09-22T15:45:03
7794,宏碁智新,2025-10-09,0.0,0.0,,3.58,,53.7,64.44,75.18,85.92,96.66,107.4,ShowDailyK_ChartFlow,FinMind_API_TaiwanStockPrice_7794,True,2026-09-22T15:45:03,2026-09-22T15:45:03,2026-09-22T15:45:03
7794,宏碁智新,2025-10-13,0.0,0.0,,3.58,,53.7,64.44,75.18,85.92,96.66,107.4,ShowDailyK_ChartFlow,FinMind_API_TaiwanStockPrice_7794,True,2026-09-22T15:45:03,2026-09-22T15:45:03,2026-09-22T15:45:03
7794,宏碁智新,2025-10-14,0.0,0.0,,3.58,,53.7,64.44,75.18,85.92,96.66,107.4,ShowDailyK_ChartFlow,FinMind_API_TaiwanStockPrice_7794,True,2026-09-22T15:45:03,2026-09-22T15:45:03,2026-09-22T15:45:03
7794,宏碁智新,2025-10-15,0.0,0.0,,3.58,,53.7,64.44,75.18,85.92,96.66,107.4,ShowDailyK_ChartFlow,FinMind_API_TaiwanStockPrice_7794,True,2026-09-22T15:45:03,2026-09-22T15:45:03,2026-09-22T15:45:03
7794,宏碁智新,2025-10-16,0.0,0.0,,3.58,,53.7,64.44,75.18,85.92,96.66,107.4,ShowDailyK_ChartFlow,FinMind_API_TaiwanStockPrice_7794,True,2026-09-22T15:45:03,2026-09-22T15:45:03,2026-09-22T15:45:03
7794,宏碁智新,2025-10-17,0.0,0.0,,3.58,,53.7,64.44,75.18,85.92,96.66,107.4,ShowDailyK_ChartFlow,FinMind_API_TaiwanStockPrice_7794,True,2026-09-22T15:45:03,2026-09-22T15:45:03,2026-09-22T15:45:03
7794,宏碁智新,2025-10-20,0.0,0.0,,3.58,,53.7,64.44,75.18,85.92,96.66,107.4,ShowDailyK_ChartFlow,FinMind_API_TaiwanStockPrice_7794,True,2026-09-22T15:45:03,2026-09-22T15:45:03,2026-09-22T15:45:03
7794,宏碁智新,2025-10-21,0.0,0.0,,3.58,,53.7,64.44,75.18,85.92,96.66,107.4,ShowDailyK_ChartFlow,FinMind_API_TaiwanStockPrice_7794,True,2026-09-22T15:45:03,2026-09-22T15:45:03,2026-09-22T15:45:03
7794,宏碁智新,2025-10-22,0.0,0.0,,3.58,,53.7,64.44,75.18,85.92,96.66,107.4,ShowDailyK_ChartFlow,FinMind_API_TaiwanStockPrice_7794,True,2026-09-22T15:45:03,2026-09-22T15:45:03,2026-09-22T15:45:03
7794,宏碁智新,2025-10-23,0.0,0.0,,3.58,,53.7,64.44,75.18,85.92,96.66,107.4,ShowDailyK_ChartFlow,FinMind_API_TaiwanStockPrice_7794,True,2026-09-22T15:45:03,2026-09-22T15:45:03,2026-09-22T15:45:03
7794,宏碁智新,2025-10-27,48.45,48.45,,3.58,,53.7,64.44,75.18,85.92,96.66,107.4,ShowDailyK_ChartFlow,FinMind_API_TaiwanStockPrice_7794,True,2026-09-22T15:45:03,2026-09-22T15:45:03,2026-09-22T15:45:03
7794,宏碁智新,2025-10-28,0.0,-48.45,-100.00%,3.58,,53.7,64.44,75.18,85.92,96.66,107.4,ShowDailyK_ChartFlow,FinMind_API_TaiwanStockPrice_7794,True,2026-09-22T15:45:03,2026-09-22T15:45:03,2026-09-22T15:45:03
7794,宏碁智新,2025-10-29,0.0,0.0,,3.58,,53.7,64.44,75.18,85.92,96.66,107.4,ShowDailyK_ChartFlow,FinMind_API_TaiwanStockPrice_7794,True,2026-09-22T15:45:03,2026-09-22T15:45:03,2026-09-22T15:45:03
7794,宏碁智新,2025-10-30,0.0,0.0,,3.58,,53.7,64.44,75.18,85.92,96.66,107.4,ShowDailyK_ChartFlow,FinMind_API_TaiwanStockPrice_7794,True,2026-09-22T15:45:03,2026-09-22T15:45:03,2026-09-22T15:45:03
7794,宏碁智新,2025-10-31,51.0,51.0,,3.58,,53.7,64.44,75.18,85.92,96.66,107.4,ShowDailyK_ChartFlow,FinMind_API_TaiwanStockPrice_7794,True,2026-09-22T15:45:03,2026-09-22T15:45:03,2026-09-22T15:45:03
7794,宏碁智新,2025-11-03,51.0,0.0,0.00%,3.58,,53.7,64.44,75.18,85.92,96.66,107.4,ShowDailyK_ChartFlow,FinMind_API_TaiwanStockPrice_7794,True,2026-09-22T15:45:03,2026-09-22T15:45:03,2026-09-22T15:45:03
7794,宏碁智新,2025-11-04,0.0,-51.0,-100.00%,3.58,,53.7,64.44,75.18,85.92,96.66,107.4,ShowDailyK_ChartFlow,FinMind_API_TaiwanStockPrice_7794,True,2026-09-22T15:45:03,2026-09-22T15:45:03,2026-09-22T15:45:03
7794,宏碁智新,2025-11-05,0.0,0.0,,3.58,,53.7,64.44,75.18,85.92,96.66,107.4,ShowDailyK_ChartFlow,FinMind_API_TaiwanStockPrice_7794,True,2026-09-22T15:45:03,2026-09-22T15:45:03,2026-09-22T15:45:03
7794,宏碁智新,2025-11-06,0.0,0.0,,3.58,,53.7,64.44,75.18,85.92,96.66,107.4,ShowDailyK_ChartFlow,FinMind_API_TaiwanStockPrice_7794,True,2026-09-22T15:45:03,2026-09-22T15:45:03,2026-09-22T15:45:03
7794,宏碁智新,2025-11-07,0.0,0.0,,3.58,,53.7,64.44,75.18,85.92,96.66,107.4,ShowDailyK_ChartFlow,FinMind_API_TaiwanStockPrice_7794,True,2026-09-22T15:45:03,2026-09-22T15:45:03,2026-09-22T15:45:03
7794,宏碁智新,2025-11-10,48.45,48.45,,3.58,,53.7,64.44,75.18,85.92,96.66,107.4,ShowDailyK_ChartFlow,FinMind_API_TaiwanStockPrice_7794,True,2026-09-22T15:45:03,2026-09-22T15:45:03,2026-09-22T15:45:03
7794,宏碁智新,2025-11-11,51.0,2.549999999999997,5.26%,3.58,,53.7,64.44,75.18,85.92,96.66,107.4,ShowDailyK_ChartFlow,FinMind_API_TaiwanStockPrice_7794,True,2026-09-22T15:45:03,2026-09-22T15:45:03,2026-09-22T15:45:03
7794,宏碁智新,2025-11-12,0.0,-51.0,-100.00%,3.58,,53.7,64.44,75.18,85.92,96.66,107.4,ShowDailyK_ChartFlow,FinMind_API_TaiwanStockPrice_7794,True,2026-09-22T15:45:03,2026-09-22T15:45:03,2026-09-22T15:45:03
7794,宏碁智新,2025-11-13,50.5,50.5,,3.58,,53.7,64.44,75.18,85.92,96.66,107.4,ShowDailyK_ChartFlow,FinMind_API_TaiwanStockPrice_7794,True,2026-09-22T15:45:03,2026-09-22T15:45:03,2026-09-22T15:45:03
7794,宏碁智新,2025-11-14,0.0,-50.5,-100.00%,3.58,,53.7,64.44,75.18,85.92,96.66,107.4,ShowDailyK_ChartFlow,FinMind_API_TaiwanStockPrice_7794,True,2026-09-22T15:45:03,2026-09-22T15:45:03,2026-09-22T15:45:03
7794,宏碁智新,2025-11-17,0.0,0.0,,3.58,,53.7,64.44,75.18,85.92,96.66,107.4,ShowDailyK_ChartFlow,FinMind_API_TaiwanStockPrice_7794,True,2026-09-22T15:45:03,2026-09-22T15:45:03,2026-09-22T15:45:03
7794,宏碁智新,2025-11-18,0.0,0.0,,3.58,,53.7,64.44,75.18,85.92,96.66,107.4,ShowDailyK_ChartFlow,FinMind_API_TaiwanStockPrice_7794,True,2026-09-22T15:45:03,2026-09-22T15:45:03,2026-09-22T15:45:03
7794,宏碁智新,2025-11-19,0.0,0.0,,3.58,,53.7,64.44,75.18,85.92,96.66,107.4,ShowDailyK_ChartFlow,FinMind_API_TaiwanStockPrice_7794,True,2026-09-22T15:45:03,2026-09-22T15:45:03,2026-09-22T15:45:03
7794,宏碁智新,2025-11-20,0.0,0.0,,3.58,,53.7,64.44,75.18,85.92,96.66,107.4,ShowDailyK_ChartFlow,FinMind_API_TaiwanStockPrice_7794,True,2026-09-22T15:45:03,2026-09-22T15:45:03,2026-09-22T15:45:03
7794,宏碁智新,2025-11-21,0.0,0.0,,3.58,,53.7,64.44,75.18,85.92,96.66,107.4,ShowDailyK_ChartFlow,FinMind_API_TaiwanStockPrice_7794,True,2026-09-22T15:45:03,2026-09-22T15:45:03,2026-09-22T15:45:03
7794,宏碁智新,2025-11-24,48.6,48.6,,3.58,,53.7,64.44,75.18,85.92,96.66,107.4,ShowDailyK_ChartFlow,FinMind_API_TaiwanStockPrice_7794,True,2026-09-22T15:45:03,2026-09-22T15:45:03,2026-09-22T15:45:03
7794,宏碁智新,2025-11-25,0.0,-48.6,-100.00%,3.58,,53.7,64.44,75.18,85.92,96.66,107.4,ShowDailyK_ChartFlow,FinMind_API_TaiwanStockPrice_7794,True,2026-09-22T15:45:03,2026-09-22T15:45:03,2026-09-22T15:45:03
7794,宏碁智新,2025-11-26,0.0,0.0,,3.58,,53.7,64.44,75.18,85.92,96.66,107.4,ShowDailyK_ChartFlow,FinMind_API_TaiwanStockPrice_7794,True,2026-09-22T15:45:03,2026-09-22T15:45:03,2026-09-22T15:45:03
7794,宏碁智新,2025-11-27,50.5,50.5,,3.58,,53.7,64.44,75.18,85.92,96.66,107.4,ShowDailyK_ChartFlow,FinMind_API_TaiwanStockPrice_7794,True,2026-09-22T15:45:03,2026-09-22T15:45:03,2026-09-22T15:45:03
7794,宏碁智新,2025-11-28,0.0,-50.5,-100.00%,3.58,,53.7,64.44,75.18,85.92,96.66,107.4,ShowDailyK_ChartFlow,FinMind_API_TaiwanStockPrice_7794,True,2026-09-22T15:45:03,2026-09-22T15:45:03,2026-09-22T15:45:03
7794,宏碁智新,2025-12-01,50.5,50.5,,3.58,,53.7,64.44,75.18,85.92,96.66,107.4,ShowDailyK_ChartFlow,FinMind_API_TaiwanStockPrice_7794,True,2026-09-22T15:45:03,2026-09-22T15:45:03,2026-09-22T15:45:03
7794,宏碁智新,2025-12-02,0.0,-50.5,-100.00%,3.58,,53.7,64.44,75.18,85.92,96.66,107.4,ShowDailyK_ChartFlow,FinMind_API_TaiwanStockPrice_7794,True,2026-09-22T15:45:03,2026-09-22T15:45:03,2026-09-22T15:45:03
7794,宏碁智新,2025-12-03,0.0,0.0,,3.58,,53.7,64.44,75.18,85.92,96.66,107.4,ShowDailyK_ChartFlow,FinMind_API_TaiwanStockPrice_7794,True,2026-09-22T15:45:03,2026-09-22T15:45:03,2026-09-22T15:45:03
7794,宏碁智新,2025-12-04,51.0,51.0,,3.58,,53.7,64.44,75.18,85.92,96.66,107.4,ShowDailyK_ChartFlow,FinMind_API_TaiwanStockPrice_7794,True,2026-09-22T15:45:03,2026-09-22T15:45:03,2026-09-22T15:45:03
7794,宏碁智新,2025-12-05,48.45,-2.549999999999997,-5.00%,3.58,,53.7,64.44,75.18,85.92,96.66,107.4,ShowDailyK_ChartFlow,FinMind_API_TaiwanStockPrice_7794,True,2026-09-22T15:45:03,2026-09-22T15:45:03,2026-09-22T15:45:03
7794,宏碁智新,2025-12-08,48.45,0.0,0.00%,3.58,,53.7,64.44,75.18,85.92,96.66,107.4,ShowDailyK_ChartFlow,FinMind_API_TaiwanStockPrice_7794,True,2026-09-22T15:45:03,2026-09-22T15:45:03,2026-09-22T15:45:03
7794,宏碁智新,2025-12-09,48.45,0.0,0.00%,3.58,,53.7,64.44,75.18,85.92,96.66,107.4,ShowDailyK_ChartFlow,FinMind_API_TaiwanStockPrice_7794,True,2026-09-22T15:45:03,2026-09-22T15:45:03,2026-09-22T15:45:03
7794,宏碁智新,2025-12-10,48.45,0.0,0.00%,3.58,,53.7,64.44,75.18,85.92,96.66,107.4,ShowDailyK_ChartFlow,FinMind_API_TaiwanStockPrice_7794,True,2026-09-22T15:45:03,2026-09-22T15:45:03,2026-09-22T15:45:03
7794,宏碁智新,2025-12-11,48.45,0.0,0.00%,3.58,,53.7,64.44,75.18,85.92,96.66,107.4,ShowDailyK_ChartFlow,FinMind_API_TaiwanStockPrice_7794,True,2026-09-22T15:45:03,2026-09-22T15:45:03,2026-09-22T15:45:03
7794,宏碁智新,2025-12-12,48.45,0.0,0.00%,3.58,,53.7,64.44,75.18,85.92,96.66,107.4,ShowDailyK_ChartFlow,FinMind_API_TaiwanStockPrice_7794,True,2026-09-22T15:45:03,2026-09-22T15:45:03,2026-09-22T15:45:03
7794,宏碁智新,2025-12-15,48.45,0.0,0.00%,3.58,,53.7,64.44,75.18,85.92,96.66,107.4,ShowDailyK_ChartFlow,FinMind_API_TaiwanStockPrice_7794,True,2026-09-22T15:45:03,2026-09-22T15:45:03,2026-09-22T15:45:03
7794,宏碁智新,2025-12-16,48.0,-0.45000000000000284,-0.93%,3.58,,53.7,64.44,75.18,85.92,96.66,107.4,ShowDailyK_ChartFlow,FinMind_API_TaiwanStockPrice_7794,True,2026-09-22T15:45:03,2026-09-22T15:45:03,2026-09-22T15:45:03
7794,宏碁智新,2025-12-17,0.0,-48.0,-100.00%,3.58,,53.7,64.44,75.18,85.92,96.66,107.4,ShowDailyK_ChartFlow,FinMind_API_TaiwanStockPrice_7794,True,2026-09-22T15:45:03,2026-09-22T15:45:03,2026-09-22T15:45:03
7794,宏碁智新,2025-12-18,45.6,45.6,,3.58,,53.7,64.44,75.18,85.92,96.66,107.4,ShowDailyK_ChartFlow,FinMind_API_TaiwanStockPrice_7794,True,2026-09-22T15:45:03,2026-09-22T15:45:03,2026-09-22T15:45:03
7794,宏碁智新,2025-12-19,44.85,-0.75,-1.64%,3.58,,53.7,64.44,75.18,85.92,96.66,107.4,ShowDailyK_ChartFlow,FinMind_API_TaiwanStockPrice_7794,True,2026-09-22T15:45:03,2026-09-22T15:45:03,2026-09-22T15:45:03
7794,宏碁智新,2025-12-22,45.3,0.44999999999999574,1.00%,3.58,,53.7,64.44,75.18,85.92,96.66,107.4,ShowDailyK_ChartFlow,FinMind_API_TaiwanStockPrice_7794,True,2026-09-22T15:45:03,2026-09-22T15:45:03,2026-09-22T15:45:03
7794,宏碁智新,2025-12-23,46.0,0.7000000000000028,1.55%,3.58,,53.7,64.44,75.18,85.92,96.66,107.4,ShowDailyK_ChartFlow,FinMind_API_TaiwanStockPrice_7794,True,2026-09-22T15:45:03,2026-09-22T15:45:03,2026-09-22T15:45:03
7794,宏碁智新,2025-12-24,0.0,-46.0,-100.00%,3.58,,53.7,64.44,75.18,85.92,96.66,107.4,ShowDailyK_ChartFlow,FinMind_API_TaiwanStockPrice_7794,True,2026-09-22T15:45:03,2026-09-22T15:45:03,2026-09-22T15:45:03
7794,宏碁智新,2025-12-26,0.0,0.0,,3.58,,53.7,64.44,75.18,85.92,96.66,107.4,ShowDailyK_ChartFlow,FinMind_API_TaiwanStockPrice_7794,True,2026-09-22T15:45:03,2026-09-22T15:45:03,2026-09-22T15:45:03
7794,宏碁智新,2025-12-29,44.5,44.5,,3.58,,53.7,64.44,75.18,85.92,96.66,107.4,ShowDailyK_ChartFlow,FinMind_API_TaiwanStockPrice_7794,True,2026-09-22T15:45:03,2026-09-22T15:45:03,2026-09-22T15:45:03
7794,宏碁智新,2025-12-30,44.2,-0.29999999999999716,-0.67%,3.58,,53.7,64.44,75.18,85.92,96.66,107.4,ShowDailyK_ChartFlow,FinMind_API_TaiwanStockPrice_7794,True,2026-09-22T15:45:03,2026-09-22T15:45:03,2026-09-22T15:45:03
7794,宏碁智新,2025-12-31,46.0,1.7999999999999972,4.07%,3.7299999999999995,,55.95,67.14,78.33,89.52,100.71,111.9,ShowDailyK_ChartFlow,FinMind_API_TaiwanStockPrice_7794,True,2026-09-22T15:45:03,2026-09-22T15:45:03,2026-09-22T15:45:03
7794,宏碁智新,2026-01-02,0.0,-46.0,-100.00%,3.7299999999999995,,55.95,67.14,78.33,89.52,100.71,111.9,ShowDailyK_ChartFlow,FinMind_API_TaiwanStockPrice_7794,True,2026-09-22T15:45:03,2026-09-22T15:45:03,2026-09-22T15:45:03
7794,宏碁智新,2026-01-05,46.0,46.0,,3.7299999999999995,,55.95,67.14,78.33,89.52,100.71,111.9,ShowDailyK_ChartFlow,FinMind_API_TaiwanStockPrice_7794,True,2026-09-22T15:45:03,2026-09-22T15:45:03,2026-09-22T15:45:03
7794,宏碁智新,2026-01-06,0.0,-46.0,-100.00%,3.7299999999999995,,55.95,67.14,78.33,89.52,100.71,111.9,ShowDailyK_ChartFlow,FinMind_API_TaiwanStockPrice_7794,True,2026-09-22T15:45:03,2026-09-22T15:45:03,2026-09-22T15:45:03
7794,宏碁智新,2026-01-07,0.0,0.0,,3.7299999999999995,,55.95,67.14,78.33,89.52,100.71,111.9,ShowDailyK_ChartFlow,FinMind_API_TaiwanStockPrice_7794,True,2026-09-22T15:45:03,2026-09-22T15:45:03,2026-09-22T15:45:03
7794,宏碁智新,2026-01-08,45.0,45.0,,3.7299999999999995,,55.95,67.14,78.33,89.52,100.71,111.9,ShowDailyK_ChartFlow,FinMind_API_TaiwanStockPrice_7794,True,2026-09-22T15:45:03,2026-09-22T15:45:03,2026-09-22T15:45:03
7794,宏碁智新,2026-01-09,44.3,-0.7000000000000028,-1.56%,3.7299999999999995,,55.95,67.14,78.33,89.52,100.71,111.9,ShowDailyK_ChartFlow,FinMind_API_TaiwanStockPrice_7794,True,2026-09-22T15:45:03,2026-09-22T15:45:03,2026-09-22T15:45:03
7794,宏碁智新,2026-01-12,46.3,2.0,4.51%,3.7299999999999995,,55.95,67.14,78.33,89.52,100.71,111.9,ShowDailyK_ChartFlow,FinMind_API_TaiwanStockPrice_7794,True,2026-09-22T15:45:03,2026-09-22T15:45:03,2026-09-22T15:45:03
7794,宏碁智新,2026-01-13,46.3,0.0,0.00%,3.7299999999999995,,55.95,67.14,78.33,89.52,100.71,111.9,ShowDailyK_ChartFlow,FinMind_API_TaiwanStockPrice_7794,True,2026-09-22T15:45:03,2026-09-22T15:45:03,2026-09-22T15:45:03
7794,宏碁智新,2026-01-14,46.3,0.0,0.00%,3.7299999999999995,,55.95,67.14,78.33,89.52,100.71,111.9,ShowDailyK_ChartFlow,FinMind_API_TaiwanStockPrice_7794,True,2026-09-22T15:45:03,2026-09-22T15:45:03,2026-09-22T15:45:03
7794,宏碁智新,2026-01-15,46.3,0.0,0.00%,3.7299999999999995,,55.95,67.14,78.33,89.52,100.71,111.9,ShowDailyK_ChartFlow,FinMind_API_TaiwanStockPrice_7794,True,2026-09-22T15:45:03,2026-09-22T15:45:03,2026-09-22T15:45:03
7794,宏碁智新,2026-01-16,0.0,-46.3,-100.00%,3.7299999999999995,,55.95,67.14,78.33,89.52,100.71,111.9,ShowDailyK_ChartFlow,FinMind_API_TaiwanStockPrice_7794,True,2026-09-22T15:45:03,2026-09-22T15:45:03,2026-09-22T15:45:03
7794,宏碁智新,2026-01-19,46.3,46.3,,3.7299999999999995,,55.95,67.14,78.33,89.52,100.71,111.9,ShowDailyK_ChartFlow,FinMind_API_TaiwanStockPrice_7794,True,2026-09-22T15:45:03,2026-09-22T15:45:03,2026-09-22T15:45:03
7794,宏碁智新,2026-01-20,44.3,-2.0,-4.32%,3.7299999999999995,,55.95,67.14,78.33,89.52,100.71,111.9,ShowDailyK_ChartFlow,FinMind_API_TaiwanStockPrice_7794,True,2026-09-22T15:45:03,2026-09-22T15:45:03,2026-09-22T15:45:03
7794,宏碁智新,2026-01-21,46.3,2.0,4.51%,3.7299999999999995,,55.95,67.14,78.33,89.52,100.71,111.9,ShowDailyK_ChartFlow,FinMind_API_TaiwanStockPrice_7794,True,2026-09-22T15:45:03,2026-09-22T15:45:03,2026-09-22T15:45:03
7794,宏碁智新,2026-01-22,48.55,2.25,4.86%,3.7299999999999995,,55.95,67.14,78.33,89.52,100.71,111.9,ShowDailyK_ChartFlow,FinMind_API_TaiwanStockPrice_7794,True,2026-09-22T15:45:03,2026-09-22T15:45:03,2026-09-22T15:45:03
7794,宏碁智新,2026-01-23,48.55,0.0,0.00%,3.7299999999999995,,55.95,67.14,78.33,89.52,100.71,111.9,ShowDailyK_ChartFlow,FinMind_API_TaiwanStockPrice_7794,True,2026-09-22T15:45:03,2026-09-22T15:45:03,2026-09-22T15:45:03
7794,宏碁智新,2026-01-26,46.3,-2.25,-4.63%,3.7299999999999995,,55.95,67.14,78.33,89.52,100.71,111.9,ShowDailyK_ChartFlow,FinMind_API_TaiwanStockPrice_7794,True,2026-09-22T15:45:03,2026-09-22T15:45:03,2026-09-22T15:45:03
7794,宏碁智新,2026-01-27,48.8,2.5,5.40%,3.7299999999999995,,55.95,67.14,78.33,89.52,100.71,111.9,ShowDailyK_ChartFlow,FinMind_API_TaiwanStockPrice_7794,True,2026-09-22T15:45:03,2026-09-22T15:45:03,2026-09-22T15:45:03
7794,宏碁智新,2026-01-28,48.0,-0.7999999999999972,-1.64%,3.7299999999999995,,55.95,67.14,78.33,89.52,100.71,111.9,ShowDailyK_ChartFlow,FinMind_API_TaiwanStockPrice_7794,True,2026-09-22T15:45:03,2026-09-22T15:45:03,2026-09-22T15:45:03
7794,宏碁智新,2026-01-29,47.5,-0.5,-1.04%,3.7299999999999995,,55.95,67.14,78.33,89.52,100.71,111.9,ShowDailyK_ChartFlow,FinMind_API_TaiwanStockPrice_7794,True,2026-09-22T15:45:03,2026-09-22T15:45:03,2026-09-22T15:45:03
7794,宏碁智新,2026-01-30,45.3,-2.200000000000003,-4.63%,3.7299999999999995,,55.95,67.14,78.33,89.52,100.71,111.9,ShowDailyK_ChartFlow,FinMind_API_TaiwanStockPrice_7794,True,2026-09-22T15:45:03,2026-09-22T15:45:03,2026-09-22T15:45:03
7794,宏碁智新,2026-02-02,45.5,0.20000000000000284,0.44%,3.7299999999999995,,55.95,67.14,78.33,89.52,100.71,111.9,ShowDailyK_ChartFlow,FinMind_API_TaiwanStockPrice_7794,True,2026-09-22T15:45:03,2026-09-22T15:45:03,2026-09-22T15:45:03
7794,宏碁智新,2026-02-03,45.5,0.0,0.00%,3.7299999999999995,,55.95,67.14,78.33,89.52,100.71,111.9,ShowDailyK_ChartFlow,FinMind_API_TaiwanStockPrice_7794,True,2026-09-22T15:45:03,2026-09-22T15:45:03,2026-09-22T15:45:03
7794,宏碁智新,2026-02-04,45.5,0.0,0.00%,3.7299999999999995,,55.95,67.14,78.33,89.52,100.71,111.9,ShowDailyK_ChartFlow,FinMind_API_TaiwanStockPrice_7794,True,2026-09-22T15:45:03,2026-09-22T15:45:03,2026-09-22T15:45:03
7794,宏碁智新,2026-02-05,45.5,0.0,0.00%,3.7299999999999995,,55.95,67.14,78.33,89.52,100.71,111.9,ShowDailyK_ChartFlow,FinMind_API_TaiwanStockPrice_7794,True,2026-09-22T15:45:03,2026-09-22T15:45:03,2026-09-22T15:45:03
7794,宏碁智新,2026-02-06,45.5,0.0,0.00%,3.7299999999999995,,55.95,67.14,78.33,89.52,100.71,111.9,ShowDailyK_ChartFlow,FinMind_API_TaiwanStockPrice_7794,True,2026-09-22T15:45:03,2026-09-22T15:45:03,2026-09-22T15:45:03
7794,宏碁智新,2026-02-09,45.5,0.0,0.00%,3.7299999999999995,,55.95,67.14,78.33,89.52,100.71,111.9,ShowDailyK_ChartFlow,FinMind_API_TaiwanStockPrice_7794,True,2026-09-22T15:45:03,2026-09-22T15:45:03,2026-09-22T15:45:03
7794,宏碁智新,2026-02-10,0.0,-45.5,-100.00%,3.7299999999999995,,55.95,67.14,78.33,89.52,100.71,111.9,ShowDailyK_ChartFlow,FinMind_API_TaiwanStockPrice_7794,True,2026-09-22T15:45:03,2026-09-22T15:45:03,2026-09-22T15:45:03
7794,宏碁智新,2026-02-11,45.5,45.5,,3.7299999999999995,,55.95,67.14,78.33,89.52,100.71,111.9,ShowDailyK_ChartFlow,FinMind_API_TaiwanStockPrice_7794,True,2026-09-22T15:45:03,2026-09-22T15:45:03,2026-09-22T15:45:03
7794,宏碁智新,2026-02-23,47.55,2.049999999999997,4.51%,3.7299999999999995,,55.95,67.14,78.33,89.52,100.71,111.9,ShowDailyK_ChartFlow,FinMind_API_TaiwanStockPrice_7794,True,2026-09-22T15:45:03,2026-09-22T15:45:03,2026-09-22T15:45:03
7794,宏碁智新,2026-02-24,49.3,1.75,3.68%,3.7299999999999995,,55.95,67.14,78.33,89.52,100.71,111.9,ShowDailyK_ChartFlow,FinMind_API_TaiwanStockPrice_7794,True,2026-09-22T15:45:03,2026-09-22T15:45:03,2026-09-22T15:45:03
7794,宏碁智新,2026-02-25,49.45,0.15000000000000568,0.30%,3.7299999999999995,,55.95,67.14,78.33,89.52,100.71,111.9,ShowDailyK_ChartFlow,FinMind_API_TaiwanStockPrice_7794,True,2026-09-22T15:45:03,2026-09-22T15:45:03,2026-09-22T15:45:03
7794,宏碁智新,2026-02-26,49.3,-0.15000000000000568,-0.30%,3.7299999999999995,,55.95,67.14,78.33,89.52,100.71,111.9,ShowDailyK_ChartFlow,FinMind_API_TaiwanStockPrice_7794,True,2026-09-22T15:45:03,2026-09-22T15:45:03,2026-09-22T15:45:03
7794,宏碁智新,2026-03-02,50.0,0.7000000000000028,1.42%,3.7299999999999995,,55.95,67.14,78.33,89.52,100.71,111.9,ShowDailyK_ChartFlow,FinMind_API_TaiwanStockPrice_7794,True,2026-09-22T15:45:03,2026-09-22T15:45:03,2026-09-22T15:45:03
7794,宏碁智新,2026-03-03,50.0,0.0,0.00%,3.7299999999999995,,55.95,67.14,78.33,89.52,100.71,111.9,ShowDailyK_ChartFlow,FinMind_API_TaiwanStockPrice_7794,True,2026-09-22T15:45:03,2026-09-22T15:45:03,2026-09-22T15:45:03
7794,宏碁智新,2026-03-04,47.85,-2.1499999999999986,-4.30%,3.7299999999999995,,55.95,67.14,78.33,89.52,100.71,111.9,ShowDailyK_ChartFlow,FinMind_API_TaiwanStockPrice_7794,True,2026-09-22T15:45:03,2026-09-22T15:45:03,2026-09-22T15:45:03
7794,宏碁智新,2026-03-05,47.85,0.0,0.00%,3.7299999999999995,,55.95,67.14,78.33,89.52,100.71,111.9,ShowDailyK_ChartFlow,FinMind_API_TaiwanStockPrice_7794,True,2026-09-22T15:45:03,2026-09-22T15:45:03,2026-09-22T15:45:03
7794,宏碁智新,2026-03-06,46.0,-1.8500000000000014,-3.87%,3.7299999999999995,,55.95,67.14,78.33,89.52,100.71,111.9,ShowDailyK_ChartFlow,FinMind_API_TaiwanStockPrice_7794,True,2026-09-22T15:45:03,2026-09-22T15:45:03,2026-09-22T15:45:03
7794,宏碁智新,2026-03-09,0.0,-46.0,-100.00%,3.7299999999999995,,55.95,67.14,78.33,89.52,100.71,111.9,ShowDailyK_ChartFlow,FinMind_API_TaiwanStockPrice_7794,True,2026-09-22T15:45:03,2026-09-22T15:45:03,2026-09-22T15:45:03
7794,宏碁智新,2026-03-10,44.2,44.2,,3.7299999999999995,,55.95,67.14,78.33,89.52,100.71,111.9,ShowDailyK_ChartFlow,FinMind_API_TaiwanStockPrice_7794,True,2026-09-22T15:45:03,2026-09-22T15:45:03,2026-09-22T15:45:03
7794,宏碁智新,2026-03-11,45.6,1.3999999999999986,3.17%,3.7299999999999995,,55.95,67.14,78.33,89.52,100.71,111.9,ShowDailyK_ChartFlow,FinMind_API_TaiwanStockPrice_7794,True,2026-09-22T15:45:03,2026-09-22T15:45:03,2026-09-22T15:45:03
7794,宏碁智新,2026-03-12,44.2,-1.3999999999999986,-3.07%,3.7299999999999995,,55.95,67.14,78.33,89.52,100.71,111.9,ShowDailyK_ChartFlow,FinMind_API_TaiwanStockPrice_7794,True,2026-09-22T15:45:03,2026-09-22T15:45:03,2026-09-22T15:45:03
7794,宏碁智新,2026-03-13,46.4,2.1999999999999957,4.98%,3.7299999999999995,,55.95,67.14,78.33,89.52,100.71,111.9,ShowDailyK_ChartFlow,FinMind_API_TaiwanStockPrice_7794,True,2026-09-22T15:45:03,2026-09-22T15:45:03,2026-09-22T15:45:03
7794,宏碁智新,2026-03-16,46.5,0.10000000000000142,0.22%,3.7299999999999995,,55.95,67.14,78.33,89.52,100.71,111.9,ShowDailyK_ChartFlow,FinMind_API_TaiwanStockPrice_7794,True,2026-09-22T15:45:03,2026-09-22T15:45:03,2026-09-22T15:45:03
7794,宏碁智新,2026-03-17,46.5,0.0,0.00%,3.7299999999999995,,55.95,67.14,78.33,89.52,100.71,111.9,ShowDailyK_ChartFlow,FinMind_API_TaiwanStockPrice_7794,True,2026-09-22T15:45:03,2026-09-22T15:45:03,2026-09-22T15:45:03
7794,宏碁智新,2026-03-18,46.0,-0.5,-1.08%,3.7299999999999995,,55.95,67.14,78.33,89.52,100.71,111.9,ShowDailyK_ChartFlow,FinMind_API_TaiwanStockPrice_7794,True,2026-09-22T15:45:03,2026-09-22T15:45:03,2026-09-22T15:45:03
7794,宏碁智新,2026-03-19,48.8,2.799999999999997,6.09%,3.7299999999999995,,55.95,67.14,78.33,89.52,100.71,111.9,ShowDailyK_ChartFlow,FinMind_API_TaiwanStockPrice_7794,True,2026-09-22T15:45:03,2026-09-22T15:45:03,2026-09-22T15:45:03
7794,宏碁智新,2026-03-20,48.8,0.0,0.00%,3.7299999999999995,,55.95,67.14,78.33,89.52,100.71,111.9,ShowDailyK_ChartFlow,FinMind_API_TaiwanStockPrice_7794,True,2026-09-22T15:45:03,2026-09-22T15:45:03,2026-09-22T15:45:03
7794,宏碁智新,2026-03-23,49.0,0.20000000000000284,0.41%,3.7299999999999995,,55.95,67.14,78.33,89.52,100.71,111.9,ShowDailyK_ChartFlow,FinMind_API_TaiwanStockPrice_7794,True,2026-09-22T15:45:03,2026-09-22T15:45:03,2026-09-22T15:45:03
7794,宏碁智新,2026-03-24,50.5,1.5,3.06%,3.7299999999999995,,55.95,67.14,78.33,89.52,100.71,111.9,ShowDailyK_ChartFlow,FinMind_API_TaiwanStockPrice_7794,True,2026-09-22T15:45:03,2026-09-22T15:45:03,2026-09-22T15:45:03
7794,宏碁智新,2026-03-25,51.0,0.5,0.99%,3.7299999999999995,,55.95,67.14,78.33,89.52,100.71,111.9,ShowDailyK_ChartFlow,FinMind_API_TaiwanStockPrice_7794,True,2026-09-22T15:45:03,2026-09-22T15:45:03,2026-09-22T15:45:03
7794,宏碁智新,2026-03-26,51.8,0.7999999999999972,1.57%,3.7299999999999995,,55.95,67.14,78.33,89.52,100.71,111.9,ShowDailyK_ChartFlow,FinMind_API_TaiwanStockPrice_7794,True,2026-09-22T15:45:03,2026-09-22T15:45:03,2026-09-22T15:45:03
7794,宏碁智新,2026-03-27,52.3,0.5,0.97%,3.7299999999999995,,55.95,67.14,78.33,89.52,100.71,111.9,ShowDailyK_ChartFlow,FinMind_API_TaiwanStockPrice_7794,True,2026-09-22T15:45:03,2026-09-22T15:45:03,2026-09-22T15:45:03
7794,宏碁智新,2026-03-30,51.3,-1.0,-1.91%,3.7299999999999995,,55.95,67.14,78.33,89.52,100.71,111.9,ShowDailyK_ChartFlow,FinMind_API_TaiwanStockPrice_7794,True,2026-09-22T15:45:03,2026-09-22T15:45:03,2026-09-22T15:45:03
7794,宏碁智新,2026-03-31,52.4,1.1000000000000014,2.14%,3.25,,48.75,58.5,68.25,78.0,87.75,97.5,ShowDailyK_ChartFlow,FinMind_API_TaiwanStockPrice_7794,True,2026-09-22T15:45:03,2026-09-22T15:45:03,2026-09-22T15:45:03
7794,宏碁智新,2026-04-01,50.5,-1.8999999999999986,-3.63%,3.25,,48.75,58.5,68.25,78.0,87.75,97.5,ShowDailyK_ChartFlow,FinMind_API_TaiwanStockPrice_7794,True,2026-09-22T15:45:03,2026-09-22T15:45:03,2026-09-22T15:45:03
7794,宏碁智新,2026-04-02,48.65,-1.8500000000000014,-3.66%,3.25,,48.75,58.5,68.25,78.0,87.75,97.5,ShowDailyK_ChartFlow,FinMind_API_TaiwanStockPrice_7794,True,2026-09-22T15:45:03,2026-09-22T15:45:03,2026-09-22T15:45:03
7794,宏碁智新,2026-04-07,50.5,1.8500000000000014,3.80%,3.25,,48.75,58.5,68.25,78.0,87.75,97.5,ShowDailyK_ChartFlow,FinMind_API_TaiwanStockPrice_7794,True,2026-09-22T15:45:03,2026-09-22T15:45:03,2026-09-22T15:45:03
7794,宏碁智新,2026-04-08,52.0,1.5,2.97%,3.25,,48.75,58.5,68.25,78.0,87.75,97.5,ShowDailyK_ChartFlow,FinMind_API_TaiwanStockPrice_7794,True,2026-09-22T15:45:03,2026-09-22T15:45:03,2026-09-22T15:45:03
7794,宏碁智新,2026-04-09,49.9,-2.1000000000000014,-4.04%,3.25,,48.75,58.5,68.25,78.0,87.75,97.5,ShowDailyK_ChartFlow,FinMind_API_TaiwanStockPrice_7794,True,2026-09-22T15:45:03,2026-09-22T15:45:03,2026-09-22T15:45:03
7794,宏碁智新,2026-04-10,49.3,-0.6000000000000014,-1.20%,3.25,,48.75,58.5,68.25,78.0,87.75,97.5,ShowDailyK_ChartFlow,FinMind_API_TaiwanStockPrice_7794,True,2026-09-22T15:45:03,2026-09-22T15:45:03,2026-09-22T15:45:03
7794,宏碁智新,2026-04-13,50.3,1.0,2.03%,3.25,,48.75,58.5,68.25,78.0,87.75,97.5,ShowDailyK_ChartFlow,FinMind_API_TaiwanStockPrice_7794,True,2026-09-22T15:45:03,2026-09-22T15:45:03,2026-09-22T15:45:03
7794,宏碁智新,2026-04-14,49.8,-0.5,-0.99%,3.25,,48.75,58.5,68.25,78.0,87.75,97.5,ShowDailyK_ChartFlow,FinMind_API_TaiwanStockPrice_7794,True,2026-09-22T15:45:03,2026-09-22T15:45:03,2026-09-22T15:45:03
7794,宏碁智新,2026-04-15,48.5,-1.2999999999999972,-2.61%,3.25,,48.75,58.5,68.25,78.0,87.75,97.5,ShowDailyK_ChartFlow,FinMind_API_TaiwanStockPrice_7794,True,2026-09-22T15:45:03,2026-09-22T15:45:03,2026-09-22T15:45:03
7794,宏碁智新,2026-04-16,47.2,-1.2999999999999972,-2.68%,3.25,,48.75,58.5,68.25,78.0,87.75,97.5,ShowDailyK_ChartFlow,FinMind_API_TaiwanStockPrice_7794,True,2026-09-22T15:45:03,2026-09-22T15:45:03,2026-09-22T15:45:03
7794,宏碁智新,2026-04-17,47.5,0.29999999999999716,0.64%,3.25,,48.75,58.5,68.25,78.0,87.75,97.5,ShowDailyK_ChartFlow,FinMind_API_TaiwanStockPrice_7794,True,2026-09-22T15:45:03,2026-09-22T15:45:03,2026-09-22T15:45:03
7794,宏碁智新,2026-04-20,44.5,-3.0,-6.32%,3.25,16.36,48.75,58.5,68.25,78.0,87.75,97.5,ShowDailyK_ChartFlow,FinMind_API_TaiwanStockPrice_7794,True,2026-09-22T15:45:03,2026-09-22T15:45:03,2026-09-22T15:45:03
7794,宏碁智新,2026-04-21,39.5,-5.0,-11.24%,3.25,14.52,48.75,58.5,68.25,78.0,87.75,97.5,ShowDailyK_ChartFlow,FinMind_API_TaiwanStockPrice_7794,True,2026-09-22T15:45:03,2026-09-22T15:45:03,2026-09-22T15:45:03
7794,宏碁智新,2026-04-22,38.0,-1.5,-3.80%,3.25,13.97,48.75,58.5,68.25,78.0,87.75,97.5,ShowDailyK_ChartFlow,FinMind_API_TaiwanStockPrice_7794,True,2026-09-22T15:45:03,2026-09-22T15:45:03,2026-09-22T15:45:03
7794,宏碁智新,2026-04-23,35.85,-2.1499999999999986,-5.66%,3.25,13.18,48.75,58.5,68.25,78.0,87.75,97.5,ShowDailyK_ChartFlow,FinMind_API_TaiwanStockPrice_7794,True,2026-09-22T15:45:03,2026-09-22T15:45:03,2026-09-22T15:45:03
7794,宏碁智新,2026-04-24,34.7,-1.1499999999999986,-3.21%,3.25,12.76,48.75,58.5,68.25,78.0,87.75,97.5,ShowDailyK_ChartFlow,FinMind_API_TaiwanStockPrice_7794,True,2026-09-22T15:45:03,2026-09-22T15:45:03,2026-09-22T15:45:03
7794,宏碁智新,2026-04-27,33.6,-1.1000000000000014,-3.17%,3.25,12.35,48.75,58.5,68.25,78.0,87.75,97.5,ShowDailyK_ChartFlow,FinMind_API_TaiwanStockPrice_7794,True,2026-09-22T15:45:03,2026-09-22T15:45:03,2026-09-22T15:45:03
7794,宏碁智新,2026-04-28,35.3,1.6999999999999957,5.06%,3.25,12.98,48.75,58.5,68.25,78.0,87.75,97.5,ShowDailyK_ChartFlow,FinMind_API_TaiwanStockPrice_7794,True,2026-09-22T15:45:03,2026-09-22T15:45:03,2026-09-22T15:45:03
7794,宏碁智新,2026-04-29,34.4,-0.8999999999999986,-2.55%,3.25,12.65,48.75,58.5,68.25,78.0,87.75,97.5,ShowDailyK_ChartFlow,FinMind_API_TaiwanStockPrice_7794,True,2026-09-22T15:45:03,2026-09-22T15:45:03,2026-09-22T15:45:03
7794,宏碁智新,2026-04-30,33.9,-0.5,-1.45%,3.25,12.46,48.75,58.5,68.25,78.0,87.75,97.5,ShowDailyK_ChartFlow,FinMind_API_TaiwanStockPrice_7794,True,2026-09-22T15:45:03,2026-09-22T15:45:03,2026-09-22T15:45:03
7794,宏碁智新,2026-05-04,33.45,-0.44999999999999574,-1.33%,3.25,12.3,48.75,58.5,68.25,78.0,87.75,97.5,ShowDailyK_ChartFlow,FinMind_API_TaiwanStockPrice_7794,True,2026-09-22T15:45:03,2026-09-22T15:45:03,2026-09-22T15:45:03
7794,宏碁智新,2026-05-05,33.15,-0.30000000000000426,-0.90%,3.25,12.19,48.75,58.5,68.25,78.0,87.75,97.5,ShowDailyK_ChartFlow,FinMind_API_TaiwanStockPrice_7794,True,2026-09-22T15:45:03,2026-09-22T15:45:03,2026-09-22T15:45:03
7794,宏碁智新,2026-05-06,32.8,-0.3500000000000014,-1.06%,3.25,12.47,48.75,58.5,68.25,78.0,87.75,97.5,ShowDailyK_ChartFlow,FinMind_API_TaiwanStockPrice_7794,True,2026-09-22T15:45:03,2026-09-22T15:45:03,2026-09-22T15:45:03
7794,宏碁智新,2026-05-07,30.9,-1.8999999999999986,-5.79%,3.25,11.75,48.75,58.5,68.25,78.0,87.75,97.5,ShowDailyK_ChartFlow,FinMind_API_TaiwanStockPrice_7794,True,2026-09-22T15:45:03,2026-09-22T15:45:03,2026-09-22T15:45:03
7794,宏碁智新,2026-05-08,31.2,0.3000000000000007,0.97%,3.25,11.86,48.75,58.5,68.25,78.0,87.75,97.5,ShowDailyK_ChartFlow,FinMind_API_TaiwanStockPrice_7794,True,2026-09-22T15:45:03,2026-09-22T15:45:03,2026-09-22T15:45:03
7794,宏碁智新,2026-05-11,30.6,-0.5999999999999979,-1.92%,3.25,11.63,48.75,58.5,68.25,78.0,87.75,97.5,ShowDailyK_ChartFlow,FinMind_API_TaiwanStockPrice_7794,True,2026-09-22T15:45:03,2026-09-22T15:45:03,2026-09-22T15:45:03
7794,宏碁智新,2026-05-12,30.65,0.04999999999999716,0.16%,3.25,11.65,48.75,58.5,68.25,78.0,87.75,97.5,ShowDailyK_ChartFlow,FinMind_API_TaiwanStockPrice_7794,True,2026-09-22T15:45:03,2026-09-22T15:45:03,2026-09-22T15:45:03
7794,宏碁智新,2026-05-13,30.3,-0.34999999999999787,-1.14%,3.25,11.52,48.75,58.5,68.25,78.0,87.75,97.5,ShowDailyK_ChartFlow,FinMind_API_TaiwanStockPrice_7794,True,2026-09-22T15:45:03,2026-09-22T15:45:03,2026-09-22T15:45:03
7794,宏碁智新,2026-05-14,30.05,-0.25,-0.83%,3.25,11.43,48.75,58.5,68.25,78.0,87.75,97.5,ShowDailyK_ChartFlow,FinMind_API_TaiwanStockPrice_7794,True,2026-09-22T15:45:03,2026-09-22T15:45:03,2026-09-22T15:45:03
7794,宏碁智新,2026-05-15,29.6,-0.4499999999999993,-1.50%,3.25,11.25,48.75,58.5,68.25,78.0,87.75,97.5,ShowDailyK_ChartFlow,FinMind_API_TaiwanStockPrice_7794,True,2026-09-22T15:45:03,2026-09-22T15:45:03,2026-09-22T15:45:03
7794,宏碁智新,2026-05-18,29.0,-0.6000000000000014,-2.03%,3.25,11.03,48.75,58.5,68.25,78.0,87.75,97.5,ShowDailyK_ChartFlow,FinMind_API_TaiwanStockPrice_7794,True,2026-09-22T15:45:03,2026-09-22T15:45:03,2026-09-22T15:45:03
7794,宏碁智新,2026-05-19,29.0,0.0,0.00%,3.25,11.03,48.75,58.5,68.25,78.0,87.75,97.5,ShowDailyK_ChartFlow,FinMind_API_TaiwanStockPrice_7794,True,2026-09-22T15:45:03,2026-09-22T15:45:03,2026-09-22T15:45:03
7794,宏碁智新,2026-05-20,28.8,-0.1999999999999993,-0.69%,3.25,10.95,48.75,58.5,68.25,78.0,87.75,97.5,ShowDailyK_ChartFlow,FinMind_API_TaiwanStockPrice_7794,True,2026-09-22T15:45:03,2026-09-22T15:45:03,2026-09-22T15:45:03
7794,宏碁智新,2026-05-21,28.85,0.05000000000000071,0.17%,3.25,10.97,48.75,58.5,68.25,78.0,87.75,97.5,ShowDailyK_ChartFlow,FinMind_API_TaiwanStockPrice_7794,True,2026-09-22T15:45:03,2026-09-22T15:45:03,2026-09-22T15:45:03
7794,宏碁智新,2026-05-22,29.1,0.25,0.87%,3.25,11.06,48.75,58.5,68.25,78.0,87.75,97.5,ShowDailyK_ChartFlow,FinMind_API_TaiwanStockPrice_7794,True,2026-09-22T15:45:03,2026-09-22T15:45:03,2026-09-22T15:45:03
7794,宏碁智新,2026-05-25,29.3,0.1999999999999993,0.69%,3.25,11.14,48.75,58.5,68.25,78.0,87.75,97.5,ShowDailyK_ChartFlow,FinMind_API_TaiwanStockPrice_7794,True,2026-09-22T15:45:03,2026-09-22T15:45:03,2026-09-22T15:45:03
7794,宏碁智新,2026-05-26,28.7,-0.6000000000000014,-2.05%,3.25,10.91,48.75,58.5,68.25,78.0,87.75,97.5,ShowDailyK_ChartFlow,FinMind_API_TaiwanStockPrice_7794,True,2026-09-22T15:45:03,2026-09-22T15:45:03,2026-09-22T15:45:03
7794,宏碁智新,2026-05-27,28.6,-0.09999999999999787,-0.35%,3.25,10.87,48.75,58.5,68.25,78.0,87.75,97.5,ShowDailyK_ChartFlow,FinMind_API_TaiwanStockPrice_7794,True,2026-09-22T15:45:03,2026-09-22T15:45:03,2026-09-22T15:45:03
7794,宏碁智新,2026-05-28,28.7,0.09999999999999787,0.35%,3.25,10.91,48.75,58.5,68.25,78.0,87.75,97.5,ShowDailyK_ChartFlow,FinMind_API_TaiwanStockPrice_7794,True,2026-09-22T15:45:03,2026-09-22T15:45:03,2026-09-22T15:45:03
7794,宏碁智新,2026-05-29,28.9,0.1999999999999993,0.70%,3.25,10.99,48.75,58.5,68.25,78.0,87.75,97.5,ShowDailyK_ChartFlow,FinMind_API_TaiwanStockPrice_7794,True,2026-09-22T15:45:03,2026-09-22T15:45:03,2026-09-22T15:45:03
7794,宏碁智新,2026-06-01,29.8,0.9000000000000021,3.11%,3.25,11.33,48.75,58.5,68.25,78.0,87.75,97.5,ShowDailyK_ChartFlow,FinMind_API_TaiwanStockPrice_7794,True,2026-09-22T15:45:03,2026-09-22T15:45:03,2026-09-22T15:45:03
7794,宏碁智新,2026-06-02,32.75,2.9499999999999993,9.90%,3.25,12.45,48.75,58.5,68.25,78.0,87.75,97.5,ShowDailyK_ChartFlow,FinMind_API_TaiwanStockPrice_7794,True,2026-09-22T15:45:03,2026-09-22T15:45:03,2026-09-22T15:45:03
7794,宏碁智新,2026-06-03,33.25,0.5,1.53%,3.25,12.64,48.75,58.5,68.25,78.0,87.75,97.5,ShowDailyK_ChartFlow,FinMind_API_TaiwanStockPrice_7794,True,2026-09-22T15:45:03,2026-09-22T15:45:03,2026-09-22T15:45:03
7794,宏碁智新,2026-06-04,31.75,-1.5,-4.51%,3.25,12.07,48.75,58.5,68.25,78.0,87.75,97.5,ShowDailyK_ChartFlow,FinMind_API_TaiwanStockPrice_7794,True,2026-09-22T15:45:03,2026-09-22T15:45:03,2026-09-22T15:45:03
7794,宏碁智新,2026-06-05,34.9,3.1499999999999986,9.92%,3.25,13.27,48.75,58.5,68.25,78.0,87.75,97.5,ShowDailyK_ChartFlow,FinMind_API_TaiwanStockPrice_7794,True,2026-09-22T15:45:03,2026-09-22T15:45:03,2026-09-22T15:45:03
7794,宏碁智新,2026-06-08,33.0,-1.8999999999999986,-5.44%,3.25,12.55,48.75,58.5,68.25,78.0,87.75,97.5,ShowDailyK_ChartFlow,FinMind_API_TaiwanStockPrice_7794,True,2026-09-22T15:45:03,2026-09-22T15:45:03,2026-09-22T15:45:03
7794,宏碁智新,2026-06-09,33.25,0.25,0.76%,3.25,12.64,48.75,58.5,68.25,78.0,87.75,97.5,ShowDailyK_ChartFlow,FinMind_API_TaiwanStockPrice_7794,True,2026-09-22T15:45:03,2026-09-22T15:45:03,2026-09-22T15:45:03
7794,宏碁智新,2026-06-10,32.45,-0.7999999999999972,-2.41%,3.25,12.34,48.75,58.5,68.25,78.0,87.75,97.5,ShowDailyK_ChartFlow,FinMind_API_TaiwanStockPrice_7794,True,2026-09-22T15:45:03,2026-09-22T15:45:03,2026-09-22T15:45:03
7794,宏碁智新,2026-06-11,31.75,-0.7000000000000028,-2.16%,3.25,12.07,48.75,58.5,68.25,78.0,87.75,97.5,ShowDailyK_ChartFlow,FinMind_API_TaiwanStockPrice_7794,True,2026-09-22T15:45:03,2026-09-22T15:45:03,2026-09-22T15:45:03
7794,宏碁智新,2026-06-12,32.0,0.25,0.79%,3.25,12.17,48.75,58.5,68.25,78.0,87.75,97.5,ShowDailyK_ChartFlow,FinMind_API_TaiwanStockPrice_7794,True,2026-09-22T15:45:03,2026-09-22T15:45:03,2026-09-22T15:45:03
7794,宏碁智新,2026-06-15,32.0,0.0,0.00%,3.25,12.17,48.75,58.5,68.25,78.0,87.75,97.5,ShowDailyK_ChartFlow,FinMind_API_TaiwanStockPrice_7794,True,2026-09-22T15:45:03,2026-09-22T15:45:03,2026-09-22T15:45:03
7794,宏碁智新,2026-06-16,31.2,-0.8000000000000007,-2.50%,3.25,11.86,48.75,58.5,68.25,78.0,87.75,97.5,ShowDailyK_ChartFlow,FinMind_API_TaiwanStockPrice_7794,True,2026-09-22T15:45:03,2026-09-22T15:45:03,2026-09-22T15:45:03
7794,宏碁智新,2026-06-17,31.6,0.40000000000000213,1.28%,3.25,12.02,48.75,58.5,68.25,78.0,87.75,97.5,ShowDailyK_ChartFlow,FinMind_API_TaiwanStockPrice_7794,True,2026-09-22T15:45:03,2026-09-22T15:45:03,2026-09-22T15:45:03
7794,宏碁智新,2026-06-18,31.35,-0.25,-0.79%,3.25,11.92,48.75,58.5,68.25,78.0,87.75,97.5,ShowDailyK_ChartFlow,FinMind_API_TaiwanStockPrice_7794,True,2026-09-22T15:45:03,2026-09-22T15:45:03,2026-09-22T15:45:03
7794,宏碁智新,2026-06-22,31.4,0.04999999999999716,0.16%,3.25,11.94,48.75,58.5,68.25,78.0,87.75,97.5,ShowDailyK_ChartFlow,FinMind_API_TaiwanStockPrice_7794,True,2026-09-22T15:45:03,2026-09-22T15:45:03,2026-09-22T15:45:03
7794,宏碁智新,2026-06-23,31.45,0.05000000000000071,0.16%,3.25,11.96,48.75,58.5,68.25,78.0,87.75,97.5,ShowDailyK_ChartFlow,FinMind_API_TaiwanStockPrice_7794,True,2026-09-22T15:45:03,2026-09-22T15:45:03,2026-09-22T15:45:03
7794,宏碁智新,2026-06-24,31.4,-0.05000000000000071,-0.16%,3.25,11.94,48.75,58.5,68.25,78.0,87.75,97.5,ShowDailyK_ChartFlow,FinMind_API_TaiwanStockPrice_7794,True,2026-09-22T15:45:03,2026-09-22T15:45:03,2026-09-22T15:45:03
7794,宏碁智新,2026-06-25,30.7,-0.6999999999999993,-2.23%,3.25,11.67,48.75,58.5,68.25,78.0,87.75,97.5,ShowDailyK_ChartFlow,FinMind_API_TaiwanStockPrice_7794,True,2026-09-22T15:45:03,2026-09-22T15:45:03,2026-09-22T15:45:03
7794,宏碁智新,2026-06-26,30.25,-0.4499999999999993,-1.47%,3.25,11.5,48.75,58.5,68.25,78.0,87.75,97.5,ShowDailyK_ChartFlow,FinMind_API_TaiwanStockPrice_7794,True,2026-09-22T15:45:03,2026-09-22T15:45:03,2026-09-22T15:45:03
7794,宏碁智新,2026-06-29,30.0,-0.25,-0.83%,3.25,11.41,48.75,58.5,68.25,78.0,87.75,97.5,ShowDailyK_ChartFlow,FinMind_API_TaiwanStockPrice_7794,True,2026-09-22T15:45:03,2026-09-22T15:45:03,2026-09-22T15:45:03
7794,宏碁智新,2026-06-30,30.05,0.05000000000000071,0.17%,2.6500000000000004,11.43,39.75,47.7,55.65,63.6,71.55,79.5,ShowDailyK_ChartFlow,FinMind_API_TaiwanStockPrice_7794,True,2026-09-22T15:45:03,2026-09-22T15:45:03,2026-09-22T15:45:03
7794,宏碁智新,2026-07-01,30.0,-0.05000000000000071,-0.17%,2.6500000000000004,11.41,39.75,47.7,55.65,63.6,71.55,79.5,ShowDailyK_ChartFlow,FinMind_API_TaiwanStockPrice_7794,True,2026-09-22T15:45:03,2026-09-22T15:45:03,2026-09-22T15:45:03
7794,宏碁智新,2026-07-02,30.15,0.14999999999999858,0.50%,2.6500000000000004,11.46,39.75,47.7,55.65,63.6,71.55,79.5,ShowDailyK_ChartFlow,FinMind_API_TaiwanStockPrice_7794,True,2026-09-22T15:45:03,2026-09-22T15:45:03,2026-09-22T15:45:03
7794,宏碁智新,2026-07-03,30.65,0.5,1.66%,2.6500000000000004,11.65,39.75,47.7,55.65,63.6,71.55,79.5,ShowDailyK_ChartFlow,FinMind_API_TaiwanStockPrice_7794,True,2026-09-22T15:45:03,2026-09-22T15:45:03,2026-09-22T15:45:03
7794,宏碁智新,2026-07-06,31.0,0.3500000000000014,1.14%,2.6500000000000004,11.79,39.75,47.7,55.65,63.6,71.55,79.5,ShowDailyK_ChartFlow,FinMind_API_TaiwanStockPrice_7794,True,2026-09-22T15:45:03,2026-09-22T15:45:03,2026-09-22T15:45:03
7794,宏碁智新,2026-07-07,30.0,-1.0,-3.23%,2.6500000000000004,11.41,39.75,47.7,55.65,63.6,71.55,79.5,ShowDailyK_ChartFlow,FinMind_API_TaiwanStockPrice_7794,True,2026-09-22T15:45:03,2026-09-22T15:45:03,2026-09-22T15:45:03
7794,宏碁智新,2026-07-08,29.9,-0.10000000000000142,-0.33%,2.6500000000000004,11.37,39.75,47.7,55.65,63.6,71.55,79.5,ShowDailyK_ChartFlow,FinMind_API_TaiwanStockPrice_7794,True,2026-09-22T15:45:03,2026-09-22T15:45:03,2026-09-22T15:45:03
7794,宏碁智新,2026-07-09,30.0,0.10000000000000142,0.33%,2.6500000000000004,11.41,39.75,47.7,55.65,63.6,71.55,79.5,ShowDailyK_ChartFlow,FinMind_API_TaiwanStockPrice_7794,True,2026-09-22T15:45:03,2026-09-22T15:45:03,2026-09-22T15:45:03
7794,宏碁智新,2026-07-13,29.8,-0.1999999999999993,-0.67%,2.6500000000000004,11.33,39.75,47.7,55.65,63.6,71.55,79.5,ShowDailyK_ChartFlow,FinMind_API_TaiwanStockPrice_7794,True,2026-09-22T15:45:03,2026-09-22T15:45:03,2026-09-22T15:45:03
7794,宏碁智新,2026-07-14,29.45,-0.3500000000000014,-1.17%,2.6500000000000004,11.2,39.75,47.7,55.65,63.6,71.55,79.5,ShowDailyK_ChartFlow,FinMind_API_TaiwanStockPrice_7794,True,2026-09-22T15:45:03,2026-09-22T15:45:03,2026-09-22T15:45:03
7794,宏碁智新,2026-07-15,30.6,1.1500000000000021,3.90%,2.6500000000000004,11.63,39.75,47.7,55.65,63.6,71.55,79.5,ShowDailyK_ChartFlow,FinMind_API_TaiwanStockPrice_7794,True,2026-09-22T15:45:03,2026-09-22T15:45:03,2026-09-22T15:45:03
7794,宏碁智新,2026-07-16,29.85,-0.75,-2.45%,2.6500000000000004,11.35,39.75,47.7,55.65,63.6,71.55,79.5,ShowDailyK_ChartFlow,FinMind_API_TaiwanStockPrice_7794,True,2026-09-22T15:45:03,2026-09-22T15:45:03,2026-09-22T15:45:03
7794,宏碁智新,2026-07-17,29.0,-0.8500000000000014,-2.85%,2.6500000000000004,11.03,39.75,47.7,55.65,63.6,71.55,79.5,ShowDailyK_ChartFlow,FinMind_API_TaiwanStockPrice_7794,True,2026-09-22T15:45:03,2026-09-22T15:45:03,2026-09-22T15:45:03
7794,宏碁智新,2026-07-20,29.0,0.0,0.00%,2.6500000000000004,11.03,39.75,47.7,55.65,63.6,71.55,79.5,ShowDailyK_ChartFlow,FinMind_API_TaiwanStockPrice_7794,True,2026-09-22T15:45:03,2026-09-22T15:45:03,2026-09-22T15:45:03
7794,宏碁智新,2026-07-21,29.75,0.75,2.59%,2.6500000000000004,11.31,39.75,47.7,55.65,63.6,71.55,79.5,ShowDailyK_ChartFlow,FinMind_API_TaiwanStockPrice_7794,True,2026-09-22T15:45:03,2026-09-22T15:45:03,2026-09-22T15:45:03
7794,宏碁智新,2026-07-22,29.65,-0.10000000000000142,-0.34%,2.6500000000000004,11.27,39.75,47.7,55.65,63.6,71.55,79.5,ShowDailyK_ChartFlow,FinMind_API_TaiwanStockPrice_7794,True,2026-09-22T15:45:03,2026-09-22T15:45:03,2026-09-22T15:45:03
7794,宏碁智新,2026-07-23,29.3,-0.34999999999999787,-1.18%,2.6500000000000004,11.14,39.75,47.7,55.65,63.6,71.55,79.5,ShowDailyK_ChartFlow,FinMind_API_TaiwanStockPrice_7794,True,2026-09-22T15:45:03,2026-09-22T15:45:03,2026-09-22T15:45:03
7794,宏碁智新,2026-07-24,29.3,0.0,0.00%,2.6500000000000004,11.14,39.75,47.7,55.65,63.6,71.55,79.5,ShowDailyK_ChartFlow,FinMind_API_TaiwanStockPrice_7794,True,2026-09-22T15:45:03,2026-09-22T15:45:03,2026-09-22T15:45:03
7794,宏碁智新,2026-07-27,29.05,-0.25,-0.85%,2.6500000000000004,11.05,39.75,47.7,55.65,63.6,71.55,79.5,ShowDailyK_ChartFlow,FinMind_API_TaiwanStockPrice_7794,True,2026-09-22T15:45:03,2026-09-22T15:45:03,2026-09-22T15:45:03
7794,宏碁智新,2026-07-28,28.1,-0.9499999999999993,-3.27%,2.6500000000000004,10.68,39.75,47.7,55.65,63.6,71.55,79.5,ShowDailyK_ChartFlow,FinMind_API_TaiwanStockPrice_7794,True,2026-09-22T15:45:03,2026-09-22T15:45:03,2026-09-22T15:45:03
7794,宏碁智新,2026-07-29,27.25,-0.8500000000000014,-3.02%,2.6500000000000004,10.36,39.75,47.7,55.65,63.6,71.55,79.5,ShowDailyK_ChartFlow,FinMind_API_TaiwanStockPrice_7794,True,2026-09-22T15:45:03,2026-09-22T15:45:03,2026-09-22T15:45:03
7794,宏碁智新,2026-07-30,27.2,-0.05000000000000071,-0.18%,2.6500000000000004,10.34,39.75,47.7,55.65,63.6,71.55,79.5,ShowDailyK_ChartFlow,FinMind_API_TaiwanStockPrice_7794,True,2026-09-22T15:45:03,2026-09-22T15:45:03,2026-09-22T15:45:03
7794,宏碁智新,2026-07-31,28.25,1.0500000000000007,3.86%,2.6500000000000004,10.74,39.75,47.7,55.65,63.6,71.55,79.5,ShowDailyK_ChartFlow,FinMind_API_TaiwanStockPrice_7794,True,2026-09-22T15:45:03,2026-09-22T15:45:03,2026-09-22T15:45:03
7794,宏碁智新,2026-08-03,28.8,0.5500000000000007,1.95%,2.6500000000000004,10.95,39.75,47.7,55.65,63.6,71.55,79.5,ShowDailyK_ChartFlow,FinMind_API_TaiwanStockPrice_7794,True,2026-09-22T15:45:03,2026-09-22T15:45:03,2026-09-22T15:45:03
7794,宏碁智新,2026-08-04,0.0,-28.8,-100.00%,2.6500000000000004,10.95,39.75,47.7,55.65,63.6,71.55,79.5,ShowDailyK_ChartFlow,FinMind_API_TaiwanStockPrice_7794,True,2026-09-22T15:45:03,2026-09-22T15:45:03,2026-09-22T15:45:03
7794,宏碁智新,2026-08-05,28.5,28.5,,2.6500000000000004,11.68,39.75,47.7,55.65,63.6,71.55,79.5,ShowDailyK_ChartFlow,FinMind_API_TaiwanStockPrice_7794,True,2026-09-22T15:45:03,2026-09-22T15:45:03,2026-09-22T15:45:03
7794,宏碁智新,2026-08-06,29.05,0.5500000000000007,1.93%,2.6500000000000004,11.91,39.75,47.7,55.65,63.6,71.55,79.5,ShowDailyK_ChartFlow,FinMind_API_TaiwanStockPrice_7794,True,2026-09-22T15:45:03,2026-09-22T15:45:03,2026-09-22T15:45:03
7794,宏碁智新,2026-08-07,29.3,0.25,0.86%,2.6500000000000004,12.01,39.75,47.7,55.65,63.6,71.55,79.5,ShowDailyK_ChartFlow,FinMind_API_TaiwanStockPrice_7794,True,2026-09-22T15:45:03,2026-09-22T15:45:03,2026-09-22T15:45:03
7794,宏碁智新,2026-08-10,29.3,0.0,0.00%,2.6500000000000004,12.01,39.75,47.7,55.65,63.6,71.55,79.5,ShowDailyK_ChartFlow,FinMind_API_TaiwanStockPrice_7794,True,2026-09-22T15:45:03,2026-09-22T15:45:03,2026-09-22T15:45:03
7794,宏碁智新,2026-08-11,28.8,-0.5,-1.71%,2.6500000000000004,11.8,39.75,47.7,55.65,63.6,71.55,79.5,ShowDailyK_ChartFlow,FinMind_API_TaiwanStockPrice_7794,True,2026-09-22T15:45:03,2026-09-22T15:45:03,2026-09-22T15:45:03
7794,宏碁智新,2026-08-12,29.4,0.5999999999999979,2.08%,2.6500000000000004,12.05,39.75,47.7,55.65,63.6,71.55,79.5,ShowDailyK_ChartFlow,FinMind_API_TaiwanStockPrice_7794,True,2026-09-22T15:45:03,2026-09-22T15:45:03,2026-09-22T15:45:03
7794,宏碁智新,2026-08-13,29.8,0.40000000000000213,1.36%,2.6500000000000004,12.21,39.75,47.7,55.65,63.6,71.55,79.5,ShowDailyK_ChartFlow,FinMind_API_TaiwanStockPrice_7794,True,2026-09-22T15:45:03,2026-09-22T15:45:03,2026-09-22T15:45:03
7794,宏碁智新,2026-08-14,29.0,-0.8000000000000007,-2.68%,2.6500000000000004,11.89,39.75,47.7,55.65,63.6,71.55,79.5,ShowDailyK_ChartFlow,FinMind_API_TaiwanStockPrice_7794,True,2026-09-22T15:45:03,2026-09-22T15:45:03,2026-09-22T15:45:03
7794,宏碁智新,2026-08-17,28.95,-0.05000000000000071,-0.17%,2.6500000000000004,11.86,39.75,47.7,55.65,63.6,71.55,79.5,ShowDailyK_ChartFlow,FinMind_API_TaiwanStockPrice_7794,True,2026-09-22T15:45:03,2026-09-22T15:45:03,2026-09-22T15:45:03
7794,宏碁智新,2026-08-18,28.2,-0.75,-2.59%,2.6500000000000004,11.56,39.75,47.7,55.65,63.6,71.55,79.5,ShowDailyK_ChartFlow,FinMind_API_TaiwanStockPrice_7794,True,2026-09-22T15:45:03,2026-09-22T15:45:03,2026-09-22T15:45:03
7794,宏碁智新,2026-08-19,28.0,-0.1999999999999993,-0.71%,2.6500000000000004,11.48,39.75,47.7,55.65,63.6,71.55,79.5,ShowDailyK_ChartFlow,FinMind_API_TaiwanStockPrice_7794,True,2026-09-22T15:45:03,2026-09-22T15:45:03,2026-09-22T15:45:03
7794,宏碁智新,2026-08-20,28.3,0.3000000000000007,1.07%,2.6500000000000004,11.6,39.75,47.7,55.65,63.6,71.55,79.5,ShowDailyK_ChartFlow,FinMind_API_TaiwanStockPrice_7794,True,2026-09-22T15:45:03,2026-09-22T15:45:03,2026-09-22T15:45:03
7794,宏碁智新,2026-08-21,28.55,0.25,0.88%,2.6500000000000004,11.7,39.75,47.7,55.65,63.6,71.55,79.5,ShowDailyK_ChartFlow,FinMind_API_TaiwanStockPrice_7794,True,2026-09-22T15:45:03,2026-09-22T15:45:03,2026-09-22T15:45:03
7794,宏碁智新,2026-08-24,28.7,0.14999999999999858,0.53%,2.6500000000000004,11.76,39.75,47.7,55.65,63.6,71.55,79.5,ShowDailyK_ChartFlow,FinMind_API_TaiwanStockPrice_7794,True,2026-09-22T15:45:03,2026-09-22T15:45:03,2026-09-22T15:45:03
7794,宏碁智新,2026-08-25,28.8,0.10000000000000142,0.35%,2.6500000000000004,11.8,39.75,47.7,55.65,63.6,71.55,79.5,ShowDailyK_ChartFlow,FinMind_API_TaiwanStockPrice_7794,True,2026-09-22T15:45:03,2026-09-22T15:45:03,2026-09-22T15:45:03
7794,宏碁智新,2026-08-26,28.5,-0.3000000000000007,-1.04%,2.6500000000000004,11.68,39.75,47.7,55.65,63.6,71.55,79.5,ShowDailyK_ChartFlow,FinMind_API_TaiwanStockPrice_7794,True,2026-09-22T15:45:03,2026-09-22T15:45:03,2026-09-22T15:45:03
7794,宏碁智新,2026-08-27,28.8,0.3000000000000007,1.05%,2.6500000000000004,11.8,39.75,47.7,55.65,63.6,71.55,79.5,ShowDailyK_ChartFlow,FinMind_API_TaiwanStockPrice_7794,True,2026-09-22T15:45:03,2026-09-22T15:45:03,2026-09-22T15:45:03
7794,宏碁智新,2026-08-28,28.75,-0.05000000000000071,-0.17%,2.6500000000000004,11.78,39.75,47.7,55.65,63.6,71.55,79.5,ShowDailyK_ChartFlow,FinMind_API_TaiwanStockPrice_7794,True,2026-09-22T15:45:03,2026-09-22T15:45:03,2026-09-22T15:45:03
7794,宏碁智新,2026-08-31,28.8,0.05000000000000071,0.17%,2.6500000000000004,11.8,39.75,47.7,55.65,63.6,71.55,79.5,ShowDailyK_ChartFlow,FinMind_API_TaiwanStockPrice_7794,True,2026-09-22T15:45:03,2026-09-22T15:45:03,2026-09-22T15:45:03
7794,宏碁智新,2026-09-01,28.45,-0.3500000000000014,-1.22%,2.6500000000000004,11.66,39.75,47.7,55.65,63.6,71.55,79.5,ShowDailyK_ChartFlow,FinMind_API_TaiwanStockPrice_7794,True,2026-09-22T15:45:03,2026-09-22T15:45:03,2026-09-22T15:45:03
7794,宏碁智新,2026-09-02,28.45,0.0,0.00%,2.6500000000000004,11.66,39.75,47.7,55.65,63.6,71.55,79.5,ShowDailyK_ChartFlow,FinMind_API_TaiwanStockPrice_7794,True,2026-09-22T15:45:03,2026-09-22T15:45:03,2026-09-22T15:45:03
7794,宏碁智新,2026-09-03,28.4,-0.05000000000000071,-0.18%,2.6500000000000004,11.64,39.75,47.7,55.65,63.6,71.55,79.5,ShowDailyK_ChartFlow,FinMind_API_TaiwanStockPrice_7794,True,2026-09-22T15:45:03,2026-09-22T15:45:03,2026-09-22T15:45:03
7794,宏碁智新,2026-09-04,28.8,0.40000000000000213,1.41%,2.6500000000000004,11.8,39.75,47.7,55.65,63.6,71.55,79.5,ShowDailyK_ChartFlow,FinMind_API_TaiwanStockPrice_7794,True,2026-09-22T15:45:03,2026-09-22T15:45:03,2026-09-22T15:45:03
7794,宏碁智新,2026-09-07,31.65,2.849999999999998,9.90%,2.6500000000000004,12.97,39.75,47.7,55.65,63.6,71.55,79.5,ShowDailyK_ChartFlow,FinMind_API_TaiwanStockPrice_7794,True,2026-09-22T15:45:03,2026-09-22T15:45:03,2026-09-22T15:45:03
7794,宏碁智新,2026-09-08,33.0,1.3500000000000014,4.27%,2.6500000000000004,13.52,39.75,47.7,55.65,63.6,71.55,79.5,ShowDailyK_ChartFlow,FinMind_API_TaiwanStockPrice_7794,True,2026-09-22T15:45:03,2026-09-22T15:45:03,2026-09-22T15:45:03
7794,宏碁智新,2026-09-09,32.5,-0.5,-1.52%,2.6500000000000004,13.32,39.75,47.7,55.65,63.6,71.55,79.5,ShowDailyK_ChartFlow,FinMind_API_TaiwanStockPrice_7794,True,2026-09-22T15:45:03,2026-09-22T15:45:03,2026-09-22T15:45:03
7794,宏碁智新,2026-09-10,32.0,-0.5,-1.54%,2.6500000000000004,13.11,39.75,47.7,55.65,63.6,71.55,79.5,ShowDailyK_ChartFlow,FinMind_API_TaiwanStockPrice_7794,True,2026-09-22T15:45:03,2026-09-22T15:45:03,2026-09-22T15:45:03
7794,宏碁智新,2026-09-11,31.7,-0.3000000000000007,-0.94%,2.6500000000000004,12.99,39.75,47.7,55.65,63.6,71.55,79.5,ShowDailyK_ChartFlow,FinMind_API_TaiwanStockPrice_7794,True,2026-09-22T15:45:03,2026-09-22T15:45:03,2026-09-22T15:45:03
7794,宏碁智新,2026-09-14,31.9,0.1999999999999993,0.63%,2.6500000000000004,13.07,39.75,47.7,55.65,63.6,71.55,79.5,ShowDailyK_ChartFlow,FinMind_API_TaiwanStockPrice_7794,True,2026-09-22T15:45:03,2026-09-22T15:45:03,2026-09-22T15:45:03
7794,宏碁智新,2026-09-15,31.3,-0.5999999999999979,-1.88%,2.6500000000000004,12.83,39.75,47.7,55.65,63.6,71.55,79.5,ShowDailyK_ChartFlow,FinMind_API_TaiwanStockPrice_7794,True,2026-09-22T15:45:03,2026-09-22T15:45:03,2026-09-22T15:45:03
7794,宏碁智新,2026-09-16,31.0,-0.3000000000000007,-0.96%,2.6500000000000004,12.7,39.75,47.7,55.65,63.6,71.55,79.5,ShowDailyK_ChartFlow,FinMind_API_TaiwanStockPrice_7794,True,2026-09-22T15:45:03,2026-09-22T15:45:03,2026-09-22T15:45:03
7794,宏碁智新,2026-09-17,31.0,0.0,0.00%,2.6500000000000004,12.7,39.75,47.7,55.65,63.6,71.55,79.5,ShowDailyK_ChartFlow,FinMind_API_TaiwanStockPrice_7794,True,2026-09-22T15:45:03,2026-09-22T15:45:03,2026-09-22T15:45:03
7794,宏碁智新,2026-09-18,31.0,0.0,0.00%,2.6500000000000004,12.7,39.75,47.7,55.65,63.6,71.55,79.5,ShowDailyK_ChartFlow,FinMind_API_TaiwanStockPrice_7794,True,2026-09-22T15:45:03,2026-09-22T15:45:03,2026-09-22T15:45:03
7794,宏碁智新,2026-09-21,30.85,-0.14999999999999858,-0.48%,2.6500000000000004,12.64,39.75,47.7,55.65,63.6,71.55,79.5,ShowDailyK_ChartFlow,FinMind_API_TaiwanStockPrice_7794,True,2026-09-22T15:45:03,2026-09-22T15:45:03,2026-09-22T15:45:03
7794,宏碁智新,2026-09-22,30.5,-0.3500000000000014,-1.13%,2.6500000000000004,12.5,39.75,47.7,55.65,63.6,71.55,79.5,ShowDailyK_ChartFlow,FinMind_API_TaiwanStockPrice_7794,True,2026-09-22T15:45:03,2026-09-22T15:45:03,2026-09-22T15:45:03
