stock_code,company_name,交易_週別,交易_日數,開盤_價格_元,最高_價格_元,最低_價格_元,收盤_價格_元,漲跌_價格_元,漲跌_pct,振幅_pct,成交_張數,成交_金額_億,法人買賣超_千張,外資_淨買超_千張,投信_淨買超_千張,自營_淨買超_千張,法人_合計_千張,外資_持股_pct,融資_增減_張,融資_餘額_張,融券_增減_張,融券_餘額_張,券資比_pct,融券_千張_增減,融券_千張_餘額,券資_比_pct,file_type,source_file,download_success,download_timestamp,process_timestamp,stage1_process_timestamp
6850,光鼎生技,21W45,3,0.0,66.3,45.0,50.0,,,inf,1.2,0.01,0.0,0.0,0.0,0.0,0.0,,,,,,,,,,WeeklyTradingData,FinMind_API_WeeklyTradingData_6850,True,2026-09-22T13:25:53,2026-09-22T13:25:53,2026-09-22T13:25:53
6850,光鼎生技,21W46,5,47.85,53.5,45.0,50.2,0.20000000000000284,0.4,17.76,0.87,0.0,0.0,0.0,0.0,0.0,0.0,,,,,,,,,,WeeklyTradingData,FinMind_API_WeeklyTradingData_6850,True,2026-09-22T13:25:53,2026-09-22T13:25:53,2026-09-22T13:25:53
6850,光鼎生技,21W47,5,49.78,51.5,44.0,51.5,1.2999999999999972,2.59,15.07,0.45,0.0,0.0,0.0,0.0,0.0,0.0,,,,,,,,,,WeeklyTradingData,FinMind_API_WeeklyTradingData_6850,True,2026-09-22T13:25:53,2026-09-22T13:25:53,2026-09-22T13:25:53
6850,光鼎生技,21W48,5,50.25,52.9,49.3,50.0,-1.5,-2.91,7.16,0.14,0.0,0.0,0.0,0.0,0.0,0.0,,,,,,,,,,WeeklyTradingData,FinMind_API_WeeklyTradingData_6850,True,2026-09-22T13:25:53,2026-09-22T13:25:53,2026-09-22T13:25:53
6850,光鼎生技,21W49,5,50.25,50.5,47.15,49.3,-0.7000000000000028,-1.4,6.67,0.07,0.0,0.0,0.0,0.0,0.0,0.0,,,,,,,,,,WeeklyTradingData,FinMind_API_WeeklyTradingData_6850,True,2026-09-22T13:25:53,2026-09-22T13:25:53,2026-09-22T13:25:53
6850,光鼎生技,21W50,5,48.94,51.1,48.3,50.0,0.7000000000000028,1.42,5.72,0.13,0.0,0.0,0.0,0.0,0.0,0.0,,,,,,,,,,WeeklyTradingData,FinMind_API_WeeklyTradingData_6850,True,2026-09-22T13:25:53,2026-09-22T13:25:53,2026-09-22T13:25:53
6850,光鼎生技,21W51,5,49.4,50.9,48.5,48.7,-1.2999999999999972,-2.6,4.86,0.08,0.0,0.0,0.0,0.0,0.0,0.0,,,,,,,,,,WeeklyTradingData,FinMind_API_WeeklyTradingData_6850,True,2026-09-22T13:25:53,2026-09-22T13:25:53,2026-09-22T13:25:53
6850,光鼎生技,21W52,4,48.7,49.9,48.0,48.0,-0.7000000000000028,-1.44,3.9,0.03,0.0,0.0,0.0,0.0,0.0,0.0,,,,,,,,,,WeeklyTradingData,FinMind_API_WeeklyTradingData_6850,True,2026-09-22T13:25:53,2026-09-22T13:25:53,2026-09-22T13:25:53
6850,光鼎生技,22W01,5,48.43,48.95,46.3,47.0,-1.0,-2.08,5.47,0.1,0.0,0.0,0.0,0.0,0.0,0.0,,,,,,,,,,WeeklyTradingData,FinMind_API_WeeklyTradingData_6850,True,2026-09-22T13:25:53,2026-09-22T13:25:53,2026-09-22T13:25:53
6850,光鼎生技,22W02,5,47.09,48.95,46.1,47.2,0.20000000000000284,0.43,6.05,0.1,0.0,0.0,0.0,0.0,0.0,0.0,,,,,,,,,,WeeklyTradingData,FinMind_API_WeeklyTradingData_6850,True,2026-09-22T13:25:53,2026-09-22T13:25:53,2026-09-22T13:25:53
6850,光鼎生技,22W03,5,46.73,48.8,46.05,46.65,-0.5500000000000043,-1.17,5.88,0.1,0.0,0.0,0.0,0.0,0.0,0.0,,,,,,,,,,WeeklyTradingData,FinMind_API_WeeklyTradingData_6850,True,2026-09-22T13:25:53,2026-09-22T13:25:53,2026-09-22T13:25:53
6850,光鼎生技,22W04,3,47.33,48.2,45.5,47.05,0.3999999999999986,0.86,5.7,0.06,0.0,0.0,0.0,0.0,0.0,0.0,,,,,,,,,,WeeklyTradingData,FinMind_API_WeeklyTradingData_6850,True,2026-09-22T13:25:53,2026-09-22T13:25:53,2026-09-22T13:25:53
6850,光鼎生技,22W06,5,46.74,51.5,47.2,50.0,2.950000000000003,6.27,9.2,0.24,0.0,0.0,0.0,0.0,0.0,0.0,,,,,,,,,,WeeklyTradingData,FinMind_API_WeeklyTradingData_6850,True,2026-09-22T13:25:53,2026-09-22T13:25:53,2026-09-22T13:25:53
6850,光鼎生技,22W07,5,50.63,51.5,39.75,44.2,-5.799999999999997,-11.6,23.21,0.49,0.0,0.0,0.0,0.0,0.0,0.0,,,,,,,,,,WeeklyTradingData,FinMind_API_WeeklyTradingData_6850,True,2026-09-22T13:25:53,2026-09-22T13:25:53,2026-09-22T13:25:53
6850,光鼎生技,22W08,5,42.35,44.2,40.7,42.8,-1.4000000000000057,-3.17,8.26,0.1,0.0,0.0,0.0,0.0,0.0,0.0,,,,,,,,,,WeeklyTradingData,FinMind_API_WeeklyTradingData_6850,True,2026-09-22T13:25:53,2026-09-22T13:25:53,2026-09-22T13:25:53
6850,光鼎生技,22W09,4,42.68,45.5,42.1,45.5,2.700000000000003,6.31,7.97,0.03,0.0,0.0,0.0,0.0,0.0,0.0,,,,,,,,,,WeeklyTradingData,FinMind_API_WeeklyTradingData_6850,True,2026-09-22T13:25:53,2026-09-22T13:25:53,2026-09-22T13:25:53
6850,光鼎生技,22W10,5,45.31,45.0,42.8,45.0,-0.5,-1.1,4.86,0.01,0.0,0.0,0.0,0.0,0.0,0.0,,,,,,,,,,WeeklyTradingData,FinMind_API_WeeklyTradingData_6850,True,2026-09-22T13:25:53,2026-09-22T13:25:53,2026-09-22T13:25:53
6850,光鼎生技,22W11,5,45.0,45.0,40.85,43.65,-1.3500000000000014,-3.0,9.22,0.03,0.0,0.0,0.0,0.0,0.0,0.0,,,,,,,,,,WeeklyTradingData,FinMind_API_WeeklyTradingData_6850,True,2026-09-22T13:25:53,2026-09-22T13:25:53,2026-09-22T13:25:53
6850,光鼎生技,22W12,5,43.65,45.8,41.75,44.35,0.7000000000000028,1.6,9.28,0.11,0.0,0.0,0.0,0.0,0.0,0.0,,,,,,,,,,WeeklyTradingData,FinMind_API_WeeklyTradingData_6850,True,2026-09-22T13:25:53,2026-09-22T13:25:53,2026-09-22T13:25:53
6850,光鼎生技,22W13,5,44.07,45.35,43.7,45.3,0.9499999999999957,2.14,3.74,0.03,0.0,0.0,0.0,0.0,0.0,0.0,,,,,,,,,,WeeklyTradingData,FinMind_API_WeeklyTradingData_6850,True,2026-09-22T13:25:53,2026-09-22T13:25:53,2026-09-22T13:25:53
6850,光鼎生技,22W14,3,44.59,45.3,43.2,43.2,-2.0999999999999943,-4.64,4.71,0.02,0.0,0.0,0.0,0.0,0.0,0.0,,,,,,,,,,WeeklyTradingData,FinMind_API_WeeklyTradingData_6850,True,2026-09-22T13:25:53,2026-09-22T13:25:53,2026-09-22T13:25:53
6850,光鼎生技,22W15,5,43.53,46.4,43.2,45.4,2.1999999999999957,5.09,7.35,0.19,0.0,0.0,0.0,0.0,0.0,0.0,,,,,,,,,,WeeklyTradingData,FinMind_API_WeeklyTradingData_6850,True,2026-09-22T13:25:53,2026-09-22T13:25:53,2026-09-22T13:25:53
6850,光鼎生技,22W16,5,44.7,56.8,42.6,53.5,8.100000000000001,17.84,31.77,3.3,0.02,0.0,0.0,0.0,0.0,0.0,,,,,,,,,,WeeklyTradingData,FinMind_API_WeeklyTradingData_6850,True,2026-09-22T13:25:53,2026-09-22T13:25:53,2026-09-22T13:25:53
6850,光鼎生技,22W17,5,50.44,77.9,53.5,75.3,21.799999999999997,40.75,48.37,7.91,0.05,0.0,0.0,0.0,0.0,0.0,,,,,,,,,,WeeklyTradingData,FinMind_API_WeeklyTradingData_6850,True,2026-09-22T13:25:53,2026-09-22T13:25:53,2026-09-22T13:25:53
6850,光鼎生技,22W18,4,73.5,80.4,57.0,57.8,-17.5,-23.24,31.84,3.97,0.03,0.0,0.0,0.0,0.0,0.0,,,,,,,,,,WeeklyTradingData,FinMind_API_WeeklyTradingData_6850,True,2026-09-22T13:25:53,2026-09-22T13:25:53,2026-09-22T13:25:53
6850,光鼎生技,22W19,5,59.14,63.2,47.9,53.8,-4.0,-6.92,25.87,1.52,0.01,0.0,0.0,0.0,0.0,0.0,,,,,,,,,,WeeklyTradingData,FinMind_API_WeeklyTradingData_6850,True,2026-09-22T13:25:53,2026-09-22T13:25:53,2026-09-22T13:25:53
6850,光鼎生技,22W20,5,52.03,57.0,48.0,49.15,-4.649999999999999,-8.64,17.3,0.95,0.0,0.0,0.0,0.0,0.0,0.0,,,,,,,,,,WeeklyTradingData,FinMind_API_WeeklyTradingData_6850,True,2026-09-22T13:25:53,2026-09-22T13:25:53,2026-09-22T13:25:53
6850,光鼎生技,22W21,5,49.53,51.7,48.1,48.65,-0.5,-1.02,7.27,0.5,0.0,0.0,0.0,0.0,0.0,0.0,,,,,,,,,,WeeklyTradingData,FinMind_API_WeeklyTradingData_6850,True,2026-09-22T13:25:53,2026-09-22T13:25:53,2026-09-22T13:25:53
6850,光鼎生技,22W22,4,48.81,49.7,45.4,46.1,-2.549999999999997,-5.24,8.81,0.38,0.0,0.0,0.0,0.0,0.0,0.0,,,,,,,,,,WeeklyTradingData,FinMind_API_WeeklyTradingData_6850,True,2026-09-22T13:25:53,2026-09-22T13:25:53,2026-09-22T13:25:53
6850,光鼎生技,22W23,5,45.96,48.15,45.5,47.6,1.5,3.25,5.77,0.22,0.0,0.0,0.0,0.0,0.0,0.0,,,,,,,,,,WeeklyTradingData,FinMind_API_WeeklyTradingData_6850,True,2026-09-22T13:25:53,2026-09-22T13:25:53,2026-09-22T13:25:53
6850,光鼎生技,22W24,5,47.35,52.9,47.0,50.0,2.3999999999999986,5.04,12.46,0.64,0.0,0.0,0.0,0.0,0.0,0.0,,,,,,,,,,WeeklyTradingData,FinMind_API_WeeklyTradingData_6850,True,2026-09-22T13:25:53,2026-09-22T13:25:53,2026-09-22T13:25:53
6850,光鼎生技,22W25,5,49.4,50.5,47.1,48.0,-2.0,-4.0,6.88,0.24,0.0,0.0,0.0,0.0,0.0,0.0,,,,,,,,,,WeeklyTradingData,FinMind_API_WeeklyTradingData_6850,True,2026-09-22T13:25:53,2026-09-22T13:25:53,2026-09-22T13:25:53
6850,光鼎生技,22W26,5,47.57,55.7,47.2,52.6,4.600000000000001,9.58,17.87,0.54,0.0,0.0,0.0,0.0,0.0,0.0,,,,,,,,,,WeeklyTradingData,FinMind_API_WeeklyTradingData_6850,True,2026-09-22T13:25:53,2026-09-22T13:25:53,2026-09-22T13:25:53
6850,光鼎生技,22W27,5,52.52,55.5,48.0,48.0,-4.600000000000001,-8.75,14.28,0.42,0.0,0.0,0.0,0.0,0.0,0.0,,,,,,,,,,WeeklyTradingData,FinMind_API_WeeklyTradingData_6850,True,2026-09-22T13:25:53,2026-09-22T13:25:53,2026-09-22T13:25:53
6850,光鼎生技,22W28,5,48.99,48.45,46.7,48.0,0.0,0.0,3.57,0.13,0.0,0.0,0.0,0.0,0.0,0.0,,,,,,,,,,WeeklyTradingData,FinMind_API_WeeklyTradingData_6850,True,2026-09-22T13:25:53,2026-09-22T13:25:53,2026-09-22T13:25:53
6850,光鼎生技,22W29,5,47.43,50.8,46.5,50.2,2.200000000000003,4.58,9.07,0.12,0.0,0.0,0.0,0.0,0.0,0.0,,,,,,,,,,WeeklyTradingData,FinMind_API_WeeklyTradingData_6850,True,2026-09-22T13:25:53,2026-09-22T13:25:53,2026-09-22T13:25:53
6850,光鼎生技,22W30,5,49.48,53.0,47.8,50.0,-0.20000000000000284,-0.4,10.51,0.52,0.0,0.0,0.0,0.0,0.0,0.0,,,,,,,,,,WeeklyTradingData,FinMind_API_WeeklyTradingData_6850,True,2026-09-22T13:25:53,2026-09-22T13:25:53,2026-09-22T13:25:53
6850,光鼎生技,22W31,5,50.67,51.0,46.9,49.9,-0.10000000000000142,-0.2,8.09,0.19,0.0,0.0,0.0,0.0,0.0,0.0,,,,,,,,,,WeeklyTradingData,FinMind_API_WeeklyTradingData_6850,True,2026-09-22T13:25:53,2026-09-22T13:25:53,2026-09-22T13:25:53
6850,光鼎生技,22W32,5,49.54,52.1,48.5,49.4,-0.5,-1.0,7.27,0.21,0.0,0.0,0.0,0.0,0.0,0.0,,,,,,,,,,WeeklyTradingData,FinMind_API_WeeklyTradingData_6850,True,2026-09-22T13:25:53,2026-09-22T13:25:53,2026-09-22T13:25:53
6850,光鼎生技,22W33,5,49.69,53.3,49.1,52.4,3.0,6.07,8.45,0.26,0.0,0.0,0.0,0.0,0.0,0.0,,,,,,,,,,WeeklyTradingData,FinMind_API_WeeklyTradingData_6850,True,2026-09-22T13:25:53,2026-09-22T13:25:53,2026-09-22T13:25:53
6850,光鼎生技,22W34,5,51.88,59.0,51.9,56.0,3.6000000000000014,6.87,13.69,0.79,0.0,0.0023,0.0023,0.0,0.0,0.0023,,,,,,,,,,WeeklyTradingData,FinMind_API_WeeklyTradingData_6850,True,2026-09-22T13:25:53,2026-09-22T13:25:53,2026-09-22T13:25:53
6850,光鼎生技,22W35,5,55.51,58.4,53.0,53.5,-2.5,-4.46,9.73,0.3,0.0,0.0,0.0,0.0,0.0,0.0,,,,,,,,,,WeeklyTradingData,FinMind_API_WeeklyTradingData_6850,True,2026-09-22T13:25:53,2026-09-22T13:25:53,2026-09-22T13:25:53
6850,光鼎生技,22W36,4,53.79,54.0,49.65,52.3,-1.2000000000000028,-2.24,8.09,0.13,0.0,-0.0023,-0.0023,0.0,0.0,-0.0023,,,,,,,,,,WeeklyTradingData,FinMind_API_WeeklyTradingData_6850,True,2026-09-22T13:25:53,2026-09-22T13:25:53,2026-09-22T13:25:53
6850,光鼎生技,22W37,5,52.21,53.5,51.2,52.5,0.20000000000000284,0.38,4.41,0.1,0.0,0.0,0.0,0.0,0.0,0.0,,,,,,,,,,WeeklyTradingData,FinMind_API_WeeklyTradingData_6850,True,2026-09-22T13:25:53,2026-09-22T13:25:53,2026-09-22T13:25:53
6850,光鼎生技,22W38,5,51.98,53.2,50.1,51.2,-1.2999999999999972,-2.48,5.96,0.11,0.0,0.0,0.0,0.0,0.0,0.0,,,,,,,,,,WeeklyTradingData,FinMind_API_WeeklyTradingData_6850,True,2026-09-22T13:25:53,2026-09-22T13:25:53,2026-09-22T13:25:53
6850,光鼎生技,22W39,5,50.56,51.2,46.85,47.5,-3.700000000000003,-7.23,8.6,0.21,0.0,-0.0002,-0.0002,0.0,0.0,-0.0002,,,,,,,,,,WeeklyTradingData,FinMind_API_WeeklyTradingData_6850,True,2026-09-22T13:25:53,2026-09-22T13:25:53,2026-09-22T13:25:53
6850,光鼎生技,22W40,5,47.4,47.9,46.45,47.1,-0.3999999999999986,-0.84,3.06,0.09,0.0,0.0,0.0,0.0,0.0,0.0,,,,,,,,,,WeeklyTradingData,FinMind_API_WeeklyTradingData_6850,True,2026-09-22T13:25:53,2026-09-22T13:25:53,2026-09-22T13:25:53
6850,光鼎生技,22W41,4,46.83,46.65,39.5,44.0,-3.1000000000000014,-6.58,15.27,0.22,0.0,0.0,0.0,0.0,0.0,0.0,,,,,,,,,,WeeklyTradingData,FinMind_API_WeeklyTradingData_6850,True,2026-09-22T13:25:53,2026-09-22T13:25:53,2026-09-22T13:25:53
6850,光鼎生技,22W42,5,43.35,43.95,42.0,42.05,-1.9500000000000028,-4.43,4.5,0.06,0.0,0.0,0.0,0.0,0.0,0.0,,,,,,,,,,WeeklyTradingData,FinMind_API_WeeklyTradingData_6850,True,2026-09-22T13:25:53,2026-09-22T13:25:53,2026-09-22T13:25:53
6850,光鼎生技,22W43,5,42.16,44.0,40.0,42.0,-0.04999999999999716,-0.12,9.49,0.12,0.0,0.0,0.0,0.0,0.0,0.0,,,,,,,,,,WeeklyTradingData,FinMind_API_WeeklyTradingData_6850,True,2026-09-22T13:25:53,2026-09-22T13:25:53,2026-09-22T13:25:53
6850,光鼎生技,22W44,5,41.59,42.25,39.7,41.0,-1.0,-2.38,6.13,0.07,0.0,0.0,0.0,0.0,0.0,0.0,,,,,,,,,,WeeklyTradingData,FinMind_API_WeeklyTradingData_6850,True,2026-09-22T13:25:53,2026-09-22T13:25:53,2026-09-22T13:25:53
6850,光鼎生技,22W45,5,40.34,43.45,40.4,43.45,2.450000000000003,5.98,7.56,0.04,0.0,0.0,0.0,0.0,0.0,0.0,,,,,,,,,,WeeklyTradingData,FinMind_API_WeeklyTradingData_6850,True,2026-09-22T13:25:53,2026-09-22T13:25:53,2026-09-22T13:25:53
6850,光鼎生技,22W46,5,42.4,44.0,40.1,43.2,-0.25,-0.58,9.2,0.08,0.0,0.0,0.0,0.0,0.0,0.0,,,,,,,,,,WeeklyTradingData,FinMind_API_WeeklyTradingData_6850,True,2026-09-22T13:25:53,2026-09-22T13:25:53,2026-09-22T13:25:53
6850,光鼎生技,22W47,5,42.47,45.3,42.2,44.9,1.6999999999999957,3.94,7.3,0.03,0.0,0.0,0.0,0.0,0.0,0.0,,,,,,,,,,WeeklyTradingData,FinMind_API_WeeklyTradingData_6850,True,2026-09-22T13:25:53,2026-09-22T13:25:53,2026-09-22T13:25:53
6850,光鼎生技,22W48,5,44.98,46.5,44.15,45.8,0.8999999999999986,2.0,5.22,0.24,0.0,0.0,0.0,0.0,0.0,0.0,,,,,,,,,,WeeklyTradingData,FinMind_API_WeeklyTradingData_6850,True,2026-09-22T13:25:53,2026-09-22T13:25:53,2026-09-22T13:25:53
6850,光鼎生技,22W49,5,45.48,49.0,46.0,48.0,2.200000000000003,4.8,6.6,0.29,0.0,0.0,0.0,0.0,0.0,0.0,,,,,,,,,,WeeklyTradingData,FinMind_API_WeeklyTradingData_6850,True,2026-09-22T13:25:53,2026-09-22T13:25:53,2026-09-22T13:25:53
6850,光鼎生技,22W50,5,47.8,47.8,46.55,47.5,-0.5,-1.04,2.62,0.13,0.0,0.0,0.0,0.0,0.0,0.0,,,,,,,,,,WeeklyTradingData,FinMind_API_WeeklyTradingData_6850,True,2026-09-22T13:25:53,2026-09-22T13:25:53,2026-09-22T13:25:53
6850,光鼎生技,22W51,5,46.86,48.85,46.35,48.85,1.3500000000000014,2.84,5.34,0.07,0.0,0.0,0.0,0.0,0.0,0.0,,,,,,,,,,WeeklyTradingData,FinMind_API_WeeklyTradingData_6850,True,2026-09-22T13:25:53,2026-09-22T13:25:53,2026-09-22T13:25:53
6850,光鼎生技,22W52,5,47.85,49.45,46.6,46.75,-2.1000000000000014,-4.3,5.96,0.1,0.0,0.0,0.0,0.0,0.0,0.0,,,,,,,,,,WeeklyTradingData,FinMind_API_WeeklyTradingData_6850,True,2026-09-22T13:25:53,2026-09-22T13:25:53,2026-09-22T13:25:53
6850,光鼎生技,23W01,4,46.92,51.3,46.5,51.0,4.25,9.09,10.23,0.24,0.0,0.0,0.0,0.0,0.0,0.0,,,,,,,,,,WeeklyTradingData,FinMind_API_WeeklyTradingData_6850,True,2026-09-22T13:25:53,2026-09-22T13:25:53,2026-09-22T13:25:53
6850,光鼎生技,23W02,5,50.1,60.0,50.5,52.1,1.1000000000000014,2.16,18.96,0.55,0.0,0.0,0.0,0.0,0.0,0.0,,,,,,,,,,WeeklyTradingData,FinMind_API_WeeklyTradingData_6850,True,2026-09-22T13:25:53,2026-09-22T13:25:53,2026-09-22T13:25:53
6850,光鼎生技,23W03,2,52.06,53.3,52.0,52.5,0.3999999999999986,0.77,2.5,0.02,0.0,0.0,0.0,0.0,0.0,0.0,,,,,,,,,,WeeklyTradingData,FinMind_API_WeeklyTradingData_6850,True,2026-09-22T13:25:53,2026-09-22T13:25:53,2026-09-22T13:25:53
6850,光鼎生技,23W05,5,52.29,52.5,49.4,51.0,-1.5,-2.86,5.93,0.14,0.0,0.0,0.0,0.0,0.0,0.0,,,,,,,,,,WeeklyTradingData,FinMind_API_WeeklyTradingData_6850,True,2026-09-22T13:25:53,2026-09-22T13:25:53,2026-09-22T13:25:53
6850,光鼎生技,23W06,5,50.63,52.3,49.0,51.8,0.7999999999999972,1.57,6.52,0.1,0.0,0.0,0.0,0.0,0.0,0.0,,,,,,,,,,WeeklyTradingData,FinMind_API_WeeklyTradingData_6850,True,2026-09-22T13:25:53,2026-09-22T13:25:53,2026-09-22T13:25:53
6850,光鼎生技,23W07,5,50.86,51.8,49.5,50.1,-1.6999999999999957,-3.28,4.52,0.07,0.0,0.0,0.0,0.0,0.0,0.0,,,,,,,,,,WeeklyTradingData,FinMind_API_WeeklyTradingData_6850,True,2026-09-22T13:25:53,2026-09-22T13:25:53,2026-09-22T13:25:53
6850,光鼎生技,23W08,5,50.84,51.2,49.0,51.0,0.8999999999999986,1.8,4.33,0.07,0.0,0.0,0.0,0.0,0.0,0.0,,,,,,,,,,WeeklyTradingData,FinMind_API_WeeklyTradingData_6850,True,2026-09-22T13:25:53,2026-09-22T13:25:53,2026-09-22T13:25:53
6850,光鼎生技,23W09,3,49.41,53.5,48.65,51.0,0.0,0.0,9.82,0.12,0.0,0.0,0.0,0.0,0.0,0.0,,,,,,,,,,WeeklyTradingData,FinMind_API_WeeklyTradingData_6850,True,2026-09-22T13:25:53,2026-09-22T13:25:53,2026-09-22T13:25:53
6850,光鼎生技,23W10,5,51.67,53.0,50.0,50.2,-0.7999999999999972,-1.57,5.81,0.14,0.0,0.0,0.0,0.0,0.0,0.0,,,,,,,,,,WeeklyTradingData,FinMind_API_WeeklyTradingData_6850,True,2026-09-22T13:25:53,2026-09-22T13:25:53,2026-09-22T13:25:53
6850,光鼎生技,23W11,5,50.38,52.6,50.0,51.2,1.0,1.99,5.16,0.13,0.0,0.0,0.0,0.0,0.0,0.0,,,,,,,,,,WeeklyTradingData,FinMind_API_WeeklyTradingData_6850,True,2026-09-22T13:25:53,2026-09-22T13:25:53,2026-09-22T13:25:53
6850,光鼎生技,23W12,5,51.55,52.6,50.4,51.3,0.09999999999999432,0.2,4.27,0.12,0.0,0.0,0.0,0.0,0.0,0.0,,,,,,,,,,WeeklyTradingData,FinMind_API_WeeklyTradingData_6850,True,2026-09-22T13:25:53,2026-09-22T13:25:53,2026-09-22T13:25:53
6850,光鼎生技,23W13,5,50.81,51.7,49.5,50.0,-1.2999999999999972,-2.53,4.33,0.08,0.0,0.0,0.0,0.0,0.0,0.0,,,,,,,,,,WeeklyTradingData,FinMind_API_WeeklyTradingData_6850,True,2026-09-22T13:25:53,2026-09-22T13:25:53,2026-09-22T13:25:53
6850,光鼎生技,23W14,2,50.04,51.0,49.55,51.0,1.0,2.0,2.9,0.01,0.0,0.0,0.0,0.0,0.0,0.0,,,,,,,,,,WeeklyTradingData,FinMind_API_WeeklyTradingData_6850,True,2026-09-22T13:25:53,2026-09-22T13:25:53,2026-09-22T13:25:53
6850,光鼎生技,23W15,5,51.0,52.0,50.0,51.7,0.7000000000000028,1.37,3.92,0.15,0.0,0.0,0.0,0.0,0.0,0.0,,,,,,,,,,WeeklyTradingData,FinMind_API_WeeklyTradingData_6850,True,2026-09-22T13:25:53,2026-09-22T13:25:53,2026-09-22T13:25:53
6850,光鼎生技,23W16,5,51.38,52.5,50.5,51.5,-0.20000000000000284,-0.39,3.89,0.17,0.0,0.0,0.0,0.0,0.0,0.0,,,,,,,,,,WeeklyTradingData,FinMind_API_WeeklyTradingData_6850,True,2026-09-22T13:25:53,2026-09-22T13:25:53,2026-09-22T13:25:53
6850,光鼎生技,23W17,5,51.22,52.2,49.8,51.9,0.3999999999999986,0.78,4.69,0.12,0.0,0.0,0.0,0.0,0.0,0.0,,,,,,,,,,WeeklyTradingData,FinMind_API_WeeklyTradingData_6850,True,2026-09-22T13:25:53,2026-09-22T13:25:53,2026-09-22T13:25:53
6850,光鼎生技,23W18,4,51.73,52.0,50.5,51.5,-0.3999999999999986,-0.77,2.9,0.06,0.0,0.0,0.0,0.0,0.0,0.0,,,,,,,,,,WeeklyTradingData,FinMind_API_WeeklyTradingData_6850,True,2026-09-22T13:25:53,2026-09-22T13:25:53,2026-09-22T13:25:53
6850,光鼎生技,23W19,5,50.81,51.9,50.2,50.9,-0.6000000000000014,-1.17,3.35,0.19,0.0,0.001,0.001,0.0,0.0,0.001,,,,,,,,,,WeeklyTradingData,FinMind_API_WeeklyTradingData_6850,True,2026-09-22T13:25:53,2026-09-22T13:25:53,2026-09-22T13:25:53
6850,光鼎生技,23W20,5,50.72,51.6,50.7,51.4,0.5,0.98,1.77,0.06,0.0,0.001,0.001,0.0,0.0,0.001,,,,,,,,,,WeeklyTradingData,FinMind_API_WeeklyTradingData_6850,True,2026-09-22T13:25:53,2026-09-22T13:25:53,2026-09-22T13:25:53
6850,光鼎生技,23W21,5,51.09,51.3,50.3,50.4,-1.0,-1.95,1.96,0.13,0.0,-0.001,-0.001,0.0,0.0,-0.001,,,,,,,,,,WeeklyTradingData,FinMind_API_WeeklyTradingData_6850,True,2026-09-22T13:25:53,2026-09-22T13:25:53,2026-09-22T13:25:53
6850,光鼎生技,23W22,5,50.43,52.0,50.0,51.0,0.6000000000000014,1.19,3.97,0.12,0.0,0.0,0.0,0.0,0.0,0.0,,,,,,,,,,WeeklyTradingData,FinMind_API_WeeklyTradingData_6850,True,2026-09-22T13:25:53,2026-09-22T13:25:53,2026-09-22T13:25:53
6850,光鼎生技,23W23,5,51.43,55.9,50.9,54.8,3.799999999999997,7.45,9.72,0.35,0.0,0.0,0.0,0.0,0.0,0.0,,,,,,,,,,WeeklyTradingData,FinMind_API_WeeklyTradingData_6850,True,2026-09-22T13:25:53,2026-09-22T13:25:53,2026-09-22T13:25:53
6850,光鼎生技,23W24,5,53.89,58.4,52.7,55.5,0.7000000000000028,1.28,10.58,0.54,0.0,0.0,0.0,0.0,0.0,0.0,,,,,,,,,,WeeklyTradingData,FinMind_API_WeeklyTradingData_6850,True,2026-09-22T13:25:53,2026-09-22T13:25:53,2026-09-22T13:25:53
6850,光鼎生技,23W25,3,55.97,59.4,56.0,57.5,2.0,3.6,6.07,0.26,0.0,0.0,0.0,0.0,0.0,0.0,,,,,,,,,,WeeklyTradingData,FinMind_API_WeeklyTradingData_6850,True,2026-09-22T13:25:53,2026-09-22T13:25:53,2026-09-22T13:25:53
6850,光鼎生技,23W26,5,58.17,64.2,56.6,61.2,3.700000000000003,6.43,13.07,0.49,0.0,-0.001,-0.001,0.0,0.0,-0.001,,,,,,,,,,WeeklyTradingData,FinMind_API_WeeklyTradingData_6850,True,2026-09-22T13:25:53,2026-09-22T13:25:53,2026-09-22T13:25:53
6850,光鼎生技,23W27,5,60.45,61.2,55.7,57.3,-3.9000000000000057,-6.37,9.1,0.25,0.0,0.0,0.0,0.0,0.0,0.0,,,,,,,,,,WeeklyTradingData,FinMind_API_WeeklyTradingData_6850,True,2026-09-22T13:25:53,2026-09-22T13:25:53,2026-09-22T13:25:53
6850,光鼎生技,23W28,5,57.38,57.3,55.0,56.0,-1.2999999999999972,-2.27,4.01,0.12,0.0,0.0,0.0,0.0,0.0,0.0,,,,,,,,,,WeeklyTradingData,FinMind_API_WeeklyTradingData_6850,True,2026-09-22T13:25:53,2026-09-22T13:25:53,2026-09-22T13:25:53
6850,光鼎生技,23W29,5,55.72,57.4,55.1,56.5,0.5,0.89,4.13,0.11,0.0,0.0,0.0,0.0,0.0,0.0,,,,,,,,,,WeeklyTradingData,FinMind_API_WeeklyTradingData_6850,True,2026-09-22T13:25:53,2026-09-22T13:25:53,2026-09-22T13:25:53
6850,光鼎生技,23W30,5,56.47,57.5,52.1,53.5,-3.0,-5.31,9.56,0.18,0.0,0.0,0.0,0.0,0.0,0.0,,,,,,,,,,WeeklyTradingData,FinMind_API_WeeklyTradingData_6850,True,2026-09-22T13:25:53,2026-09-22T13:25:53,2026-09-22T13:25:53
6850,光鼎生技,23W31,4,53.11,56.2,52.0,52.5,-1.0,-1.87,7.91,0.36,0.0,0.0,0.0,0.0,0.0,0.0,,,,,,,,,,WeeklyTradingData,FinMind_API_WeeklyTradingData_6850,True,2026-09-22T13:25:53,2026-09-22T13:25:53,2026-09-22T13:25:53
6850,光鼎生技,23W32,5,53.38,55.9,52.1,53.5,1.0,1.9,7.12,0.08,0.0,0.0,0.0,0.0,0.0,0.0,,,,,,,,,,WeeklyTradingData,FinMind_API_WeeklyTradingData_6850,True,2026-09-22T13:25:53,2026-09-22T13:25:53,2026-09-22T13:25:53
6850,光鼎生技,23W33,5,53.56,54.8,50.6,52.5,-1.0,-1.87,7.84,0.16,0.0,0.0,0.0,0.0,0.0,0.0,,,,,,,,,,WeeklyTradingData,FinMind_API_WeeklyTradingData_6850,True,2026-09-22T13:25:53,2026-09-22T13:25:53,2026-09-22T13:25:53
6850,光鼎生技,23W34,5,52.01,54.9,49.8,51.3,-1.2000000000000028,-2.29,9.81,0.27,0.0,0.0,0.0,0.0,0.0,0.0,,,,,,,,,,WeeklyTradingData,FinMind_API_WeeklyTradingData_6850,True,2026-09-22T13:25:53,2026-09-22T13:25:53,2026-09-22T13:25:53
6850,光鼎生技,23W35,5,50.83,51.5,47.85,49.5,-1.7999999999999972,-3.51,7.18,0.37,0.0,0.0,0.0,0.0,0.0,0.0,,,,,,,,,,WeeklyTradingData,FinMind_API_WeeklyTradingData_6850,True,2026-09-22T13:25:53,2026-09-22T13:25:53,2026-09-22T13:25:53
6850,光鼎生技,23W36,5,48.91,51.8,48.4,51.0,1.5,3.03,6.95,0.16,0.0,0.0,0.0,0.0,0.0,0.0,,,,,,,,,,WeeklyTradingData,FinMind_API_WeeklyTradingData_6850,True,2026-09-22T13:25:53,2026-09-22T13:25:53,2026-09-22T13:25:53
6850,光鼎生技,23W37,5,51.06,61.4,50.3,56.0,5.0,9.8,21.74,0.47,0.0,0.005,0.005,0.0,0.0,0.005,,,,,,,,,,WeeklyTradingData,FinMind_API_WeeklyTradingData_6850,True,2026-09-22T13:25:53,2026-09-22T13:25:53,2026-09-22T13:25:53
6850,光鼎生技,23W38,5,56.41,59.4,56.2,58.0,2.0,3.57,5.67,0.26,0.0,0.0,0.0,0.0,0.0,0.0,,,,,,,,,,WeeklyTradingData,FinMind_API_WeeklyTradingData_6850,True,2026-09-22T13:25:53,2026-09-22T13:25:53,2026-09-22T13:25:53
6850,光鼎生技,23W39,4,57.97,57.7,52.5,54.0,-4.0,-6.9,8.97,0.12,0.0,-0.001,-0.001,0.0,0.0,-0.001,,,,,,,,,,WeeklyTradingData,FinMind_API_WeeklyTradingData_6850,True,2026-09-22T13:25:53,2026-09-22T13:25:53,2026-09-22T13:25:53
6850,光鼎生技,23W40,5,54.09,55.5,51.8,53.9,-0.10000000000000142,-0.19,6.84,0.12,0.0,0.003,0.003,0.0,0.0,0.003,,,,,,,,,,WeeklyTradingData,FinMind_API_WeeklyTradingData_6850,True,2026-09-22T13:25:53,2026-09-22T13:25:53,2026-09-22T13:25:53
6850,光鼎生技,23W41,3,54.05,55.0,52.9,54.0,0.10000000000000142,0.19,3.89,0.06,0.0,0.0,0.0,0.0,0.0,0.0,,,,,,,,,,WeeklyTradingData,FinMind_API_WeeklyTradingData_6850,True,2026-09-22T13:25:53,2026-09-22T13:25:53,2026-09-22T13:25:53
6850,光鼎生技,23W42,5,54.0,54.0,52.6,53.4,-0.6000000000000014,-1.11,2.59,0.08,0.0,0.0,0.0,0.0,0.0,0.0,,,,,,,,,,WeeklyTradingData,FinMind_API_WeeklyTradingData_6850,True,2026-09-22T13:25:53,2026-09-22T13:25:53,2026-09-22T13:25:53
6850,光鼎生技,23W43,5,53.07,57.4,52.0,53.5,0.10000000000000142,0.19,10.18,0.16,0.0,0.0,0.0,0.0,0.0,0.0,,,,,,,,,,WeeklyTradingData,FinMind_API_WeeklyTradingData_6850,True,2026-09-22T13:25:53,2026-09-22T13:25:53,2026-09-22T13:25:53
6850,光鼎生技,23W44,5,54.45,56.9,50.3,52.5,-1.0,-1.87,12.12,0.35,0.0,-0.003,-0.003,0.0,0.0,-0.003,,,,,,,,,,WeeklyTradingData,FinMind_API_WeeklyTradingData_6850,True,2026-09-22T13:25:53,2026-09-22T13:25:53,2026-09-22T13:25:53
6850,光鼎生技,23W45,5,52.5,53.2,50.0,51.0,-1.5,-2.86,6.1,0.13,0.0,-0.002,-0.002,0.0,0.0,-0.002,,,,,,,,,,WeeklyTradingData,FinMind_API_WeeklyTradingData_6850,True,2026-09-22T13:25:53,2026-09-22T13:25:53,2026-09-22T13:25:53
6850,光鼎生技,23W46,5,51.23,52.4,50.0,51.7,0.7000000000000028,1.37,4.68,0.05,0.0,-0.002,-0.002,0.0,0.0,-0.002,,,,,,,,,,WeeklyTradingData,FinMind_API_WeeklyTradingData_6850,True,2026-09-22T13:25:53,2026-09-22T13:25:53,2026-09-22T13:25:53
6850,光鼎生技,23W47,5,50.44,51.9,50.1,51.2,-0.5,-0.97,3.57,0.02,0.0,0.001,0.001,0.0,0.0,0.001,,,,,,,,,,WeeklyTradingData,FinMind_API_WeeklyTradingData_6850,True,2026-09-22T13:25:53,2026-09-22T13:25:53,2026-09-22T13:25:53
6850,光鼎生技,23W48,5,50.78,51.8,50.0,51.0,-0.20000000000000284,-0.39,3.54,0.13,0.0,0.001,0.001,0.0,0.0,0.001,,,,,,,,,,WeeklyTradingData,FinMind_API_WeeklyTradingData_6850,True,2026-09-22T13:25:53,2026-09-22T13:25:53,2026-09-22T13:25:53
6850,光鼎生技,23W49,5,50.39,50.9,49.6,50.9,-0.10000000000000142,-0.2,2.58,0.06,0.0,0.0,0.0,0.0,0.0,0.0,,,,,,,,,,WeeklyTradingData,FinMind_API_WeeklyTradingData_6850,True,2026-09-22T13:25:53,2026-09-22T13:25:53,2026-09-22T13:25:53
6850,光鼎生技,23W50,5,50.9,50.9,49.0,50.3,-0.6000000000000014,-1.18,3.73,0.09,0.0,0.0,0.0,0.0,0.0,0.0,,,,,,,,,,WeeklyTradingData,FinMind_API_WeeklyTradingData_6850,True,2026-09-22T13:25:53,2026-09-22T13:25:53,2026-09-22T13:25:53
6850,光鼎生技,23W51,5,49.88,50.3,49.0,50.2,-0.09999999999999432,-0.2,2.61,0.03,0.0,0.0,0.0,0.0,0.0,0.0,,,,,,,,,,WeeklyTradingData,FinMind_API_WeeklyTradingData_6850,True,2026-09-22T13:25:53,2026-09-22T13:25:53,2026-09-22T13:25:53
6850,光鼎生技,23W52,5,49.56,50.4,49.1,50.0,-0.20000000000000284,-0.4,2.62,0.04,0.0,-0.002,-0.002,0.0,0.0,-0.002,,,,,,,,,,WeeklyTradingData,FinMind_API_WeeklyTradingData_6850,True,2026-09-22T13:25:53,2026-09-22T13:25:53,2026-09-22T13:25:53
6850,光鼎生技,24W01,4,50.15,50.7,49.6,50.7,0.7000000000000028,1.4,2.19,0.02,0.0,0.0,0.0,0.0,0.0,0.0,,,,,,,,,,WeeklyTradingData,FinMind_API_WeeklyTradingData_6850,True,2026-09-22T13:25:53,2026-09-22T13:25:53,2026-09-22T13:25:53
6850,光鼎生技,24W02,5,50.52,50.7,49.1,50.2,-0.5,-0.99,3.17,0.02,0.0,0.0,0.0,0.0,0.0,0.0,,,,,,,,,,WeeklyTradingData,FinMind_API_WeeklyTradingData_6850,True,2026-09-22T13:25:53,2026-09-22T13:25:53,2026-09-22T13:25:53
6850,光鼎生技,24W03,5,50.2,50.2,49.0,49.8,-0.4000000000000057,-0.8,2.39,0.02,0.0,0.0,0.0,0.0,0.0,0.0,,,,,,,,,,WeeklyTradingData,FinMind_API_WeeklyTradingData_6850,True,2026-09-22T13:25:53,2026-09-22T13:25:53,2026-09-22T13:25:53
6850,光鼎生技,24W04,5,49.78,50.0,49.05,50.0,0.20000000000000284,0.4,1.91,0.01,0.0,0.0,0.0,0.0,0.0,0.0,,,,,,,,,,WeeklyTradingData,FinMind_API_WeeklyTradingData_6850,True,2026-09-22T13:25:53,2026-09-22T13:25:53,2026-09-22T13:25:53
6850,光鼎生技,24W05,5,50.0,50.5,49.0,50.5,0.5,1.0,3.0,0.06,0.0,0.0,0.0,0.0,0.0,0.0,,,,,,,,,,WeeklyTradingData,FinMind_API_WeeklyTradingData_6850,True,2026-09-22T13:25:53,2026-09-22T13:25:53,2026-09-22T13:25:53
6850,光鼎生技,24W06,1,50.06,50.5,50.0,50.5,0.0,0.0,1.0,0.01,0.0,0.0,0.0,0.0,0.0,0.0,,,,,,,,,,WeeklyTradingData,FinMind_API_WeeklyTradingData_6850,True,2026-09-22T13:25:53,2026-09-22T13:25:53,2026-09-22T13:25:53
6850,光鼎生技,24W07,2,50.29,50.5,48.9,49.8,-0.7000000000000028,-1.39,3.18,0.07,0.0,0.0,0.0,0.0,0.0,0.0,,,,,,,,,,WeeklyTradingData,FinMind_API_WeeklyTradingData_6850,True,2026-09-22T13:25:53,2026-09-22T13:25:53,2026-09-22T13:25:53
6850,光鼎生技,24W08,5,49.76,50.4,49.3,49.8,0.0,0.0,2.21,0.04,0.0,0.0,0.0,0.0,0.0,0.0,,,,,,,,,,WeeklyTradingData,FinMind_API_WeeklyTradingData_6850,True,2026-09-22T13:25:53,2026-09-22T13:25:53,2026-09-22T13:25:53
6850,光鼎生技,24W09,4,49.8,50.5,49.05,49.5,-0.29999999999999716,-0.6,2.91,0.03,0.0,0.0,0.0,0.0,0.0,0.0,,,,,,,,,,WeeklyTradingData,FinMind_API_WeeklyTradingData_6850,True,2026-09-22T13:25:53,2026-09-22T13:25:53,2026-09-22T13:25:53
6850,光鼎生技,24W10,5,49.83,50.5,48.0,48.5,-1.0,-2.02,5.02,0.07,0.0,0.0,0.0,0.0,0.0,0.0,,,,,,,,,,WeeklyTradingData,FinMind_API_WeeklyTradingData_6850,True,2026-09-22T13:25:53,2026-09-22T13:25:53,2026-09-22T13:25:53
6850,光鼎生技,24W11,5,48.69,50.9,48.6,50.9,2.3999999999999986,4.95,4.72,0.04,0.0,0.0,0.0,0.0,0.0,0.0,,,,,,,,,,WeeklyTradingData,FinMind_API_WeeklyTradingData_6850,True,2026-09-22T13:25:53,2026-09-22T13:25:53,2026-09-22T13:25:53
6850,光鼎生技,24W12,5,49.95,50.0,48.55,49.5,-1.3999999999999986,-2.75,2.9,0.04,0.0,0.0,0.0,0.0,0.0,0.0,,,,,,,,,,WeeklyTradingData,FinMind_API_WeeklyTradingData_6850,True,2026-09-22T13:25:53,2026-09-22T13:25:53,2026-09-22T13:25:53
6850,光鼎生技,24W13,5,49.3,49.9,48.5,49.5,0.0,0.0,2.84,0.07,0.0,0.0,0.0,0.0,0.0,0.0,,,,,,,,,,WeeklyTradingData,FinMind_API_WeeklyTradingData_6850,True,2026-09-22T13:25:53,2026-09-22T13:25:53,2026-09-22T13:25:53
6850,光鼎生技,24W14,3,48.85,50.5,48.6,50.0,0.5,1.01,3.89,0.06,0.0,0.002,0.002,0.0,0.0,0.002,,,,,,,,,,WeeklyTradingData,FinMind_API_WeeklyTradingData_6850,True,2026-09-22T13:25:53,2026-09-22T13:25:53,2026-09-22T13:25:53
6850,光鼎生技,24W15,5,49.43,50.3,48.5,50.0,0.0,0.0,3.64,0.04,0.0,0.0,0.0,0.0,0.0,0.0,,,,,,,,,,WeeklyTradingData,FinMind_API_WeeklyTradingData_6850,True,2026-09-22T13:25:53,2026-09-22T13:25:53,2026-09-22T13:25:53
6850,光鼎生技,24W16,5,49.77,50.0,48.5,49.25,-0.75,-1.5,3.01,0.05,0.0,-0.002,-0.002,0.0,0.0,-0.002,,,,,,,,,,WeeklyTradingData,FinMind_API_WeeklyTradingData_6850,True,2026-09-22T13:25:53,2026-09-22T13:25:53,2026-09-22T13:25:53
6850,光鼎生技,24W17,5,48.73,49.8,47.8,49.0,-0.25,-0.51,4.1,0.1,0.0,0.0,0.0,0.0,0.0,0.0,,,,,,,,,,WeeklyTradingData,FinMind_API_WeeklyTradingData_6850,True,2026-09-22T13:25:53,2026-09-22T13:25:53,2026-09-22T13:25:53
6850,光鼎生技,24W18,4,49.09,50.0,48.8,49.5,0.5,1.02,2.44,0.15,0.0,0.001,0.001,0.0,0.0,0.001,,,,,,,,,,WeeklyTradingData,FinMind_API_WeeklyTradingData_6850,True,2026-09-22T13:25:53,2026-09-22T13:25:53,2026-09-22T13:25:53
6850,光鼎生技,24W19,5,49.42,50.2,49.0,49.5,0.0,0.0,2.43,0.1,0.0,0.0,0.0,0.0,0.0,0.0,,,,,,,,,,WeeklyTradingData,FinMind_API_WeeklyTradingData_6850,True,2026-09-22T13:25:53,2026-09-22T13:25:53,2026-09-22T13:25:53
6850,光鼎生技,24W20,5,49.57,49.9,48.5,49.5,0.0,0.0,2.82,0.11,0.0,-0.001,-0.001,0.0,0.0,-0.001,,,,,,,,,,WeeklyTradingData,FinMind_API_WeeklyTradingData_6850,True,2026-09-22T13:25:53,2026-09-22T13:25:53,2026-09-22T13:25:53
6850,光鼎生技,24W21,5,49.15,50.0,48.5,49.3,-0.20000000000000284,-0.4,3.05,0.2,0.0,0.0,0.0,0.0,0.0,0.0,,,,,,,,,,WeeklyTradingData,FinMind_API_WeeklyTradingData_6850,True,2026-09-22T13:25:53,2026-09-22T13:25:53,2026-09-22T13:25:53
6850,光鼎生技,24W22,5,49.26,49.95,48.5,49.95,0.6500000000000057,1.32,2.94,0.14,0.0,0.0,0.0,0.0,0.0,0.0,,,,,,,,,,WeeklyTradingData,FinMind_API_WeeklyTradingData_6850,True,2026-09-22T13:25:53,2026-09-22T13:25:53,2026-09-22T13:25:53
6850,光鼎生技,24W23,5,49.46,60.3,48.0,53.0,3.049999999999997,6.11,24.87,0.5,0.0,0.005,0.005,0.0,0.0,0.005,,,,,,,,,,WeeklyTradingData,FinMind_API_WeeklyTradingData_6850,True,2026-09-22T13:25:53,2026-09-22T13:25:53,2026-09-22T13:25:53
6850,光鼎生技,24W24,4,52.71,53.6,50.0,51.3,-1.7000000000000028,-3.21,6.83,0.33,0.0,-0.005,-0.005,0.0,0.0,-0.005,,,,,,,,,,WeeklyTradingData,FinMind_API_WeeklyTradingData_6850,True,2026-09-22T13:25:53,2026-09-22T13:25:53,2026-09-22T13:25:53
6850,光鼎生技,24W25,5,50.79,53.9,50.6,52.8,1.5,2.92,6.5,0.23,0.0,0.0,0.0,0.0,0.0,0.0,,,,,,,,,,WeeklyTradingData,FinMind_API_WeeklyTradingData_6850,True,2026-09-22T13:25:53,2026-09-22T13:25:53,2026-09-22T13:25:53
6850,光鼎生技,24W26,5,53.25,54.0,52.2,53.4,0.6000000000000014,1.14,3.38,0.18,0.0,0.001,0.001,0.0,0.0,0.001,,,,,,,,,,WeeklyTradingData,FinMind_API_WeeklyTradingData_6850,True,2026-09-22T13:25:53,2026-09-22T13:25:53,2026-09-22T13:25:53
6850,光鼎生技,24W27,5,52.75,62.4,52.6,60.3,6.899999999999999,12.92,18.58,0.72,0.0,0.003,0.003,0.0,0.0,0.003,,,,,,,,,,WeeklyTradingData,FinMind_API_WeeklyTradingData_6850,True,2026-09-22T13:25:53,2026-09-22T13:25:53,2026-09-22T13:25:53
6850,光鼎生技,24W28,5,60.2,61.9,59.6,60.7,0.4000000000000057,0.66,3.82,0.23,0.0,0.0,0.0,0.0,0.0,0.0,,,,,,,,,,WeeklyTradingData,FinMind_API_WeeklyTradingData_6850,True,2026-09-22T13:25:53,2026-09-22T13:25:53,2026-09-22T13:25:53
6850,光鼎生技,24W29,5,60.78,61.2,59.8,60.4,-0.30000000000000426,-0.49,2.3,0.13,0.0,0.0,0.0,0.0,0.0,0.0,,,,,,,,,,WeeklyTradingData,FinMind_API_WeeklyTradingData_6850,True,2026-09-22T13:25:53,2026-09-22T13:25:53,2026-09-22T13:25:53
6850,光鼎生技,24W30,3,60.03,60.5,58.5,59.4,-1.0,-1.66,3.33,0.12,0.0,-0.004,-0.004,0.0,0.0,-0.004,,,,,,,,,,WeeklyTradingData,FinMind_API_WeeklyTradingData_6850,True,2026-09-22T13:25:53,2026-09-22T13:25:53,2026-09-22T13:25:53
6850,光鼎生技,24W31,5,59.16,59.4,55.3,56.5,-2.8999999999999986,-4.88,6.93,0.15,0.0,0.0,0.0,0.0,0.0,0.0,,,,,,,,,,WeeklyTradingData,FinMind_API_WeeklyTradingData_6850,True,2026-09-22T13:25:53,2026-09-22T13:25:53,2026-09-22T13:25:53
6850,光鼎生技,24W32,5,56.02,56.5,52.5,55.8,-0.7000000000000028,-1.24,7.14,0.08,0.0,0.0,0.0,0.0,0.0,0.0,,,,,,,,,,WeeklyTradingData,FinMind_API_WeeklyTradingData_6850,True,2026-09-22T13:25:53,2026-09-22T13:25:53,2026-09-22T13:25:53
6850,光鼎生技,24W33,5,54.91,57.0,54.0,57.0,1.2000000000000028,2.15,5.46,0.13,0.0,0.006,0.006,0.0,0.0,0.006,,,,,,,,,,WeeklyTradingData,FinMind_API_WeeklyTradingData_6850,True,2026-09-22T13:25:53,2026-09-22T13:25:53,2026-09-22T13:25:53
6850,光鼎生技,24W34,5,56.01,71.0,55.9,57.4,0.3999999999999986,0.7,26.96,0.46,0.0,-0.006,-0.006,0.0,0.0,-0.006,,,,,,,,,,WeeklyTradingData,FinMind_API_WeeklyTradingData_6850,True,2026-09-22T13:25:53,2026-09-22T13:25:53,2026-09-22T13:25:53
6850,光鼎生技,24W35,5,56.76,58.8,56.5,58.1,0.7000000000000028,1.22,4.05,0.08,0.0,0.0,0.0,0.0,0.0,0.0,,,,,,,,,,WeeklyTradingData,FinMind_API_WeeklyTradingData_6850,True,2026-09-22T13:25:53,2026-09-22T13:25:53,2026-09-22T13:25:53
6850,光鼎生技,24W36,5,57.19,58.1,54.2,56.6,-1.5,-2.58,6.82,0.04,0.0,0.0,0.0,0.0,0.0,0.0,,,,,,,,,,WeeklyTradingData,FinMind_API_WeeklyTradingData_6850,True,2026-09-22T13:25:53,2026-09-22T13:25:53,2026-09-22T13:25:53
6850,光鼎生技,24W37,5,56.14,56.7,54.6,56.7,0.10000000000000142,0.18,3.74,0.04,0.0,0.0,0.0,0.0,0.0,0.0,,,,,,,,,,WeeklyTradingData,FinMind_API_WeeklyTradingData_6850,True,2026-09-22T13:25:53,2026-09-22T13:25:53,2026-09-22T13:25:53
6850,光鼎生技,24W38,4,55.72,57.3,50.4,53.8,-2.9000000000000057,-5.11,12.38,0.19,0.0,0.003,0.003,0.0,0.0,0.003,,,,,,,,,,WeeklyTradingData,FinMind_API_WeeklyTradingData_6850,True,2026-09-22T13:25:53,2026-09-22T13:25:53,2026-09-22T13:25:53
6850,光鼎生技,24W39,5,53.29,55.7,51.6,54.0,0.20000000000000284,0.37,7.69,0.19,0.0,-0.00052,-0.00052,0.0,0.0,-0.00052,,,,,,,,,,WeeklyTradingData,FinMind_API_WeeklyTradingData_6850,True,2026-09-22T13:25:53,2026-09-22T13:25:53,2026-09-22T13:25:53
6850,光鼎生技,24W40,3,53.65,54.3,51.3,53.8,-0.20000000000000284,-0.37,5.59,0.12,0.0,-0.002,-0.002,0.0,0.0,-0.002,,,,,,,,,,WeeklyTradingData,FinMind_API_WeeklyTradingData_6850,True,2026-09-22T13:25:53,2026-09-22T13:25:53,2026-09-22T13:25:53
6850,光鼎生技,24W41,4,52.89,53.9,49.5,49.9,-3.8999999999999986,-7.25,8.32,0.33,0.0,0.001,0.001,0.0,0.0,0.001,,,,,,,,,,WeeklyTradingData,FinMind_API_WeeklyTradingData_6850,True,2026-09-22T13:25:53,2026-09-22T13:25:53,2026-09-22T13:25:53
6850,光鼎生技,24W42,5,50.42,53.0,47.0,48.9,-1.0,-2.0,11.9,0.27,0.0,0.0,0.0,0.0,0.0,0.0,,,,,,,,,,WeeklyTradingData,FinMind_API_WeeklyTradingData_6850,True,2026-09-22T13:25:53,2026-09-22T13:25:53,2026-09-22T13:25:53
6850,光鼎生技,24W43,5,49.18,50.4,47.05,49.9,1.0,2.04,6.81,0.04,0.0,0.0,0.0,0.0,0.0,0.0,,,,,,,,,,WeeklyTradingData,FinMind_API_WeeklyTradingData_6850,True,2026-09-22T13:25:53,2026-09-22T13:25:53,2026-09-22T13:25:53
6850,光鼎生技,24W44,4,48.99,49.9,42.0,45.95,-3.9499999999999957,-7.92,16.13,0.13,0.0,0.006,0.006,0.0,0.0,0.006,,,,,,,,,,WeeklyTradingData,FinMind_API_WeeklyTradingData_6850,True,2026-09-22T13:25:53,2026-09-22T13:25:53,2026-09-22T13:25:53
6850,光鼎生技,24W45,5,45.96,48.0,45.5,47.95,2.0,4.35,5.44,0.03,0.0,0.0,0.0,0.0,0.0,0.0,,,,,,,,,,WeeklyTradingData,FinMind_API_WeeklyTradingData_6850,True,2026-09-22T13:25:53,2026-09-22T13:25:53,2026-09-22T13:25:53
6850,光鼎生技,24W46,5,47.69,48.0,45.5,46.0,-1.9500000000000028,-4.07,5.24,0.03,0.0,0.0,0.0,0.0,0.0,0.0,,,,,,,,,,WeeklyTradingData,FinMind_API_WeeklyTradingData_6850,True,2026-09-22T13:25:53,2026-09-22T13:25:53,2026-09-22T13:25:53
6850,光鼎生技,24W47,5,45.95,46.1,44.0,44.35,-1.6499999999999986,-3.59,4.57,0.03,0.0,-0.003,-0.003,0.0,0.0,-0.003,,,,,,,,,,WeeklyTradingData,FinMind_API_WeeklyTradingData_6850,True,2026-09-22T13:25:53,2026-09-22T13:25:53,2026-09-22T13:25:53
6850,光鼎生技,24W48,5,44.29,46.0,43.6,46.0,1.6499999999999986,3.72,5.42,0.03,0.0,-0.001,-0.001,0.0,0.0,-0.001,,,,,,,,,,WeeklyTradingData,FinMind_API_WeeklyTradingData_6850,True,2026-09-22T13:25:53,2026-09-22T13:25:53,2026-09-22T13:25:53
6850,光鼎生技,24W49,5,45.44,46.2,42.1,45.8,-0.20000000000000284,-0.43,9.02,0.08,0.0,0.0,0.0,0.0,0.0,0.0,,,,,,,,,,WeeklyTradingData,FinMind_API_WeeklyTradingData_6850,True,2026-09-22T13:25:53,2026-09-22T13:25:53,2026-09-22T13:25:53
6850,光鼎生技,24W50,5,45.03,45.8,42.75,44.4,-1.3999999999999986,-3.06,6.77,0.05,0.0,0.0,0.0,0.0,0.0,0.0,,,,,,,,,,WeeklyTradingData,FinMind_API_WeeklyTradingData_6850,True,2026-09-22T13:25:53,2026-09-22T13:25:53,2026-09-22T13:25:53
6850,光鼎生技,24W51,5,43.82,44.4,42.0,43.0,-1.3999999999999986,-3.15,5.48,0.09,0.0,-0.003,-0.003,0.0,0.0,-0.003,,,,,,,,,,WeeklyTradingData,FinMind_API_WeeklyTradingData_6850,True,2026-09-22T13:25:53,2026-09-22T13:25:53,2026-09-22T13:25:53
6850,光鼎生技,24W52,5,42.96,44.25,42.05,42.05,-0.9500000000000028,-2.21,5.12,0.01,0.0,0.0,0.0,0.0,0.0,0.0,,,,,,,,,,WeeklyTradingData,FinMind_API_WeeklyTradingData_6850,True,2026-09-22T13:25:53,2026-09-22T13:25:53,2026-09-22T13:25:53
6850,光鼎生技,25W01,4,42.51,44.2,0.0,43.0,0.9500000000000028,2.26,103.98,0.02,0.0,0.0,0.0,0.0,0.0,0.0,,,,,,,,,,WeeklyTradingData,FinMind_API_WeeklyTradingData_6850,True,2026-09-22T13:25:53,2026-09-22T13:25:53,2026-09-22T13:25:53
6850,光鼎生技,25W02,5,42.83,43.0,40.5,41.0,-2.0,-4.65,5.84,0.05,0.0,0.0,0.0,0.0,0.0,0.0,,,,,,,,,,WeeklyTradingData,FinMind_API_WeeklyTradingData_6850,True,2026-09-22T13:25:53,2026-09-22T13:25:53,2026-09-22T13:25:53
6850,光鼎生技,25W03,5,40.78,41.4,40.0,41.3,0.29999999999999716,0.73,3.43,0.04,0.0,0.001,0.001,0.0,0.0,0.001,,,,,,,,,,WeeklyTradingData,FinMind_API_WeeklyTradingData_6850,True,2026-09-22T13:25:53,2026-09-22T13:25:53,2026-09-22T13:25:53
6850,光鼎生技,25W04,3,41.3,41.0,38.5,40.15,-1.1499999999999986,-2.78,6.05,0.07,0.0,-0.001,-0.001,0.0,0.0,-0.001,,,,,,,,,,WeeklyTradingData,FinMind_API_WeeklyTradingData_6850,True,2026-09-22T13:25:53,2026-09-22T13:25:53,2026-09-22T13:25:53
6850,光鼎生技,25W06,5,39.63,41.5,38.2,40.3,0.14999999999999858,0.37,8.33,0.09,0.0,0.002,0.002,0.0,0.0,0.002,,,,,,,,,,WeeklyTradingData,FinMind_API_WeeklyTradingData_6850,True,2026-09-22T13:25:53,2026-09-22T13:25:53,2026-09-22T13:25:53
6850,光鼎生技,25W07,5,39.97,41.9,39.6,41.9,1.6000000000000014,3.97,5.75,0.03,0.0,0.0,0.0,0.0,0.0,0.0,,,,,,,,,,WeeklyTradingData,FinMind_API_WeeklyTradingData_6850,True,2026-09-22T13:25:53,2026-09-22T13:25:53,2026-09-22T13:25:53
6850,光鼎生技,25W08,5,40.66,42.15,40.8,41.85,-0.04999999999999716,-0.12,3.32,0.05,0.0,0.0,0.0,0.0,0.0,0.0,,,,,,,,,,WeeklyTradingData,FinMind_API_WeeklyTradingData_6850,True,2026-09-22T13:25:53,2026-09-22T13:25:53,2026-09-22T13:25:53
6850,光鼎生技,25W09,4,41.26,42.7,41.1,42.6,0.75,1.79,3.88,0.02,0.0,0.0,0.0,0.0,0.0,0.0,,,,,,,,,,WeeklyTradingData,FinMind_API_WeeklyTradingData_6850,True,2026-09-22T13:25:53,2026-09-22T13:25:53,2026-09-22T13:25:53
6850,光鼎生技,25W10,5,42.51,42.7,40.7,41.3,-1.3000000000000043,-3.05,4.7,0.05,0.0,-0.002,-0.002,0.0,0.0,-0.002,,,,,,,,,,WeeklyTradingData,FinMind_API_WeeklyTradingData_6850,True,2026-09-22T13:25:53,2026-09-22T13:25:53,2026-09-22T13:25:53
6850,光鼎生技,25W11,5,41.3,42.0,40.3,42.0,0.7000000000000028,1.69,4.12,0.02,0.0,0.001,0.001,0.0,0.0,0.001,,,,,,,,,,WeeklyTradingData,FinMind_API_WeeklyTradingData_6850,True,2026-09-22T13:25:53,2026-09-22T13:25:53,2026-09-22T13:25:53
6850,光鼎生技,25W12,5,41.47,49.0,41.7,48.6,6.600000000000001,15.71,17.6,0.28,0.0,0.01,0.01,0.0,0.0,0.01,,,,,,,,,,WeeklyTradingData,FinMind_API_WeeklyTradingData_6850,True,2026-09-22T13:25:53,2026-09-22T13:25:53,2026-09-22T13:25:53
6850,光鼎生技,25W13,5,47.26,52.5,48.0,49.2,0.6000000000000014,1.23,9.52,0.45,0.0,0.009,0.009,0.0,0.0,0.009,,,,,,,,,,WeeklyTradingData,FinMind_API_WeeklyTradingData_6850,True,2026-09-22T13:25:53,2026-09-22T13:25:53,2026-09-22T13:25:53
6850,光鼎生技,25W14,3,48.96,48.95,45.3,48.0,-1.2000000000000028,-2.44,7.46,0.11,0.0,0.001,0.001,0.0,0.0,0.001,,,,,,,,,,WeeklyTradingData,FinMind_API_WeeklyTradingData_6850,True,2026-09-22T13:25:53,2026-09-22T13:25:53,2026-09-22T13:25:53
6850,光鼎生技,25W15,5,47.96,48.05,41.35,44.5,-3.5,-7.29,13.97,0.17,0.0,0.002,0.002,0.0,0.0,0.002,,,,,,,,,,WeeklyTradingData,FinMind_API_WeeklyTradingData_6850,True,2026-09-22T13:25:53,2026-09-22T13:25:53,2026-09-22T13:25:53
6850,光鼎生技,25W16,5,43.74,46.8,43.5,45.0,0.5,1.12,7.54,0.07,0.0,0.002,0.002,0.0,0.0,0.002,,,,,,,,,,WeeklyTradingData,FinMind_API_WeeklyTradingData_6850,True,2026-09-22T13:25:53,2026-09-22T13:25:53,2026-09-22T13:25:53
6850,光鼎生技,25W17,5,44.81,45.5,42.85,45.5,0.5,1.11,5.91,0.04,0.0,-0.003,-0.003,0.0,0.0,-0.003,,,,,,,,,,WeeklyTradingData,FinMind_API_WeeklyTradingData_6850,True,2026-09-22T13:25:53,2026-09-22T13:25:53,2026-09-22T13:25:53
6850,光鼎生技,25W18,4,44.1,47.0,43.6,46.0,0.5,1.1,7.71,0.09,0.0,0.006,0.006,0.0,0.0,0.006,,,,,,,,,,WeeklyTradingData,FinMind_API_WeeklyTradingData_6850,True,2026-09-22T13:25:53,2026-09-22T13:25:53,2026-09-22T13:25:53
6850,光鼎生技,25W19,5,45.53,47.5,44.65,47.0,1.0,2.17,6.26,0.19,0.0,-0.001,-0.001,0.0,0.0,-0.001,,,,,,,,,,WeeklyTradingData,FinMind_API_WeeklyTradingData_6850,True,2026-09-22T13:25:53,2026-09-22T13:25:53,2026-09-22T13:25:53
6850,光鼎生技,25W20,5,46.7,46.5,45.0,46.3,-0.7000000000000028,-1.49,3.21,0.07,0.0,0.0,0.0,0.0,0.0,0.0,,,,,,,,,,WeeklyTradingData,FinMind_API_WeeklyTradingData_6850,True,2026-09-22T13:25:53,2026-09-22T13:25:53,2026-09-22T13:25:53
6850,光鼎生技,25W21,5,45.61,46.5,44.55,46.4,0.10000000000000142,0.22,4.28,0.01,0.0,0.0,0.0,0.0,0.0,0.0,,,,,,,,,,WeeklyTradingData,FinMind_API_WeeklyTradingData_6850,True,2026-09-22T13:25:53,2026-09-22T13:25:53,2026-09-22T13:25:53
6850,光鼎生技,25W22,4,46.4,46.85,45.2,46.8,0.3999999999999986,0.86,3.56,0.03,0.0,0.0,0.0,0.0,0.0,0.0,,,,,,,,,,WeeklyTradingData,FinMind_API_WeeklyTradingData_6850,True,2026-09-22T13:25:53,2026-09-22T13:25:53,2026-09-22T13:25:53
6850,光鼎生技,25W23,5,46.11,47.85,44.9,46.2,-0.5999999999999943,-1.28,6.4,0.06,0.0,0.0,0.0,0.0,0.0,0.0,,,,,,,,,,WeeklyTradingData,FinMind_API_WeeklyTradingData_6850,True,2026-09-22T13:25:53,2026-09-22T13:25:53,2026-09-22T13:25:53
6850,光鼎生技,25W24,5,45.97,47.85,44.9,46.4,0.19999999999999574,0.43,6.42,0.05,0.0,0.0,0.0,0.0,0.0,0.0,,,,,,,,,,WeeklyTradingData,FinMind_API_WeeklyTradingData_6850,True,2026-09-22T13:25:53,2026-09-22T13:25:53,2026-09-22T13:25:53
6850,光鼎生技,25W25,5,45.89,46.6,44.5,45.2,-1.1999999999999957,-2.59,4.58,0.06,0.0,-0.02,-0.02,0.0,0.0,-0.02,,,,,,,,,,WeeklyTradingData,FinMind_API_WeeklyTradingData_6850,True,2026-09-22T13:25:53,2026-09-22T13:25:53,2026-09-22T13:25:53
6850,光鼎生技,25W26,5,44.96,47.5,45.0,47.5,2.299999999999997,5.09,5.56,0.07,0.0,0.0,0.0,0.0,0.0,0.0,,,,,,,,,,WeeklyTradingData,FinMind_API_WeeklyTradingData_6850,True,2026-09-22T13:25:53,2026-09-22T13:25:53,2026-09-22T13:25:53
6850,光鼎生技,25W27,5,46.67,47.5,40.5,46.0,-1.5,-3.16,15.0,0.15,0.0,-0.003,-0.003,0.0,0.0,-0.003,,,,,,,,,,WeeklyTradingData,FinMind_API_WeeklyTradingData_6850,True,2026-09-22T13:25:53,2026-09-22T13:25:53,2026-09-22T13:25:53
6850,光鼎生技,25W28,5,45.45,45.5,44.0,45.0,-1.0,-2.17,3.3,0.06,0.0,-0.002,-0.002,0.0,0.0,-0.002,,,,,,,,,,WeeklyTradingData,FinMind_API_WeeklyTradingData_6850,True,2026-09-22T13:25:53,2026-09-22T13:25:53,2026-09-22T13:25:53
6850,光鼎生技,25W29,5,44.29,45.4,44.0,44.5,-0.5,-1.11,3.16,0.1,0.0,0.0,0.0,0.0,0.0,0.0,,,,,,,,,,WeeklyTradingData,FinMind_API_WeeklyTradingData_6850,True,2026-09-22T13:25:53,2026-09-22T13:25:53,2026-09-22T13:25:53
6850,光鼎生技,25W30,5,44.64,45.4,43.8,44.0,-0.5,-1.12,3.58,0.16,0.0,0.0,0.0,0.0,0.0,0.0,,,,,,,,,,WeeklyTradingData,FinMind_API_WeeklyTradingData_6850,True,2026-09-22T13:25:53,2026-09-22T13:25:53,2026-09-22T13:25:53
6850,光鼎生技,25W31,5,44.29,46.8,43.5,45.0,1.0,2.27,7.45,0.32,0.0,0.001,0.001,0.0,0.0,0.001,,,,,,,,,,WeeklyTradingData,FinMind_API_WeeklyTradingData_6850,True,2026-09-22T13:25:53,2026-09-22T13:25:53,2026-09-22T13:25:53
6850,光鼎生技,25W32,5,45.41,51.7,45.0,50.8,5.799999999999997,12.89,14.75,0.63,0.0,0.002,0.002,0.0,0.0,0.002,,,,,,,,,,WeeklyTradingData,FinMind_API_WeeklyTradingData_6850,True,2026-09-22T13:25:53,2026-09-22T13:25:53,2026-09-22T13:25:53
6850,光鼎生技,25W33,5,50.66,50.8,47.0,48.65,-2.1499999999999986,-4.23,7.5,0.4,0.0,-0.003,-0.003,0.0,0.0,-0.003,,,,,,,,,,WeeklyTradingData,FinMind_API_WeeklyTradingData_6850,True,2026-09-22T13:25:53,2026-09-22T13:25:53,2026-09-22T13:25:53
6850,光鼎生技,25W34,5,47.91,51.0,45.0,46.8,-1.8500000000000014,-3.8,12.52,0.32,0.0,0.004,0.004,0.0,0.0,0.004,,,,,,,,,,WeeklyTradingData,FinMind_API_WeeklyTradingData_6850,True,2026-09-22T13:25:53,2026-09-22T13:25:53,2026-09-22T13:25:53
6850,光鼎生技,25W35,5,46.82,48.15,43.2,46.8,0.0,0.0,10.57,0.25,0.0,0.0,0.0,0.0,0.0,0.0,,,,,,,,,,WeeklyTradingData,FinMind_API_WeeklyTradingData_6850,True,2026-09-22T13:25:53,2026-09-22T13:25:53,2026-09-22T13:25:53
6850,光鼎生技,25W36,5,47.56,51.0,46.55,48.5,1.7000000000000028,3.63,9.36,0.36,0.0,-0.005,-0.005,0.0,0.0,-0.005,,,,,,,,,,WeeklyTradingData,FinMind_API_WeeklyTradingData_6850,True,2026-09-22T13:25:53,2026-09-22T13:25:53,2026-09-22T13:25:53
6850,光鼎生技,25W37,5,48.41,49.0,46.5,48.45,-0.04999999999999716,-0.1,5.16,0.19,0.0,-0.001,-0.001,0.0,0.0,-0.001,,,,,,,,,,WeeklyTradingData,FinMind_API_WeeklyTradingData_6850,True,2026-09-22T13:25:53,2026-09-22T13:25:53,2026-09-22T13:25:53
6850,光鼎生技,25W38,5,47.73,51.7,46.65,48.8,0.3499999999999943,0.72,10.58,0.38,0.0,0.008,0.008,0.0,0.0,0.008,,,,,,,,,,WeeklyTradingData,FinMind_API_WeeklyTradingData_6850,True,2026-09-22T13:25:53,2026-09-22T13:25:53,2026-09-22T13:25:53
6850,光鼎生技,25W39,5,48.8,48.9,46.5,48.8,0.0,0.0,4.92,0.1,0.0,-0.0034,-0.0034,0.0,0.0,-0.0034,,,,,,,,,,WeeklyTradingData,FinMind_API_WeeklyTradingData_6850,True,2026-09-22T13:25:53,2026-09-22T13:25:53,2026-09-22T13:25:53
6850,光鼎生技,25W40,4,48.37,48.8,47.0,48.45,-0.3499999999999943,-0.72,3.72,0.06,0.0,0.0,0.0,0.0,0.0,0.0,,,,,,,,,,WeeklyTradingData,FinMind_API_WeeklyTradingData_6850,True,2026-09-22T13:25:53,2026-09-22T13:25:53,2026-09-22T13:25:53
6850,光鼎生技,25W41,3,47.5,48.45,44.5,46.8,-1.6500000000000057,-3.41,8.32,0.28,0.0,-0.005,-0.005,0.0,0.0,-0.005,,,,,,,,,,WeeklyTradingData,FinMind_API_WeeklyTradingData_6850,True,2026-09-22T13:25:53,2026-09-22T13:25:53,2026-09-22T13:25:53
6850,光鼎生技,25W42,5,46.06,47.0,44.8,45.5,-1.2999999999999972,-2.78,4.78,0.41,0.0,0.003,0.003,0.0,0.0,0.003,,,,,,,,,,WeeklyTradingData,FinMind_API_WeeklyTradingData_6850,True,2026-09-22T13:25:53,2026-09-22T13:25:53,2026-09-22T13:25:53
6850,光鼎生技,25W43,4,45.7,47.7,45.0,47.5,2.0,4.4,5.91,0.12,0.0,0.0,0.0,0.0,0.0,0.0,,,,,,,,,,WeeklyTradingData,FinMind_API_WeeklyTradingData_6850,True,2026-09-22T13:25:53,2026-09-22T13:25:53,2026-09-22T13:25:53
6850,光鼎生技,25W44,5,46.68,47.5,41.0,44.0,-3.5,-7.37,13.92,0.32,0.0,0.0,0.0,0.0,0.0,0.0,,,,,,,,,,WeeklyTradingData,FinMind_API_WeeklyTradingData_6850,True,2026-09-22T13:25:53,2026-09-22T13:25:53,2026-09-22T13:25:53
6850,光鼎生技,25W45,5,43.7,44.0,41.15,43.0,-1.0,-2.27,6.52,0.1,0.0,0.001,0.001,0.0,0.0,0.001,,,,,,,,,,WeeklyTradingData,FinMind_API_WeeklyTradingData_6850,True,2026-09-22T13:25:53,2026-09-22T13:25:53,2026-09-22T13:25:53
6850,光鼎生技,25W46,5,42.94,43.0,40.0,42.5,-0.5,-1.16,6.99,0.07,0.0,0.0,0.0,0.0,0.0,0.0,,,,,,,,,,WeeklyTradingData,FinMind_API_WeeklyTradingData_6850,True,2026-09-22T13:25:53,2026-09-22T13:25:53,2026-09-22T13:25:53
6850,光鼎生技,25W47,5,42.46,43.85,41.5,41.5,-1.0,-2.35,5.53,0.05,0.0,0.0,0.0,0.0,0.0,0.0,,,,,,,,,,WeeklyTradingData,FinMind_API_WeeklyTradingData_6850,True,2026-09-22T13:25:53,2026-09-22T13:25:53,2026-09-22T13:25:53
6850,光鼎生技,25W48,5,41.8,42.75,41.25,42.65,1.1499999999999986,2.77,3.59,0.04,0.0,0.0,0.0,0.0,0.0,0.0,,,,,,,,,,WeeklyTradingData,FinMind_API_WeeklyTradingData_6850,True,2026-09-22T13:25:53,2026-09-22T13:25:53,2026-09-22T13:25:53
6850,光鼎生技,25W49,5,42.61,42.65,41.0,41.25,-1.3999999999999986,-3.28,3.87,0.03,0.0,0.0,0.0,0.0,0.0,0.0,,,,,,,,,,WeeklyTradingData,FinMind_API_WeeklyTradingData_6850,True,2026-09-22T13:25:53,2026-09-22T13:25:53,2026-09-22T13:25:53
6850,光鼎生技,25W50,5,41.13,42.0,40.2,41.5,0.25,0.61,4.38,0.13,0.0,0.0,0.0,0.0,0.0,0.0,,,,,,,,,,WeeklyTradingData,FinMind_API_WeeklyTradingData_6850,True,2026-09-22T13:25:53,2026-09-22T13:25:53,2026-09-22T13:25:53
6850,光鼎生技,25W51,5,41.5,42.5,40.0,41.4,-0.10000000000000142,-0.24,6.02,0.05,0.0,0.0,0.0,0.0,0.0,0.0,,,,,,,,,,WeeklyTradingData,FinMind_API_WeeklyTradingData_6850,True,2026-09-22T13:25:53,2026-09-22T13:25:53,2026-09-22T13:25:53
6850,光鼎生技,25W52,4,40.57,42.45,40.0,42.4,1.0,2.42,6.04,0.02,0.0,0.0,0.0,0.0,0.0,0.0,,,,,,,,,,WeeklyTradingData,FinMind_API_WeeklyTradingData_6850,True,2026-09-22T13:25:53,2026-09-22T13:25:53,2026-09-22T13:25:53
6850,光鼎生技,26W01,4,41.98,42.6,38.0,40.3,-2.1000000000000014,-4.95,10.96,0.25,0.0,-0.004,-0.004,0.0,0.0,-0.004,,,,,,,,,,WeeklyTradingData,FinMind_API_WeeklyTradingData_6850,True,2026-09-22T13:25:53,2026-09-22T13:25:53,2026-09-22T13:25:53
6850,光鼎生技,26W02,5,40.2,45.7,40.05,45.3,5.0,12.41,14.05,0.48,0.0,0.0,0.0,0.0,0.0,0.0,,,,,,,,,,WeeklyTradingData,FinMind_API_WeeklyTradingData_6850,True,2026-09-22T13:25:53,2026-09-22T13:25:53,2026-09-22T13:25:53
6850,光鼎生技,26W03,5,45.2,45.2,0.0,0.0,-45.3,-100.0,100.0,0.13,0.0,0.002,0.002,0.0,0.0,0.002,,,,,,,,,,WeeklyTradingData,FinMind_API_WeeklyTradingData_6850,True,2026-09-22T13:25:53,2026-09-22T13:25:53,2026-09-22T13:25:53
6850,光鼎生技,26W04,5,43.3,44.5,42.5,43.6,43.6,,4.62,0.07,0.0,0.004,0.004,0.0,0.0,0.004,,,,,,,,,,WeeklyTradingData,FinMind_API_WeeklyTradingData_6850,True,2026-09-22T13:25:53,2026-09-22T13:25:53,2026-09-22T13:25:53
6850,光鼎生技,26W05,5,44.14,46.0,43.0,45.4,1.7999999999999972,4.13,6.8,0.17,0.0,0.005,0.005,0.0,0.0,0.005,,,,,,,,,,WeeklyTradingData,FinMind_API_WeeklyTradingData_6850,True,2026-09-22T13:25:53,2026-09-22T13:25:53,2026-09-22T13:25:53
6850,光鼎生技,26W06,5,44.56,45.45,43.7,43.8,-1.6000000000000014,-3.52,3.93,0.09,0.0,0.0,0.0,0.0,0.0,0.0,,,,,,,,,,WeeklyTradingData,FinMind_API_WeeklyTradingData_6850,True,2026-09-22T13:25:53,2026-09-22T13:25:53,2026-09-22T13:25:53
6850,光鼎生技,26W07,3,44.11,45.0,43.35,44.0,0.20000000000000284,0.46,3.74,0.04,0.0,0.0,0.0,0.0,0.0,0.0,,,,,,,,,,WeeklyTradingData,FinMind_API_WeeklyTradingData_6850,True,2026-09-22T13:25:53,2026-09-22T13:25:53,2026-09-22T13:25:53
6850,光鼎生技,26W09,4,44.37,44.5,43.0,43.9,-0.10000000000000142,-0.23,3.38,0.17,0.0,0.0,0.0,0.0,0.0,0.0,,,,,,,,,,WeeklyTradingData,FinMind_API_WeeklyTradingData_6850,True,2026-09-22T13:25:53,2026-09-22T13:25:53,2026-09-22T13:25:53
6850,光鼎生技,26W10,5,43.74,44.5,42.5,44.3,0.3999999999999986,0.91,4.57,0.19,0.0,0.0,0.0,0.0,0.0,0.0,,,,,,,,,,WeeklyTradingData,FinMind_API_WeeklyTradingData_6850,True,2026-09-22T13:25:53,2026-09-22T13:25:53,2026-09-22T13:25:53
6850,光鼎生技,26W11,5,44.1,44.1,42.5,43.1,-1.1999999999999957,-2.71,3.63,0.1,0.0,0.0,0.0,0.0,0.0,0.0,,,,,,,,,,WeeklyTradingData,FinMind_API_WeeklyTradingData_6850,True,2026-09-22T13:25:53,2026-09-22T13:25:53,2026-09-22T13:25:53
6850,光鼎生技,26W12,5,43.3,43.5,42.2,42.2,-0.8999999999999986,-2.09,3.0,0.1,0.0,0.0,0.0,0.0,0.0,0.0,,,,,,,,,,WeeklyTradingData,FinMind_API_WeeklyTradingData_6850,True,2026-09-22T13:25:53,2026-09-22T13:25:53,2026-09-22T13:25:53
6850,光鼎生技,26W13,5,42.2,43.0,40.0,41.2,-1.0,-2.37,7.11,0.22,0.0,-0.005,-0.005,0.0,0.0,-0.005,,,,,,,,,,WeeklyTradingData,FinMind_API_WeeklyTradingData_6850,True,2026-09-22T13:25:53,2026-09-22T13:25:53,2026-09-22T13:25:53
6850,光鼎生技,26W14,4,40.36,40.9,38.0,39.45,-1.75,-4.25,7.19,0.13,0.0,0.0,0.0,0.0,0.0,0.0,,,,,,,,,,WeeklyTradingData,FinMind_API_WeeklyTradingData_6850,True,2026-09-22T13:25:53,2026-09-22T13:25:53,2026-09-22T13:25:53
6850,光鼎生技,26W15,4,39.27,39.45,37.5,38.2,-1.25,-3.17,4.97,0.13,0.0,0.0,0.0,0.0,0.0,0.0,,,,,,,,,,WeeklyTradingData,FinMind_API_WeeklyTradingData_6850,True,2026-09-22T13:25:53,2026-09-22T13:25:53,2026-09-22T13:25:53
6850,光鼎生技,26W16,5,37.94,39.0,36.8,38.0,-0.20000000000000284,-0.52,5.8,0.15,0.0,0.0,0.0,0.0,0.0,0.0,,,,,,,,,,WeeklyTradingData,FinMind_API_WeeklyTradingData_6850,True,2026-09-22T13:25:53,2026-09-22T13:25:53,2026-09-22T13:25:53
6850,光鼎生技,26W17,5,37.42,37.9,35.8,36.15,-1.8500000000000014,-4.87,5.61,0.13,0.0,0.0,0.0,0.0,0.0,0.0,,,,,,,,,,WeeklyTradingData,FinMind_API_WeeklyTradingData_6850,True,2026-09-22T13:25:53,2026-09-22T13:25:53,2026-09-22T13:25:53
6850,光鼎生技,26W18,4,36.27,38.0,36.1,36.5,0.3500000000000014,0.97,5.24,0.09,0.0,0.002,0.002,0.0,0.0,0.002,,,,,,,,,,WeeklyTradingData,FinMind_API_WeeklyTradingData_6850,True,2026-09-22T13:25:53,2026-09-22T13:25:53,2026-09-22T13:25:53
6850,光鼎生技,26W19,5,36.62,37.0,33.8,34.3,-2.200000000000003,-6.03,8.74,0.19,0.0,-0.002,-0.002,0.0,0.0,-0.002,,,,,,,,,,WeeklyTradingData,FinMind_API_WeeklyTradingData_6850,True,2026-09-22T13:25:53,2026-09-22T13:25:53,2026-09-22T13:25:53
6850,光鼎生技,26W20,5,34.34,35.9,34.0,35.2,0.9000000000000057,2.62,5.53,0.12,0.0,0.005,0.005,0.0,0.0,0.005,,,,,,,,,,WeeklyTradingData,FinMind_API_WeeklyTradingData_6850,True,2026-09-22T13:25:53,2026-09-22T13:25:53,2026-09-22T13:25:53
6850,光鼎生技,26W21,5,35.21,36.5,34.2,35.3,0.09999999999999432,0.28,6.53,0.15,0.0,0.001,0.001,0.0,0.0,0.001,,,,,,,,,,WeeklyTradingData,FinMind_API_WeeklyTradingData_6850,True,2026-09-22T13:25:53,2026-09-22T13:25:53,2026-09-22T13:25:53
6850,光鼎生技,26W22,5,35.31,36.3,34.55,35.5,0.20000000000000284,0.57,4.96,0.09,0.0,0.0,0.0,0.0,0.0,0.0,,,,,,,,,,WeeklyTradingData,FinMind_API_WeeklyTradingData_6850,True,2026-09-22T13:25:53,2026-09-22T13:25:53,2026-09-22T13:25:53
6850,光鼎生技,26W23,5,35.08,36.0,34.65,35.8,0.29999999999999716,0.85,3.85,0.12,0.0,0.0,0.0,0.0,0.0,0.0,,,,,,,,,,WeeklyTradingData,FinMind_API_WeeklyTradingData_6850,True,2026-09-22T13:25:53,2026-09-22T13:25:53,2026-09-22T13:25:53
6850,光鼎生技,26W24,5,35.8,35.8,34.3,34.3,-1.5,-4.19,4.19,0.08,0.0,0.0,0.0,0.0,0.0,0.0,,,,,,,,,,WeeklyTradingData,FinMind_API_WeeklyTradingData_6850,True,2026-09-22T13:25:53,2026-09-22T13:25:53,2026-09-22T13:25:53
6850,光鼎生技,26W25,4,34.53,35.05,34.0,34.95,0.6500000000000057,1.9,3.04,0.11,0.0,0.0,0.0,0.0,0.0,0.0,,,,,,,,,,WeeklyTradingData,FinMind_API_WeeklyTradingData_6850,True,2026-09-22T13:25:53,2026-09-22T13:25:53,2026-09-22T13:25:53
6850,光鼎生技,26W26,5,34.25,34.95,33.25,34.4,-0.5500000000000043,-1.57,4.96,0.16,0.0,-0.006,-0.006,0.0,0.0,-0.006,,,,,,,,,,WeeklyTradingData,FinMind_API_WeeklyTradingData_6850,True,2026-09-22T13:25:53,2026-09-22T13:25:53,2026-09-22T13:25:53
6850,光鼎生技,26W27,5,34.02,34.75,33.8,34.25,-0.14999999999999858,-0.44,2.79,0.07,0.0,0.0,0.0,0.0,0.0,0.0,,,,,,,,,,WeeklyTradingData,FinMind_API_WeeklyTradingData_6850,True,2026-09-22T13:25:53,2026-09-22T13:25:53,2026-09-22T13:25:53
6850,光鼎生技,26W28,4,34.03,35.5,33.05,35.0,0.75,2.19,7.2,0.07,0.0,0.003,0.003,0.0,0.0,0.003,,,,,,,,,,WeeklyTradingData,FinMind_API_WeeklyTradingData_6850,True,2026-09-22T13:25:53,2026-09-22T13:25:53,2026-09-22T13:25:53
6850,光鼎生技,26W29,5,35.1,35.6,32.85,32.85,-2.1499999999999986,-6.14,7.83,0.07,0.0,0.0,0.0,0.0,0.0,0.0,,,,,,,,,,WeeklyTradingData,FinMind_API_WeeklyTradingData_6850,True,2026-09-22T13:25:53,2026-09-22T13:25:53,2026-09-22T13:25:53
6850,光鼎生技,26W30,5,33.25,34.0,0.0,0.0,-32.85,-100.0,102.26,0.02,0.0,-0.001,-0.001,0.0,0.0,-0.001,,,,,,,,,,WeeklyTradingData,FinMind_API_WeeklyTradingData_6850,True,2026-09-22T13:25:53,2026-09-22T13:25:53,2026-09-22T13:25:53
6850,光鼎生技,26W31,5,33.19,33.9,33.0,33.8,33.8,,2.71,0.04,0.0,0.0,0.0,0.0,0.0,0.0,,,,,,,,,,WeeklyTradingData,FinMind_API_WeeklyTradingData_6850,True,2026-09-22T13:25:53,2026-09-22T13:25:53,2026-09-22T13:25:53
6850,光鼎生技,26W32,5,33.36,34.4,0.0,33.4,-0.3999999999999986,-1.18,103.12,0.04,0.0,0.0,0.0,0.0,0.0,0.0,,,,,,,,,,WeeklyTradingData,FinMind_API_WeeklyTradingData_6850,True,2026-09-22T13:25:53,2026-09-22T13:25:53,2026-09-22T13:25:53
6850,光鼎生技,26W33,5,33.4,34.25,33.1,33.1,-0.29999999999999716,-0.9,3.44,0.03,0.0,-0.001,-0.001,0.0,0.0,-0.001,,,,,,,,,,WeeklyTradingData,FinMind_API_WeeklyTradingData_6850,True,2026-09-22T13:25:53,2026-09-22T13:25:53,2026-09-22T13:25:53
6850,光鼎生技,26W34,5,33.46,34.0,32.9,33.7,0.6000000000000014,1.81,3.29,0.13,0.0,0.0,0.0,0.0,0.0,0.0,,,,,,,,,,WeeklyTradingData,FinMind_API_WeeklyTradingData_6850,True,2026-09-22T13:25:53,2026-09-22T13:25:53,2026-09-22T13:25:53
6850,光鼎生技,26W35,5,33.55,34.0,32.85,33.3,-0.4000000000000057,-1.19,3.43,0.02,0.0,0.0,0.0,0.0,0.0,0.0,,,,,,,,,,WeeklyTradingData,FinMind_API_WeeklyTradingData_6850,True,2026-09-22T13:25:53,2026-09-22T13:25:53,2026-09-22T13:25:53
6850,光鼎生技,26W36,5,33.12,33.6,0.0,0.0,-33.3,-100.0,101.45,0.06,0.0,0.0,0.0,0.0,0.0,0.0,,,,,,,,,,WeeklyTradingData,FinMind_API_WeeklyTradingData_6850,True,2026-09-22T13:25:53,2026-09-22T13:25:53,2026-09-22T13:25:53
6850,光鼎生技,26W37,5,33.6,33.6,32.05,32.4,32.4,,4.61,0.03,0.0,0.0,0.0,0.0,0.0,0.0,,,,,,,,,,WeeklyTradingData,FinMind_API_WeeklyTradingData_6850,True,2026-09-22T13:25:53,2026-09-22T13:25:53,2026-09-22T13:25:53
6850,光鼎生技,26W38,5,32.37,33.3,0.0,32.3,-0.10000000000000142,-0.31,102.87,0.06,0.0,0.0,0.0,0.0,0.0,0.0,,,,,,,,,,WeeklyTradingData,FinMind_API_WeeklyTradingData_6850,True,2026-09-22T13:25:53,2026-09-22T13:25:53,2026-09-22T13:25:53
6850,光鼎生技,26W39,2,32.15,32.35,31.6,31.7,-0.5999999999999979,-1.86,2.33,0.04,0.0,0.0,0.0,0.0,0.0,0.0,,,,,,,,,,WeeklyTradingData,FinMind_API_WeeklyTradingData_6850,True,2026-09-22T13:25:53,2026-09-22T13:25:53,2026-09-22T13:25:53
