證券代號,證券名稱,申請日期,上櫃審議委員會審議日期,櫃買董事會通過上櫃日期,櫃買同意上櫃契約日期,投標開始日(T-4),投標結束日(T-2),開標日期(T),撥券日(上市上櫃日) T+7,DateStart,DateEnd+14,IPO:股票上櫃買賣日期,I-L,Days,發行性質,殖利率(%),本益比,股價淨值比
4749,新應材,592.0,591.0,610.0,589.0,498.0,540.0,565.0,550.0,2024/07/30,2025/2/6,,,138,初上櫃,,,
7715,裕山,62.3,63.0,61.5,58.0,57.5,58.4,58.5,58.5,2024/07/31,2025/2/4,,,135,初上櫃,,,
6994,富威電力,121.0,138.0,139.5,134.5,137.5,138.0,136.0,137.5,2024/06/25,2025/2/4,,,161,初上市,,,
6931,青松健康,101.5,101.0,100.5,101.0,101.5,101.5,102.0,102.5,2024/09/25,2025/2/4,,,95,初上市,,,
7714,創泓科技,138.0,135.0,137.0,135.0,136.0,135.0,132.0,133.0,2024/08/23,2025/2/4,,,118,初上櫃,,,
7732,金興精密,52.2,55.5,56.0,54.7,52.2,51.7,53.0,52.5,2024/09/18,2025/2/3,,,99,初上市,,,
7712,博盛半導體,201.0,209.0,218.5,220.5,221.0,233.0,262.0,253.0,2024/06/27,2025/1/15,2024/12/26,0.0,145,初上櫃,0.73,29.5,5.07
6982,大井泵浦,82.3,85.4,83.9,84.1,85.1,85.9,81.6,75.6,2024/07/22,2025/1/7,2024/12/18,0.0,122,初上櫃,2.04,27.07,4.1
7704,明遠精密,112.0,110.0,109.5,110.0,109.0,107.0,115.5,112.5,2024/06/18,2025/1/3,2024/12/16,0.0,144,初上櫃,3.49,26.73,2.68
6885,全福生技,47.15,48.85,48.05,47.8,47.55,46.6,40.6,41.35,2024/07/26,2025/1/3,2024/12/16,0.0,116,初上市,0.0,-,2.38
6997,博弘,148.5,152.0,155.0,157.0,148.0,146.0,150.0,150.0,2024/07/30,2025/1/3,2024/12/16,0.0,114,初上櫃,3.2,21.03,7.0
6955,邦睿生技,150.0,153.5,149.0,154.0,154.0,150.0,141.5,141.5,2024/07/26,2024/12/26,2024/12/6,0.0,110,創新板初上市,0.78,59.92,9.45
8045,達運光電,143.5,145.0,144.0,143.0,147.5,160.0,159.5,157.0,2024/06/20,2024/12/31,2024/12/11,0.0,139,初上市,5.2,13.54,5.5
6996,力領科技,290.5,286.5,286.0,285.0,282.5,283.0,284.0,280.5,2024/06/25,2024/12/30,2024/12/10,0.0,135,初上櫃,4.33,15.18,5.15
7722,LINEPAY,562.0,587.0,581.0,569.0,571.0,570.0,537.0,527.0,2024/07/26,2024/12/25,2024/12/5,0.0,109,初上市,0.0,47.42,4.94
6720,久昌,233.0,224.5,211.0,179.5,184.0,159.0,145.0,168.5,2024/07/26,2024/12/24,2024/12/4,0.0,108,初上櫃,1.11,27.15,8.36
6757,台灣虎航,30.35,30.9,31.05,30.85,31.65,31.45,31.1,30.9,2022/12/21,2024/12/19,2023/8/15,472.0,522,創新板轉列上市,0.0,12.59,5.56
7705,三商餐飲,86.5,91.2,90.2,89.4,89.8,90.4,90.0,90.0,2024/06/25,2024/12/16,2024/11/26,0.0,125,初上市,4.53,16.81,3.49
7708,全家餐飲,110.0,113.0,112.5,113.0,112.0,112.0,107.5,107.5,2024/06/27,2024/12/5,2024/11/15,0.0,116,初上櫃,2.72,15.92,2.89
7703,銳澤,171.0,175.0,177.5,176.0,177.0,175.0,174.0,175.5,2024/06/25,2024/12/3,2024/11/13,0.0,116,初上櫃,4.9,21.47,3.06
6988,威力晹,25.1,24.2,23.8,24.25,23.5,23.8,23.8,23.6,2024/04/23,2024/11/12,2024/10/23,0.0,146,創新板初上市,1.34,2620,1.55
2646,星宇航空,28.05,29.0,29.05,29.25,29.05,28.85,28.7,28.55,2024/06/27,2024/11/14,2024/10/25,0.0,101,初上市,0.0,99.11,3.49
8272,全景軟體,84.7,85.9,85.3,84.8,90.1,89.9,90.2,89.5,2024/04/29,2024/11/12,2024/10/23,0.0,142,初上櫃,2.53,23.55,4.98
6919,康霈*,384.0,386.0,380.0,380.0,379.0,377.5,383.0,379.0,2024/04/30,2024/10/22,2024/10/2,0.0,126,初上市,0.0,-,9.26
6913,鴻呈,99.0,99.4,99.5,98.8,99.0,98.3,100.5,105.5,2024/05/30,2024/10/21,2024/10/1,0.0,103,初上櫃,1.59,44.5,3.7
1294,漢田生技,289.5,281.0,249.5,225.0,218.0,209.5,206.0,228.5,2024/04/08,2024/10/16,2024/9/26,0.0,138,初上櫃,4.37,14.29,3.21
6873,泓德能源-創,80.0,79.9,80.2,80.1,79.7,79.7,79.9,80.7,2022/10/31,2024/10/16,2023/3/6,570.0,513,創新板轉列上市,2.0,22.66,3.04
6967,汎瑋材料,69.0,69.6,69.8,69.3,70.0,71.0,70.6,70.2,2024/04/30,2024/10/15,2024/9/25,0.0,121,初上櫃,6.54,18.14,1.63
6923,中台,106.5,105.5,105.5,105.5,104.0,103.0,105.0,105.5,2024/05/02,2024/10/15,2024/9/25,0.0,119,初上市,3.62,23.31,2.77
4772,台特化,188.5,182.0,180.5,181.5,186.5,182.0,178.0,184.0,2024/04/08,2024/10/10,2024/9/20,0.0,134,初上櫃,0.58,71.69,8.26
2751,王座,132.5,130.5,133.5,128.5,129.0,126.0,126.5,126.5,2024/03/28,2024/9/30,2024/9/10,0.0,133,初上櫃,7.68,16.36,2.94
6969,成信實業*,34.5,34.5,34.1,33.75,33.5,35.6,38.5,42.35,2023/12/28,2024/9/27,2024/9/9,0.0,197,創新板初上市,0.0,-,4.95
6739,竹陞科技,91.0,89.5,87.0,89.0,88.0,90.0,88.5,88.0,2024/03/27,2024/9/20,2024/9/2,0.0,128,初上櫃,1.01,45.64,6.5
6958,日盛台駿,54.4,54.8,53.0,52.0,52.7,52.1,51.4,51.0,2023/12/28,2024/9/9,2024/8/20,0.0,183,初上市,4.08,20.42,0.89
6968,萬達寵物,78.9,79.2,80.7,81.2,80.4,80.3,80.8,80.7,2024/03/28,2024/9/3,2024/8/14,0.0,114,初上櫃,1.67,29.8,2.83
6838,台新藥,52.9,55.0,56.2,55.2,56.2,55.7,55.2,54.8,2024/03/29,2024/9/2,2024/8/13,0.0,112,初上市,0.0,-,3.52
7584,樂意,73.3,78.4,78.6,81.9,80.0,78.0,80.8,80.0,2024/03/08,2024/8/14,2024/7/25,0.0,114,初上櫃,5.07,20.13,2.29
3150,鈺寶,39.0,40.0,39.2,39.2,37.2,37.9,36.8,37.1,2023/12/15,2024/7/17,2024/6/27,0.0,154,創新板初上市,2.27,95.41,2.23
6951,青新,60.7,61.2,62.4,64.4,67.7,69.1,70.7,77.3,2023/12/15,2024/7/8,2024/6/18,0.0,147,創新板初上市,3.19,18.4,3.36
6869,雲豹能源-創,70.9,72.8,73.0,74.3,74.6,73.4,73.7,74.2,2022/11/15,2024/7/9,2023/3/14,463.0,431,創新板轉列上市,3.08,84.98,4.19
6637,醫影,75.3,79.1,79.0,78.9,79.7,82.5,83.1,83.2,2023/11/21,2024/7/8,2024/6/18,0.0,165,初上櫃,2.84,16.14,2.65
6952,大武山,70.0,72.2,72.3,70.2,72.0,70.5,70.5,71.0,2023/12/27,2024/7/3,2024/6/13,0.0,136,初上市,2.04,26.49,1.94
6903,巨漢,168.5,167.0,164.0,163.0,163.5,163.0,162.5,163.0,2023/12/19,2024/7/2,2024/6/12,0.0,141,初上櫃,7.16,12.63,2.78
6794,向榮生技,86.5,88.4,88.6,88.4,88.9,88.6,88.3,88.6,2023/11/28,2024/6/10,2024/5/21,0.0,140,創新板初上市,0.0,-,5.71
6771,平和環保,65.4,66.3,65.4,65.0,64.8,64.3,64.2,64.5,2023/11/24,2024/6/6,2024/5/17,0.0,140,創新板初上市,7.62,12.71,1.97
6881,潤德,171.0,173.5,170.5,170.5,171.0,175.0,177.5,178.0,2023/12/21,2024/6/10,2024/5/21,0.0,123,初上櫃,3.85,17.64,4.2
6423,億而得,124.5,132.0,129.0,127.0,124.0,122.0,122.5,122.5,2023/12/12,2024/6/4,2024/5/15,0.0,126,創新板初上市,1.02,99.19,5.24
6928,攸泰科技,81.0,79.9,80.0,79.0,80.0,80.2,79.0,79.8,2023/12/15,2024/6/5,2024/5/16,0.0,124,初上市,1.26,-,3.17
1563,巧新,79.2,79.3,79.5,78.2,77.3,75.9,76.1,78.8,2023/12/18,2024/5/31,2024/5/13,0.0,120,初上市,2.96,19.09,1.48
6953,家碩,254.0,253.0,250.0,251.5,250.5,251.5,254.0,254.0,2023/12/28,2024/5/31,2024/5/13,0.0,112,初上櫃,2.05,35.32,4.37
4949,有成精密,68.1,67.8,67.0,67.0,67.0,65.0,64.73,64.0,2023/11/20,2024/5/29,2024/5/9,0.0,138,初上市,10.62,-,0.99
6914,阜爾運通,151.5,154.5,155.5,153.5,152.0,152.5,152.5,152.0,2023/09/15,2024/5/23,2024/5/3,0.0,180,初上市,3.84,16.67,2.36
6899,創為精密,71.8,71.4,70.0,70.0,70.5,70.5,71.0,72.0,2023/09/19,2024/4/26,2024/4/8,0.0,159,初上櫃,6.21,16.76,1.19
8487,愛爾達,68.5,69.0,67.5,66.4,63.7,66.1,65.9,65.9,2023/10/27,2024/4/15,2024/3/26,0.0,122,創新板初上市,5.98,11.31,3.04
6929,佑全,118.0,115.0,118.0,118.0,118.0,116.0,115.0,116.0,2023/09/14,2024/4/17,2024/3/28,0.0,155,初上櫃,0.66,,1.6
6875,國邑*,89.4,89.1,88.1,85.1,84.7,83.4,84.6,86.5,2023/09/26,2024/4/15,2024/3/26,0.0,145,初上櫃,0.0,,3.68
3168,眾福科,68.8,69.7,69.7,69.8,68.2,68.4,67.4,67.3,2023/10/20,2024/4/15,2024/3/26,0.0,127,初上市,7.75,16.42,1.88
2941,米斯特,109.5,109.5,109.5,111.0,111.0,108.5,108.5,109.5,2023/10/12,2024/4/9,2024/3/20,0.0,129,初上櫃,5.3,19.29,2.55
5548,安倉,22.3,22.6,23.15,22.6,22.5,22.3,22.6,22.6,2023/10/12,2024/4/5,2024/3/18,0.0,127,初上櫃,5.47,13.43,1.69
4771,望隼,239.5,241.0,237.5,238.0,239.0,239.0,241.0,239.5,2023/10/19,2024/4/5,2024/3/18,0.0,122,初上市,1.9,14.37,2.92
8162,微矽電子,40.85,40.7,40.95,40.45,40.9,40.75,40.85,40.85,2023/10/27,2024/3/27,2024/3/7,0.0,109,創新板初上市,1.24,33.58,1.97
6844,諾貝兒,207.5,206.5,204.5,203.0,200.5,205.0,207.5,203.0,2023/07/28,2024/3/28,2024/3/8,0.0,175,初上櫃,4.23,44.17,1.65
6692,進能服,43.15,44.0,44.0,46.8,45.95,45.5,46.1,46.0,2023/06/12,2024/2/22,2024/2/2,0.0,184,初上櫃,3.76,,2.24
4588,玖鼎電力,79.5,80.8,81.3,79.8,80.5,80.7,80.5,80.4,2023/09/28,2024/2/16,2024/1/29,0.0,102,初上市,3.54,24.06,4.24
6785,昱展新藥,191.0,194.0,194.5,192.0,188.0,189.0,186.0,189.0,2023/03/06,2024/2/13,2024/1/24,0.0,247,初上櫃,1.04,24,3.9
6906,現觀科,154.5,152.0,151.5,150.0,148.5,147.5,143.5,143.5,2023/07/31,2024/2/2,2024/1/15,0.0,135,初上市,2.14,42.45,5.29
6534,正瀚-創,68.3,72.0,75.4,79.3,80.0,80.0,80.5,80.3,2022/12/28,2024/1/10,2023/12/21,0.0,271,創新板初上市,5.09,21.64,3.15
6645,金萬林,38.25,40.1,41.5,45.25,44.9,41.15,43.95,38.7,2023/06/09,2024/1/10,2023/12/21,0.0,154,創新板初上市,0.0,-,2.5
2949,欣新網,140.0,145.0,142.0,140.0,140.0,139.5,139.5,135.5,2023/07/13,2024/1/4,2023/12/15,0.0,126,初上櫃,3.03,21.6,2.06
6937,天虹,184.5,183.5,192.5,189.0,197.0,220.0,234.0,241.5,2023/07/28,2024/1/1,2023/12/12,0.0,112,初上市,0.55,59.65,7.47
2948,寶陞國際,80.3,81.4,82.5,82.7,82.4,83.8,81.2,82.5,2023/07/31,2024/1/1,2023/12/12,0.0,111,初上櫃,6.9,22.86,1.42
6904,伯鑫,144.0,144.0,143.5,149.0,149.0,146.0,149.0,149.0,2023/06/27,2023/12/25,2023/12/5,0.0,130,初上櫃,2.91,14.84,2.53
6742,澤米,102.0,100.0,98.2,100.0,99.9,99.6,99.7,97.8,2023/04/28,2023/12/25,2023/12/5,0.0,172,初上市,1.83,-,3.3
6916,華凌,32.85,34.6,36.45,35.9,35.95,35.95,34.5,33.15,2023/07/31,2023/12/25,2023/12/5,0.0,106,初上市,4.38,149.69,1.43
6894,衛司特,198.5,190.0,185.0,183.0,179.5,185.5,184.5,183.0,2023/06/05,2023/12/19,2023/11/29,0.0,142,初上櫃,3.61,21.03,3.0
5292,華懋,108.0,113.5,117.0,125.0,122.0,123.0,123.0,116.5,2023/06/30,2023/12/11,2023/11/21,0.0,117,初上市,3.57,16.63,3.78
6922,宸曜,160.5,163.0,162.0,161.0,157.5,159.5,158.0,159.0,2023/04/26,2023/11/29,2023/11/9,0.0,156,初上櫃,1.69,34.14,5.88
6805,富世達,169.5,172.0,169.0,168.0,178.5,177.0,183.5,187.0,2023/03/27,2023/11/29,2023/11/9,0.0,178,初上市,0.7,54.29,10.43
6658,聯策,49.2,52.2,51.3,51.2,50.1,50.8,50.6,50.2,2023/04/26,2023/11/22,2023/11/2,0.0,151,初上市,1.56,365.71,2.34
6856,鑫傳,80.6,80.9,77.6,81.2,78.0,79.0,79.0,79.5,2023/05/31,2023/11/16,2023/10/27,0.0,122,初上櫃,6.1,14.6,2.31
2254,巨鎧精密,99.0,100.0,99.9,99.9,97.0,96.7,95.1,99.9,2023/05/22,2023/11/9,2023/10/20,0.0,124,創新板初上市,0.0,-,4.3
6526,達發,575.0,542.0,535.0,534.0,538.0,547.0,545.0,533.0,2022/12/27,2023/11/8,2023/10/19,0.0,227,初上市,0.75,50.15,6.19
6901,鑽石生技,84.7,87.2,87.2,86.0,87.6,90.4,93.8,91.7,2023/03/27,2023/10/9,2023/9/19,0.0,141,初上市,0.0,-,2.39
6870,騰雲,143.5,143.0,144.5,144.0,144.5,144.0,143.0,142.5,2023/04/27,2023/10/4,2023/9/14,0.0,115,初上櫃,1.72,61.36,5.41
6895,宏碩系統,163.5,163.0,162.0,166.0,156.0,160.0,159.0,169.0,2023/03/30,2023/9/11,2023/8/22,0.0,118,初上櫃,1.15,88.02,6.66
2073,雄順,30.0,30.05,31.0,30.2,30.4,30.4,30.3,30.2,2022/10/31,2023/7/11,2023/6/21,0.0,182,初上櫃,2.21,39.42,1.71
6877,鏵友益,38.2,38.5,38.5,38.5,38.2,38.9,39.0,39.95,2022/10/26,2023/7/6,2023/6/16,0.0,182,初上櫃,1.1,763.33,5.84
6657,華安,39.35,43.65,41.85,41.85,41.95,44.3,43.15,42.35,2022/12/20,2023/6/30,2023/6/12,0.0,139,初上市,0.0,-,6.18
6821,聯寶,35.2,35.6,35.5,35.7,35.5,35.9,36.7,36.6,2022/11/17,2023/6/9,2023/5/22,0.0,147,初上櫃,3.41,51.99,2.27
6584,南俊國際,65.9,64.7,65.0,65.3,61.9,61.9,61.9,62.0,2022/09/30,2023/6/7,2023/5/18,0.0,179,初上櫃,0.6,69.96,5.47
6846,綠茵生技,70.0,70.0,68.8,71.0,70.2,71.2,70.2,70.7,2022/10/26,2023/6/2,2023/5/15,0.0,158,初上櫃,4.55,15.55,2.58
6861,睿生光電,85.0,88.0,97.0,98.0,93.5,90.0,91.0,91.0,2022/07/25,2023/4/14,2023/3/27,0.0,190,初上市,1.82,21.12,1.81
6840,東研信超,97.2,96.9,93.1,91.3,91.0,91.0,91.0,91.0,2022/08/31,2023/4/13,2023/3/24,0.0,162,初上櫃,1.93,,1.55
6606,建德工業,28.45,28.4,28.9,28.8,29.2,29.0,29.0,29.2,2022/09/30,2023/4/13,2023/3/24,0.0,140,初上市,5.56,28.42,1.65
2645,長榮航太,83.9,85.6,84.3,81.8,81.2,77.0,77.9,77.0,2022/09/21,2023/4/3,2023/3/14,0.0,139,初上市,4.55,22,2.92
6753,龍德造船,69.8,68.3,66.4,67.6,66.1,65.9,65.6,65.5,2022/09/27,2023/3/30,2023/3/10,0.0,133,初上市,1.58,14.21,3.22
6841,長佳智能,85.9,85.0,84.7,81.7,90.0,86.9,89.0,87.7,2022/04/28,2023/3/21,2023/3/1,0.0,234,初上櫃,1.33,,3.95
6865,偉康,91.1,90.5,95.0,93.2,95.0,92.0,93.2,98.0,2022/09/06,2023/1/31,2023/1/11,0.0,106,初上櫃,2.56,46.22,2.47
6708,天擎,59.9,64.3,72.0,71.0,69.3,70.7,69.4,68.7,2022/07/20,2023/1/18,2022/12/29,0.0,131,初上櫃,0.74,,3.93
8227,巨有科技,68.6,68.3,67.2,65.9,64.5,64.3,65.0,64.1,2022/07/21,2023/1/9,2022/12/20,0.0,123,初上櫃,1.26,107.99,6.61
6517,保勝光學,34.25,34.4,33.95,33.75,33.8,34.0,34.15,33.75,2022/07/21,2023/1/4,2022/12/15,0.0,120,初上櫃,2.01,23.21,3.6
3447,展達,35.75,37.3,36.85,36.85,37.5,38.5,37.9,38.1,2022/07/25,2023/1/4,2022/12/15,0.0,118,初上市,0.0,-,3.99
6874,倍力,82.5,78.4,78.4,78.4,78.4,78.4,78.3,77.8,2022/07/29,2023/1/3,2022/12/14,0.0,113,初上櫃,4.0,22.2,4.39
6859,伯特光,135.0,134.0,135.5,137.0,140.0,137.0,140.5,140.5,2022/07/13,2022/12/16,2022/11/28,0.0,113,初上櫃,1.02,307.03,4.31
6782,視陽,299.5,296.5,310.5,301.5,299.0,302.0,304.5,308.0,2022/07/21,2022/12/16,2022/11/28,0.0,107,初上市,1.37,17.87,2.94
6843,進典,53.1,52.0,51.9,51.9,54.5,52.9,52.9,51.0,2022/05/13,2022/12/9,2022/11/21,0.0,151,初上櫃,4.84,21.45,2.13
6791,虎門科技,55.0,56.9,56.0,54.2,56.9,56.9,56.9,55.0,2022/06/30,2022/12/2,2022/11/14,0.0,112,初上櫃,2.64,29.68,5.95
6835,圓裕,51.5,52.0,52.1,52.2,51.0,51.0,50.0,50.7,2022/06/30,2022/11/30,2022/11/10,0.0,110,初上市,4.88,12.09,1.58
6695,芯鼎,57.1,55.9,56.7,55.8,50.0,54.4,54.5,51.7,2022/06/30,2022/11/24,2022/11/4,0.0,106,初上市,0.0,-,3.69
4951,精拓科,81.0,81.8,82.0,79.9,78.4,78.0,76.3,76.2,2022/05/31,2022/11/23,2022/11/3,0.0,127,初上櫃,3.77,16.2,2.64
6855,數泓科,96.1,100.5,100.5,102.0,103.0,101.0,98.5,100.0,2022/04/28,2022/10/26,2022/10/6,0.0,130,初上櫃,2.88,21.09,4.47
4584,君帆,72.5,74.0,73.2,72.3,73.9,73.1,73.1,72.3,2022/04/28,2022/10/25,2022/10/5,0.0,129,初上櫃,3.15,16.84,1.91
6689,伊雲谷,218.7,226.0,219.01,222.99,219.7,220.99,220.99,216.8,2022/05/04,2022/10/3,2022/9/13,0.0,109,初上市,1.65,44.49,2.82
3430,奇鈦科,52.9,56.0,56.2,57.5,56.8,55.2,55.3,58.2,2022/04/29,2022/9/28,2022/9/8,0.0,109,初上櫃,3.24,15.35,1.93
6834,天二科技,48.4,49.25,49.6,49.4,49.15,49.0,48.8,48.65,2022/04/07,2022/9/21,2022/9/1,0.0,120,初上市,0.0,232.69,1.84
6830,汎銓,170.0,170.5,170.5,169.0,166.5,167.5,163.5,163.5,2022/04/19,2022/9/20,2022/8/31,0.0,111,初上市,2.87,69.47,2.6
6811,宏碁資訊,209.5,208.5,204.0,201.5,201.0,200.0,199.0,199.5,2022/03/31,2022/8/29,2022/8/9,0.0,108,初上櫃,2.94,22.04,5.83
6823,濾能,174.0,174.0,174.0,171.5,170.0,171.5,164.5,161.5,2021/12/27,2022/7/20,2022/6/30,0.0,148,初上櫃,0.0,,2.9
6789,采鈺,524.0,539.0,560.0,541.0,532.0,531.0,520.0,521.0,2021/12/29,2022/7/20,2022/6/30,0.0,146,初上市,0.32,80.81,5.61
4577,達航,32.0,32.5,32.55,33.95,33.15,32.8,33.2,39.9,2021/12/10,2022/7/4,2022/6/14,0.0,147,初上櫃,0.0,,1.59
6796,晉弘,63.9,66.2,65.8,66.1,66.1,65.9,65.3,64.9,2021/12/08,2022/6/21,2022/6/1,0.0,140,初上市,2.02,-,4.38
6546,正基,101.5,99.1,98.8,98.5,99.0,107.5,112.0,112.0,2021/12/30,2022/6/13,2022/5/24,0.0,118,初上櫃,2.22,50.81,5.22
5228,鈺鎧,29.95,31.0,30.5,31.3,31.1,30.0,30.2,29.9,2021/12/16,2022/6/9,2022/5/20,0.0,126,初上櫃,0.0,,1.35
6585,鼎基,81.9,80.6,81.2,84.2,83.5,82.7,82.6,82.5,2021/11/25,2022/6/9,2022/5/20,0.0,141,初上市,2.64,14.89,2.77
6799,來頡,315.5,293.0,306.5,322.0,301.0,297.5,297.0,298.0,2021/11/22,2022/6/1,2022/5/12,0.0,138,初上市,3.26,25.66,2.55
4583,台灣精銳,301.5,302.0,302.0,302.0,302.0,287.0,283.0,280.5,2021/09/27,2022/5/27,2022/5/9,0.0,175,初上市,1.14,68.59,7.08
6721,信實,66.4,66.2,66.5,67.0,66.6,67.0,67.0,67.5,2021/10/13,2022/5/19,2022/4/29,0.0,157,初上櫃,4.42,13.36,2.2
6735,美達科技,124.0,133.0,133.5,132.5,131.5,130.5,137.0,150.0,2021/11/24,2022/5/19,2022/4/29,0.0,127,初上櫃,1.34,24.98,2.61
4768,晶呈科技,126.5,124.0,119.0,115.5,114.0,114.0,112.0,112.0,2021/09/29,2022/5/3,2022/4/13,0.0,155,初上櫃,2.22,68.18,4.97
4583,台灣精銳,301.5,302.0,302.0,302.0,302.0,287.0,283.0,280.5,2021/09/27,2022/5/27,2022/5/9,0.0,175,初上市,1.14,68.59,7.08
6804,明係,41.0,42.0,40.55,41.95,42.0,41.05,40.55,41.0,2021/10/08,2022/4/20,2022/3/31,0.0,139,初上櫃,9.15,31.56,0.75
3349,寶德,20.55,20.5,20.5,21.05,21.3,22.15,22.0,22.5,2021/10/13,2022/4/12,2022/3/23,0.0,130,初上櫃,0.0,,2.33
4558,寶緯,51.0,51.2,51.5,51.0,51.1,50.5,50.9,51.5,2021/10/28,2022/4/6,2022/3/17,0.0,115,初上櫃,0.0,196.47,1.84
6763,綠界科技,1325.0,1360.0,1340.0,1305.0,1280.0,1250.0,1260.0,1260.0,2021/10/27,2022/4/4,2022/3/15,0.0,114,初上櫃,2.87,31.49,4.08
4923,力士,61.0,59.7,58.0,58.2,58.0,60.3,60.4,59.7,2021/09/30,2022/4/1,2022/3/14,0.0,132,初上櫃,5.79,,1.9
8438,昶昕,46.85,49.3,51.8,62.0,54.5,53.2,53.5,53.4,2021/10/29,2022/3/31,2022/3/11,0.0,110,初上市,2.94,14.06,1.19
6829,千附精密,85.1,87.1,85.9,83.8,83.2,83.7,83.6,81.4,2021/10/08,2022/3/31,2022/3/11,0.0,125,初上櫃,2.48,29.8,3.8
6693,廣閎科,93.5,92.4,83.9,87.5,87.6,87.7,87.8,87.9,2021/09/29,2022/3/21,2022/3/1,0.0,124,初上櫃,1.17,47.6,3.38
5244,弘凱,50.4,50.3,48.55,46.15,47.5,47.6,48.0,48.0,2021/09/29,2022/2/8,2022/1/19,0.0,95,初上市,2.62,18.6,1.73
2756,聯發國際,132.0,133.0,133.5,131.0,131.0,144.0,134.5,134.5,2021/07/30,2022/2/3,2022/1/14,0.0,135,初上櫃,6.35,30.69,3.24
6719,力智,528.0,519.0,512.0,513.0,508.0,509.0,561.0,583.0,2021/09/14,2022/2/2,2022/1/13,0.0,102,初上市,0.91,93.56,1.68
3592,瑞鼎,408.5,400.5,388.5,386.0,379.5,380.5,383.0,399.5,2021/08/23,2022/1/27,2022/1/7,0.0,114,初上市,3.92,14.06,2.52
6691,洋基工程,254.5,253.5,253.0,245.0,225.0,222.0,238.5,250.0,2021/08/13,2022/1/21,2022/1/3,0.0,116,初上市,4.03,26.9,8.33
4770,上品,228.0,234.0,239.5,236.5,226.5,226.0,223.0,225.5,2021/08/03,2022/1/11,2021/12/22,0.0,116,初上市,3.95,14.29,3.05
6792,詠業,130.5,130.5,128.5,129.0,132.5,138.0,137.0,133.5,2021/07/29,2021/12/28,2021/12/8,0.0,109,初上市,5.8,32.51,1.84
6770,力積電,67.8,69.5,70.6,72.3,72.4,71.7,69.1,68.4,2021/07/30,2021/12/24,2021/12/6,0.0,106,初上市,0.0,-,0.72
2945,三商家購,93.5,101.5,100.0,98.2,100.0,98.4,100.0,99.9,2021/04/12,2021/12/20,2021/11/30,0.0,181,初上市,3.08,19.8,1.41
6806,森崴能源,126.5,133.0,136.0,140.5,139.5,134.0,136.0,135.0,2021/06/30,2021/12/3,2021/11/15,0.0,113,初上市,1.26,32.25,2.1
6761,穩得,99.1,104.0,105.0,99.5,105.5,113.5,113.5,120.5,2021/06/07,2021/11/26,2021/11/8,0.0,125,初上櫃,4.26,15.15,2.12
6806,森崴能源,126.5,133.0,136.0,140.5,139.5,134.0,136.0,135.0,2021/06/30,2021/12/3,2021/11/15,0.0,113,初上市,1.26,32.25,2.1
2945,三商家購,93.5,101.5,100.0,98.2,100.0,98.4,100.0,99.9,2021/04/12,2021/12/20,2021/11/30,0.0,181,初上市,3.08,19.8,1.41
5222,全訊,118.0,117.5,125.0,125.0,142.0,146.5,142.5,139.5,2021/06/07,2021/11/12,2021/10/25,0.0,115,初上市,3.29,22.58,4.2
4440,宜新實業,52.1,52.5,55.2,53.7,52.6,51.0,50.6,50.0,2021/07/05,2021/11/12,2021/10/25,0.0,95,初上市,4.24,13.96,1.2
2947,振宇五金,115.0,117.5,112.5,115.5,114.0,112.0,113.5,113.5,2021/04/29,2021/10/26,2021/10/6,0.0,129,初上櫃,1.56,25.49,2.14
6790,永豐實,69.1,71.0,69.9,70.0,69.3,69.6,69.9,68.5,2021/04/29,2021/10/19,2021/9/29,0.0,124,初上市,7.35,12,1.97
6788,華景電,170.0,169.0,158.5,150.0,146.0,146.0,148.0,148.5,2021/04/28,2021/10/19,2021/9/29,0.0,125,初上櫃,2.6,22.45,3.82
2753,八方雲集,180.0,183.5,184.5,190.5,197.5,195.0,194.0,194.5,2021/04/28,2021/9/29,2021/9/9,0.0,111,初上市,4.71,17.37,2.92
6684,安格,108.0,115.0,119.0,116.5,112.0,109.5,115.0,113.5,2021/03/31,2021/8/31,2021/8/11,0.0,110,初上櫃,0.0,,1.87
5236,凌陽創新,193.0,223.5,229.5,227.0,224.0,226.5,238.0,240.5,2021/03/24,2021/8/18,2021/7/29,0.0,106,初上櫃,4.58,18.39,3.6
3357,臺慶科,33.87,33.8,33.64,33.75,33.5,33.7,31.95,32.49,2020/11/19,2021/5/17,2021/4/27,0.0,128,初上櫃,3.72,19.77,1.72
2211,長榮鋼,43.35,43.6,43.5,43.35,43.4,43.2,44.45,46.1,2020/08/28,2021/4/30,2021/4/12,0.0,176,初上市,7.24,15.02,1.44
6776,展碁國際,39.25,39.45,39.4,38.85,38.15,38.15,38.6,39.25,2020/10/23,2021/4/20,2021/3/31,0.0,128,初上市,5.7,13.41,2.37
6651,全宇昕,72.5,71.1,68.8,66.8,69.2,69.5,69.5,69.9,2020/09/23,2021/2/19,2021/2/1,0.0,108,初上櫃,4.52,14.52,2.51
6733,博晟生醫,39.65,41.65,40.95,38.8,39.15,39.05,39.95,39.05,2020/08/31,2021/2/17,2021/1/28,0.0,123,初上櫃,0.0,,4.86
6661,威健生技,38.4,38.4,35.0,35.8,36.0,34.0,34.2,34.2,2020/09/14,2021/2/16,2021/1/27,0.0,112,初上櫃,0.0,,1.87
6767,台微醫,41.2,41.7,42.5,43.65,49.0,51.2,48.2,48.2,2020/09/07,2021/2/12,2021/1/25,0.0,115,初上櫃,0.0,,3.07
6515,穎崴,410.0,427.5,418.5,417.0,411.0,406.0,398.5,391.5,2020/09/29,2021/2/9,2021/1/20,0.0,96,初上市,1.0,43.46,8.58
6747,亨泰光,153.0,150.5,147.5,150.5,148.0,149.0,149.0,152.5,2020/07/31,2021/2/8,2021/1/19,0.0,137,初上櫃,4.96,24.27,2.65
6712,長聖,206.0,204.0,210.5,209.0,207.0,208.0,208.5,207.5,2020/08/24,2021/1/28,2021/1/8,0.0,114,初上櫃,3.97,56.03,9.0
6751,智聯服務,120.0,123.5,124.0,123.5,124.0,123.0,115.0,116.5,2020/07/20,2021/1/14,2020/12/25,0.0,129,初上櫃,3.54,60.11,1.46
6728,上洋,67.0,65.1,67.0,67.4,66.5,66.0,68.9,67.5,2020/04/23,2021/1/14,2020/12/25,0.0,191,初上櫃,4.05,12.85,2.0
6756,威鋒電子,347.5,345.5,332.0,322.5,320.5,320.0,322.5,324.5,2020/08/05,2021/1/13,2020/12/24,0.0,116,初上市,1.66,59.36,2.99
6762,達亞,234.0,233.5,233.0,233.5,236.0,238.0,243.0,252.0,2020/08/28,2021/1/7,2020/12/18,0.0,95,初上櫃,0.73,351.28,6.67
2755,揚秦,67.1,71.8,70.1,70.2,69.2,69.4,69.5,69.4,2020/06/22,2021/1/5,2020/12/16,0.0,142,初上櫃,3.55,18.76,3.95
6743,安普新,111.5,109.0,110.0,108.0,107.5,107.0,106.0,106.0,2020/08/28,2021/1/1,2020/12/14,0.0,91,初上市,1.21,17.86,2.06
3138,耀登科技,80.8,80.5,80.0,80.2,79.9,80.2,80.9,78.2,2020/07/31,2020/12/31,2020/12/11,0.0,110,初上市,2.29,37.71,2.7
6752,叡揚資訊,66.3,64.1,65.0,64.1,67.6,67.6,67.8,68.4,2020/07/29,2020/12/30,2020/12/10,0.0,111,初上櫃,3.0,20.64,3.91
6727,亞泰金屬,84.2,82.6,81.7,79.8,74.4,74.4,75.8,75.7,2020/07/22,2020/12/21,2020/12/1,0.0,109,初上櫃,2.4,16.39,1.77
1342,八貫,90.3,90.9,88.4,85.6,81.2,80.3,85.0,83.1,2020/06/24,2020/12/14,2020/11/24,0.0,124,初上市,6.01,15.43,3.43
4945,陞達科技,55.9,65.0,68.4,65.9,63.7,63.8,67.0,65.9,2020/06/18,2020/12/10,2020/11/20,0.0,126,初上櫃,2.69,29.52,3.34
7556,意德士,115.0,124.0,114.0,116.0,131.0,160.0,137.0,132.0,2020/06/23,2020/11/19,2020/10/30,0.0,108,初上櫃,2.23,25.62,3.3
6703,軒郁,85.0,84.2,85.1,87.0,86.5,88.3,91.4,91.6,2020/04/27,2020/11/9,2020/10/20,0.0,141,初上櫃,8.14,13.46,3.88
2247,汎德永業,201.99,208.9,230.0,274.0,250.01,252.99,246.0,244.0,2019/11/25,2020/10/30,2020/10/12,0.0,245,初上市,6.05,12.87,1.87
8089,康全電訊,29.0,31.2,31.0,30.7,31.5,31.85,31.6,32.15,2020/04/28,2020/10/13,2020/9/23,0.0,121,初上櫃,0.0,14.44,3.35
2754,亞洲藏壽司,105.69,104.0,103.51,102.01,104.32,103.71,104.2,104.59,2019/12/30,2020/10/7,2020/9/17,0.0,203,初上櫃,1.72,40.6,2.45
2241,艾姆勒,46.65,48.0,48.0,48.15,48.45,48.9,52.0,54.0,2020/04/29,2020/9/15,2020/8/26,0.0,100,初上市,0.0,-,2.04
6754,匯僑設計,40.0,42.5,41.5,41.15,41.1,40.1,40.5,41.45,2020/04/24,2020/9/14,2020/8/25,0.0,102,初上市,5.37,10.43,1.88
6588,東典光電,101.6,103.1,112.33,113.73,110.73,108.2,115.8,117.46,2019/11/26,2020/7/21,2020/7/1,0.0,171,初上櫃,0.0,,1.69
6732,昇佳電子,796.49,787.5,784.0,775.0,765.99,769.99,775.99,766.0,2019/12/19,2020/6/26,2020/6/8,0.0,137,初上櫃,4.85,19.79,2.93
8284,三竹,66.19,66.19,65.5,65.2,66.18,66.5,66.02,66.11,2019/12/05,2020/6/5,2020/5/18,0.0,132,初上櫃,5.22,13.65,2.47
3543,州巧,19.95,20.16,20.16,20.27,20.25,20.1,20.16,20.11,2019/11/20,2020/5/5,2020/4/15,0.0,120,初上市,4.31,-,0.78
6716,應廣,40.93,42.58,42.99,42.3,42.0,42.97,44.0,44.25,2019/10/30,2020/4/16,2020/3/27,0.0,122,初上櫃,2.46,17.66,3.13
2743,山富,17.7,18.78,18.0,19.15,19.7,19.14,19.12,19.3,2019/10/07,2020/3/27,2020/3/9,0.0,125,初上櫃,3.02,11.11,3.52
3597,映興電子,19.05,18.4,18.8,18.8,19.33,19.29,19.1,19.21,2019/09/25,2020/3/27,2020/3/9,0.0,133,初上櫃,0.74,82.35,2.71
4580,捷流閥業,106.99,105.01,105.0,104.9,104.99,106.25,105.0,105.0,2019/09/03,2020/1/24,2020/1/6,0.0,104,初上櫃,5.17,12.13,1.68
6697,東捷資訊,42.4,43.0,42.0,43.0,42.0,44.2,42.0,41.8,2019/08/23,2020/1/15,2019/12/26,0.0,104,初上櫃,4.81,17.58,2.15
6527,明達醫,78.99,79.99,85.28,81.5,84.0,88.0,88.0,87.21,2019/08/29,2020/1/14,2019/12/25,0.0,99,初上櫃,2.43,18.68,2.37
6706,惠特科技,68.7,69.65,68.8,68.95,69.0,68.8,68.9,68.91,2019/09/25,2020/1/8,2019/12/19,0.0,76,初上市,0.0,-,2.63
6715,嘉基,103.98,104.99,104.71,105.49,106.2,105.0,105.85,103.93,2019/07/11,2020/1/1,2019/12/12,0.0,125,初上市,2.16,28.28,2.85
6592,和潤企業,141.69,140.0,137.5,135.95,134.37,128.51,119.5,124.5,2019/10/01,2019/12/27,2019/12/9,0.0,64,初上市,5.06,16.36,1.54
6698,旭暉應材,74.52,76.0,80.49,79.3,80.0,79.25,77.87,79.0,2019/06/25,2019/12/13,2019/11/25,0.0,124,初上市,0.0,-,2.15
6690,安碁資訊,103.0,108.0,105.5,106.0,118.0,119.47,126.31,125.5,2019/06/28,2019/11/19,2019/10/30,0.0,103,初上櫃,2.54,20.96,3.37
6491,晶碩,226.0,226.0,224.0,224.0,224.0,225.0,223.0,222.0,2019/05/31,2019/10/25,2019/10/7,0.0,106,初上市,2.6,15.01,2.83
2752,豆府,140.39,140.3,138.99,138.0,139.89,138.99,137.0,138.99,2019/05/28,2019/10/15,2019/9/25,0.0,101,初上櫃,5.56,16.97,5.13
6642,富致,38.59,40.49,42.5,42.2,41.2,41.59,41.2,43.1,2019/04/11,2019/10/11,2019/9/23,0.0,132,初上櫃,2.16,21.92,2.48
4931,新盛力,23.99,24.7,24.8,25.0,24.87,24.65,25.2,24.6,2019/04/26,2019/10/7,2019/9/17,0.0,117,初上櫃,1.06,28.71,4.4
6680,鑫創電子,79.0,80.5,84.19,82.9,81.0,81.52,81.27,81.26,2019/04/11,2019/10/4,2019/9/16,0.0,127,初上櫃,2.53,35.86,3.91
4572,駐龍,179.95,176.5,174.52,176.91,177.99,178.12,177.49,175.5,2019/04/17,2019/9/30,2019/9/10,0.0,119,初上市,3.28,22.83,2.94
4576,大銀微系統,120.5,124.0,120.5,118.5,119.0,119.0,116.0,115.0,2019/04/30,2019/9/24,2019/9/4,0.0,106,初上市,0.07,593.75,4.49
6589,台康生技,30.99,30.98,30.5,30.7,30.99,30.99,30.7,30.8,2018/12/18,2019/7/18,2019/6/28,0.0,153,初上櫃,0.0,,2.32
6649,台生材,47.88,47.1,48.0,48.5,47.0,47.1,46.5,47.2,2018/11/30,2019/6/25,2019/6/5,0.0,148,初上櫃,0.0,,2.29
6624,萬年清,62.6,62.6,62.6,62.6,62.3,61.62,64.0,64.0,2018/12/05,2019/6/17,2019/5/28,0.0,139,初上櫃,2.67,196.84,1.86
5283,禾聯碩,103.5,104.0,103.0,104.0,103.59,102.0,103.1,102.39,2018/11/09,2019/6/13,2019/5/24,0.0,155,初上市,7.8,15.53,1.74
6679,鈺太科技,58.9,59.28,59.39,60.36,60.36,64.5,63.8,62.8,2018/11/26,2019/5/29,2019/5/9,0.0,133,初上櫃,1.68,42.32,3.48
6516,勤崴,152.0,156.0,155.79,151.0,155.0,158.0,158.0,157.0,2018/11/22,2019/5/24,2019/5/6,0.0,132,初上櫃,2.93,56.78,3.63
6683,雍智科技,89.5,92.5,90.0,89.0,89.0,88.01,90.0,90.0,2018/12/11,2019/5/13,2019/4/23,0.0,110,初上櫃,1.57,27.31,4.73
6669,緯穎,368.0,377.79,352.0,361.15,363.14,341.0,319.01,312.3,2018/07/31,2019/4/16,2019/3/27,0.0,186,初上市,1.61,25.21,6.07
6662,樂斯科,49.0,47.77,49.0,49.5,49.0,49.3,49.29,49.29,2018/10/09,2019/4/15,2019/3/26,0.0,135,初上櫃,4.82,20.6,1.97
4760,勤凱,28.81,29.09,27.09,27.1,25.99,25.0,25.1,25.0,2018/10/16,2019/4/10,2019/3/21,0.0,127,初上櫃,2.45,23.4,3.78
4564,元翎,36.88,36.15,36.0,35.77,35.59,35.39,34.6,33.11,2018/10/16,2019/3/27,2019/3/7,0.0,117,初上市,0.0,-,1.07
6418,詠昇,28.25,29.3,30.0,29.5,29.5,28.6,27.11,26.5,2018/09/26,2019/3/8,2019/2/18,0.0,118,初上櫃,5.35,21.63,1.41
6643,M31,260.83,259.84,260.17,262.83,262.84,258.83,258.83,258.83,2018/07/26,2019/2/12,2019/1/23,0.0,144,初上櫃,1.31,108.84,16.18
6425,易發,44.49,44.0,43.69,41.0,41.49,42.0,42.0,41.5,2018/09/18,2019/2/7,2019/1/18,0.0,103,初上櫃,0.63,125.56,4.08
8104,錸寶科技,83.3,82.38,79.07,79.0,72.5,76.39,76.79,75.0,2018/10/04,2019/2/6,2019/1/17,0.0,90,初上市,0.0,345.83,1.53
4538,大詠城,22.4,23.13,24.07,23.7,24.0,24.1,24.0,23.88,2018/07/31,2019/2/4,2019/1/15,0.0,135,初上櫃,4.09,25,1.3
4967,十銓,32.76,31.2,31.01,31.1,31.59,29.0,28.09,29.02,2018/09/10,2019/2/1,2019/1/14,0.0,105,初上市,2.14,8.55,1.62
6590,普鴻,26.9,26.5,26.96,26.8,27.0,26.3,26.24,26.08,2018/07/31,2019/1/11,2018/12/24,0.0,119,初上櫃,6.71,14.58,2.64
6670,復盛應用,155.0,154.51,156.89,157.39,157.29,157.69,157.0,157.0,2018/07/20,2019/1/7,2018/12/18,0.0,122,初上市,3.88,13.37,3.27
2070,精湛,44.1,43.36,43.9,44.1,44.0,44.18,42.51,43.9,2018/07/27,2019/1/4,2018/12/17,0.0,116,初上櫃,1.96,21.4,3.01
6668,中揚光,117.5,116.5,117.0,118.0,118.5,124.99,124.98,118.0,2018/08/23,2019/1/1,2018/12/12,0.0,94,初上市,0.0,-,2.38
6671,三能-KY,51.5,46.0,44.9,43.95,45.8,44.0,43.4,42.8,2018/06/25,2018/12/31,2018/12/11,0.0,136,初上市,5.95,14.24,1.46
6558,興能高,39.07,39.94,40.0,39.79,39.17,39.0,38.71,38.73,2018/07/27,2018/12/25,2018/12/5,0.0,108,初上市,0.0,-,2.33
4766,南寶,144.51,144.0,143.51,143.61,142.55,142.99,142.79,142.4,2018/07/18,2018/12/18,2018/11/28,0.0,110,初上市,4.72,14.42,2.76
6674,鋐寶科技,46.2,47.19,46.0,45.7,46.5,47.0,46.88,46.2,2018/07/18,2018/12/18,2018/11/28,0.0,110,初上市,0.0,-,1.49
6655,科定,74.0,74.2,74.54,74.01,74.02,76.99,78.5,81.75,2018/06/29,2018/12/18,2018/11/28,0.0,123,初上市,7.03,27.23,4.36
3178,公準,48.35,48.25,49.4,48.2,48.14,47.1,47.2,47.2,2018/04/26,2018/12/7,2018/11/19,0.0,162,初上櫃,3.26,54.41,2.58
6667,信紘,58.01,58.0,57.32,57.0,57.0,56.89,56.5,56.0,2018/06/26,2018/12/3,2018/11/13,0.0,115,初上櫃,3.48,22.87,4.92
4767,誠泰科技,26.6,27.1,27.6,27.7,27.51,27.8,28.0,27.8,2018/06/11,2018/11/16,2018/10/29,0.0,115,初上櫃,4.56,11.23,1.1
6654,天正國際,148.0,148.0,139.0,147.5,148.0,160.0,154.0,145.0,2018/06/04,2018/11/12,2018/10/23,0.0,116,初上櫃,0.0,,1.71
6640,均華,56.0,56.18,55.8,55.98,53.0,53.3,55.49,54.7,2018/07/05,2018/11/12,2018/10/23,0.0,93,初上櫃,0.75,59.91,10.69
5876,上海商銀,35.42,36.42,36.72,37.81,38.25,38.1,37.68,37.18,2018/04/26,2018/11/8,2018/10/19,0.0,141,初上市,4.49,18.48,1.01
4961,天鈺,41.25,42.0,41.2,41.8,42.11,41.45,41.89,43.95,2018/07/04,2018/11/6,2018/10/17,0.0,90,初上市,4.66,13.68,1.58
4568,科際精密,100.0,100.3,101.5,102.0,101.9,101.48,101.5,101.4,2018/05/30,2018/10/23,2018/10/3,0.0,105,初上櫃,4.89,21.84,1.49
6578,達邦蛋白,28.89,29.13,28.94,28.69,29.1,30.29,31.01,31.18,2018/04/10,2018/10/8,2018/9/18,0.0,130,初上櫃,2.56,180.91,1.31
6664,群翊,73.0,73.29,72.85,72.6,72.37,72.0,71.51,72.0,2018/04/26,2018/10/2,2018/9/12,0.0,114,初上櫃,3.15,18.77,4.41
8367,建新國際,24.6,24.64,25.0,25.05,24.9,25.1,25.0,24.6,2018/04/16,2018/10/2,2018/9/12,0.0,122,初上市,5.48,12.11,1.3
4540,全球,138.4,140.0,140.4,137.03,135.39,126.0,136.0,137.99,2018/04/26,2018/9/4,2018/8/15,0.0,94,初上市,0.0,-,1.94
1240,茂生農經,60.48,60.0,60.48,59.99,60.0,60.0,60.49,58.98,2018/03/26,2018/8/28,2018/8/8,0.0,112,初上櫃,,,
6612,奈米醫材,51.0,51.0,51.3,53.8,52.5,52.5,52.5,51.8,2017/12/22,2018/8/7,2018/7/18,0.0,163,初上櫃,0.96,82.03,3.39
3530,晶相光,197.88,200.0,199.98,199.0,199.0,206.0,216.0,215.0,2017/12/28,2018/8/3,2018/7/16,0.0,157,初上市,0.0,-,2.77
4744,皇將,36.3,35.7,35.51,35.89,35.83,35.73,35.86,35.71,2018/02/27,2018/8/1,2018/7/12,0.0,112,初上櫃,0.47,100.95,1.02
4563,百德,72.49,73.15,72.98,73.2,73.3,73.0,73.13,74.0,2017/12/22,2018/8/1,2018/7/12,0.0,159,初上櫃,0.53,30.95,3.44
8028,昇陽半,32.59,33.49,35.19,35.61,40.34,40.15,44.99,43.84,2017/12/28,2018/7/30,2018/7/10,0.0,153,初上市,1.27,83.24,6.24
6576,逸達,65.01,66.5,66.0,66.3,66.0,66.0,66.0,66.5,2017/09/04,2018/7/19,2018/6/29,0.0,229,初上櫃,0.0,,15.11
4989,榮科,33.91,33.85,33.5,33.32,34.34,34.15,35.3,35.88,2017/12/27,2018/7/18,2018/6/28,0.0,146,初上市,0.0,-,1.18
4561,健椿,26.38,28.2,28.09,27.0,26.3,26.02,26.8,26.57,2017/11/28,2018/6/29,2018/6/11,0.0,154,初上櫃,1.31,20.79,3.26
6561,是方,169.99,168.51,168.8,170.0,172.0,182.99,180.49,175.76,2017/12/29,2018/6/25,2018/6/5,0.0,127,初上櫃,2.25,36.42,10.34
3147,大綜電腦系統,21.12,21.4,21.06,20.52,21.09,21.66,21.68,21.9,2017/12/28,2018/6/18,2018/5/29,0.0,123,初上櫃,2.72,26.4,5.54
6288,聯嘉,26.54,26.25,25.53,25.81,25.87,24.9,25.25,24.85,2017/09/04,2018/5/29,2018/5/9,0.0,192,初上市,0.74,75.74,1.64
5220,萬達光電,33.2,33.2,33.0,32.99,32.1,32.59,32.4,32.0,2017/10/19,2018/5/16,2018/4/26,0.0,150,初上櫃,4.39,55.41,1.04
1587,吉茂精密,27.29,27.53,27.51,27.6,27.78,27.6,27.92,27.9,2017/09/26,2018/5/4,2018/4/16,0.0,159,初上市,2.95,-,1.86
6416,瑞祺電通,149.96,150.45,149.97,147.47,141.49,142.51,146.0,145.63,2017/11/30,2018/5/4,2018/4/16,0.0,112,初上市,2.48,27.56,2.39
2745,五福,39.0,39.9,39.5,39.5,39.5,39.2,38.95,38.0,2017/10/16,2018/5/4,2018/4/16,0.0,145,初上櫃,3.37,9.59,4.22
6547,高端疫苗,30.12,30.3,30.06,30.0,30.04,29.94,29.8,29.9,2017/08/17,2018/5/7,2018/4/17,0.0,188,初上櫃,0.0,,3.25
5864,致和證,8.66,8.8,8.75,8.8,8.9,8.86,8.65,8.8,2017/10/18,2018/4/20,2018/4/2,0.0,133,初上櫃,10.2,4.65,0.79
8440,綠電再生,20.09,20.79,20.0,19.8,19.9,19.7,19.7,20.1,2017/09/21,2018/4/17,2018/3/28,0.0,149,初上櫃,4.51,59.68,2.57
6461,益得,40.0,37.87,37.8,37.69,37.59,37.1,36.61,36.62,2017/08/15,2018/4/17,2018/3/28,0.0,176,初上櫃,0.0,,4.07
8497,聯廣,71.5,72.45,73.0,72.6,73.0,72.7,72.6,70.81,2017/07/31,2018/4/12,2018/3/23,0.0,184,初上市,,,
2630,亞航,33.0,33.2,35.0,40.5,40.3,40.0,41.9,41.0,2017/09/27,2018/3/14,2018/2/22,0.0,121,初上市,1.36,56.59,2.38
6625,必應,82.5,81.0,80.0,78.5,78.2,77.9,77.01,80.0,2017/09/30,2018/2/27,2018/2/7,0.0,107,初上市,5.1,15.83,4.81
4566,時碩工業,80.89,78.53,79.5,78.5,78.3,79.5,79.0,79.29,2017/10/05,2018/2/23,2018/2/5,0.0,102,初上市,1.75,33.9,1.77
6581,鋼聯,108.33,107.28,112.88,112.0,110.01,109.01,112.6,110.5,2017/07/28,2018/2/19,2018/1/30,0.0,147,初上市,3.77,16.67,3.02
1760,寶齡富錦,66.98,71.15,70.09,70.0,69.72,68.89,70.11,70.23,2017/08/23,2018/2/12,2018/1/23,0.0,124,初上市,1.8,58.73,3.8
5299,杰力,57.0,56.1,55.0,55.2,56.2,60.01,59.1,58.65,2017/09/04,2018/2/12,2018/1/23,0.0,116,初上櫃,4.55,18.6,1.45
1796,金穎生技,85.44,84.5,84.51,84.0,83.8,83.69,83.01,83.5,2017/04/28,2018/2/9,2018/1/22,0.0,206,初上櫃,4.39,,2.41
8497,聯廣,71.5,72.45,73.0,72.6,73.0,72.7,72.6,70.81,2017/07/31,2018/4/12,2018/3/23,0.0,184,初上市,,,
6615,慧智,76.0,76.0,75.0,74.0,74.22,72.6,73.0,72.0,2017/07/31,2018/2/9,2018/1/22,0.0,140,初上櫃,0.5,40.87,1.33
