stock_code,company_name,股利_發放_期間,股利_所屬_期間,股東會_日期,除息_交易日,除息_參考_價,填息_完成日,填息_花費_日數,現金_股利_發放日,除權_交易日,除權_參考_價,填權_完成日,填權_花費_日數,現金股利_盈餘,現金股利_公積,現金股利_合計,股票股利_盈餘,股票股利_公積,股票股利_合計,股利_合計,file_type,source_file,download_success,download_timestamp,process_timestamp,stage1_process_timestamp
4938,和碩,2018,2017,2018-07-12,2018-07-30,,,,2018-08-24,,,,,4.00166594,0.0,4.00166594,0.0,0.0,0.0,4.00166594,Dividenschedule,FinMind_API_TaiwanStockDividend_4938,True,2026-09-22T08:41:49,2026-09-22T08:41:49,2026-09-22T08:41:49
4938,和碩,2019,2018,2019-07-11,2019-07-31,,,,2019-08-23,,,,,3.50089644,0.0,3.50089644,0.0,0.0,0.0,3.50089644,Dividenschedule,FinMind_API_TaiwanStockDividend_4938,True,2026-09-22T08:41:49,2026-09-22T08:41:49,2026-09-22T08:41:49
4938,和碩,2020,2019,2020-06-11,2020-06-30,,,,2020-07-30,,,,,4.50048404,0.0,4.50048404,0.0,0.0,0.0,4.50048404,Dividenschedule,FinMind_API_TaiwanStockDividend_4938,True,2026-09-22T08:41:49,2026-09-22T08:41:49,2026-09-22T08:41:49
4938,和碩,2021,2020,2021-06-16,2021-06-30,,,,2021-07-29,,,,,4.48877769,0.0,4.48877769,0.0,0.0,0.0,4.48877769,Dividenschedule,FinMind_API_TaiwanStockDividend_4938,True,2026-09-22T08:41:49,2026-09-22T08:41:49,2026-09-22T08:41:49
4938,和碩,2022,2021,2022-06-16,2022-06-30,,,,2022-07-28,,,,,5.00137591,0.0,5.00137591,0.0,0.0,0.0,5.00137591,Dividenschedule,FinMind_API_TaiwanStockDividend_4938,True,2026-09-22T08:41:49,2026-09-22T08:41:49,2026-09-22T08:41:49
4938,和碩,2023,2022,2023-06-15,2023-07-04,,,,2023-07-27,,,,,4.00341673,0.0,4.00341673,0.0,0.0,0.0,4.00341673,Dividenschedule,FinMind_API_TaiwanStockDividend_4938,True,2026-09-22T08:41:49,2026-09-22T08:41:49,2026-09-22T08:41:49
4938,和碩,2024,2023,2024-06-12,2024-06-27,,,,2024-07-18,,,,,4.00058413,0.0,4.00058413,0.0,0.0,0.0,4.00058413,Dividenschedule,FinMind_API_TaiwanStockDividend_4938,True,2026-09-22T08:41:49,2026-09-22T08:41:49,2026-09-22T08:41:49
4938,和碩,2025,2024,2025-05-29,2025-06-17,,,,2025-07-09,,,,,4.50282529,0.0,4.50282529,0.0,0.0,0.0,4.50282529,Dividenschedule,FinMind_API_TaiwanStockDividend_4938,True,2026-09-22T08:41:49,2026-09-22T08:41:49,2026-09-22T08:41:49
4938,和碩,2026,2025,2026-06-01,2026-06-15,,,,2026-07-09,,,,,4.00943684,0.0,4.00943684,0.0,0.0,0.0,4.00943684,Dividenschedule,FinMind_API_TaiwanStockDividend_4938,True,2026-09-22T08:41:49,2026-09-22T08:41:49,2026-09-22T08:41:49
