stock_code,company_name,交易_月份,收盤價_元,漲跌價_元,漲跌幅_pct,河流圖_eps_元,目前_per_倍,本益比試算價格_9x_元,本益比試算價格_11x_元,本益比試算價格_13x_元,本益比試算價格_15x_元,本益比試算價格_17x_元,本益比試算價格_19x_元,file_type,source_file,download_success,download_timestamp,process_timestamp,stage1_process_timestamp
6231,系微,21M01,90.0,,,,21.48,,,,,,,ShowMonthlyK_ChartFlow,FinMind_API_TaiwanStockPrice_6231,True,2026-09-22T13:39:27,2026-09-22T13:39:27,2026-09-22T13:39:27
6231,系微,21M02,94.5,4.5,5.00%,,23.33,,,,,,,ShowMonthlyK_ChartFlow,FinMind_API_TaiwanStockPrice_6231,True,2026-09-22T13:39:27,2026-09-22T13:39:27,2026-09-22T13:39:27
6231,系微,21M03,93.8,-0.7000000000000028,-0.74%,0.74,23.16,6.66,8.14,9.62,11.1,12.58,14.06,ShowMonthlyK_ChartFlow,FinMind_API_TaiwanStockPrice_6231,True,2026-09-22T13:39:27,2026-09-22T13:39:27,2026-09-22T13:39:27
6231,系微,21M04,87.7,-6.099999999999994,-6.50%,0.74,21.65,6.66,8.14,9.62,11.1,12.58,14.06,ShowMonthlyK_ChartFlow,FinMind_API_TaiwanStockPrice_6231,True,2026-09-22T13:39:27,2026-09-22T13:39:27,2026-09-22T13:39:27
6231,系微,21M05,78.1,-9.600000000000009,-10.95%,0.74,17.95,6.66,8.14,9.62,11.1,12.58,14.06,ShowMonthlyK_ChartFlow,FinMind_API_TaiwanStockPrice_6231,True,2026-09-22T13:39:27,2026-09-22T13:39:27,2026-09-22T13:39:27
6231,系微,21M06,79.5,1.4000000000000057,1.79%,1.77,18.28,15.93,19.47,23.01,26.55,30.09,33.63,ShowMonthlyK_ChartFlow,FinMind_API_TaiwanStockPrice_6231,True,2026-09-22T13:39:27,2026-09-22T13:39:27,2026-09-22T13:39:27
6231,系微,21M07,100.0,20.5,25.79%,1.77,22.99,15.93,19.47,23.01,26.55,30.09,33.63,ShowMonthlyK_ChartFlow,FinMind_API_TaiwanStockPrice_6231,True,2026-09-22T13:39:27,2026-09-22T13:39:27,2026-09-22T13:39:27
6231,系微,21M08,72.6,-27.400000000000006,-27.40%,1.77,19.11,15.93,19.47,23.01,26.55,30.09,33.63,ShowMonthlyK_ChartFlow,FinMind_API_TaiwanStockPrice_6231,True,2026-09-22T13:39:27,2026-09-22T13:39:27,2026-09-22T13:39:27
6231,系微,21M09,73.2,0.6000000000000085,0.83%,3.35,19.26,30.15,36.85,43.55,50.25,56.95,63.65,ShowMonthlyK_ChartFlow,FinMind_API_TaiwanStockPrice_6231,True,2026-09-22T13:39:27,2026-09-22T13:39:27,2026-09-22T13:39:27
6231,系微,21M10,78.2,5.0,6.83%,3.35,20.58,30.15,36.85,43.55,50.25,56.95,63.65,ShowMonthlyK_ChartFlow,FinMind_API_TaiwanStockPrice_6231,True,2026-09-22T13:39:27,2026-09-22T13:39:27,2026-09-22T13:39:27
6231,系微,21M11,85.6,7.3999999999999915,9.46%,3.35,21.84,30.15,36.85,43.55,50.25,56.95,63.65,ShowMonthlyK_ChartFlow,FinMind_API_TaiwanStockPrice_6231,True,2026-09-22T13:39:27,2026-09-22T13:39:27,2026-09-22T13:39:27
6231,系微,21M12,83.0,-2.5999999999999943,-3.04%,3.35,21.17,30.15,36.85,43.55,50.25,56.95,63.65,ShowMonthlyK_ChartFlow,FinMind_API_TaiwanStockPrice_6231,True,2026-09-22T13:39:27,2026-09-22T13:39:27,2026-09-22T13:39:27
6231,系微,22M01,80.3,-2.700000000000003,-3.25%,5.93,20.48,53.37,65.23,77.09,88.95,100.81,112.67,ShowMonthlyK_ChartFlow,FinMind_API_TaiwanStockPrice_6231,True,2026-09-22T13:39:27,2026-09-22T13:39:27,2026-09-22T13:39:27
6231,系微,22M02,95.7,15.400000000000006,19.18%,5.93,16.11,53.37,65.23,77.09,88.95,100.81,112.67,ShowMonthlyK_ChartFlow,FinMind_API_TaiwanStockPrice_6231,True,2026-09-22T13:39:27,2026-09-22T13:39:27,2026-09-22T13:39:27
6231,系微,22M03,110.5,14.799999999999997,15.46%,7.12,18.6,64.08,78.32,92.56,106.8,121.04,135.28,ShowMonthlyK_ChartFlow,FinMind_API_TaiwanStockPrice_6231,True,2026-09-22T13:39:27,2026-09-22T13:39:27,2026-09-22T13:39:27
6231,系微,22M04,94.0,-16.5,-14.93%,7.12,15.82,64.08,78.32,92.56,106.8,121.04,135.28,ShowMonthlyK_ChartFlow,FinMind_API_TaiwanStockPrice_6231,True,2026-09-22T13:39:27,2026-09-22T13:39:27,2026-09-22T13:39:27
6231,系微,22M05,91.7,-2.299999999999997,-2.45%,7.12,12.86,64.08,78.32,92.56,106.8,121.04,135.28,ShowMonthlyK_ChartFlow,FinMind_API_TaiwanStockPrice_6231,True,2026-09-22T13:39:27,2026-09-22T13:39:27,2026-09-22T13:39:27
6231,系微,22M06,73.3,-18.400000000000006,-20.07%,7.97,10.28,71.73,87.67,103.61,119.55,135.49,151.43,ShowMonthlyK_ChartFlow,FinMind_API_TaiwanStockPrice_6231,True,2026-09-22T13:39:27,2026-09-22T13:39:27,2026-09-22T13:39:27
6231,系微,22M07,74.0,0.7000000000000028,0.95%,7.97,10.38,71.73,87.67,103.61,119.55,135.49,151.43,ShowMonthlyK_ChartFlow,FinMind_API_TaiwanStockPrice_6231,True,2026-09-22T13:39:27,2026-09-22T13:39:27,2026-09-22T13:39:27
6231,系微,22M08,76.9,2.9000000000000057,3.92%,7.97,9.64,71.73,87.67,103.61,119.55,135.49,151.43,ShowMonthlyK_ChartFlow,FinMind_API_TaiwanStockPrice_6231,True,2026-09-22T13:39:27,2026-09-22T13:39:27,2026-09-22T13:39:27
6231,系微,22M09,64.7,-12.200000000000003,-15.86%,8.48,8.11,76.32,93.28,110.24,127.2,144.16,161.12,ShowMonthlyK_ChartFlow,FinMind_API_TaiwanStockPrice_6231,True,2026-09-22T13:39:27,2026-09-22T13:39:27,2026-09-22T13:39:27
6231,系微,22M10,74.3,9.599999999999994,14.84%,8.48,9.31,76.32,93.28,110.24,127.2,144.16,161.12,ShowMonthlyK_ChartFlow,FinMind_API_TaiwanStockPrice_6231,True,2026-09-22T13:39:27,2026-09-22T13:39:27,2026-09-22T13:39:27
6231,系微,22M11,80.5,6.200000000000003,8.34%,8.48,9.49,76.32,93.28,110.24,127.2,144.16,161.12,ShowMonthlyK_ChartFlow,FinMind_API_TaiwanStockPrice_6231,True,2026-09-22T13:39:27,2026-09-22T13:39:27,2026-09-22T13:39:27
6231,系微,22M12,82.8,2.299999999999997,2.86%,8.48,9.76,76.32,93.28,110.24,127.2,144.16,161.12,ShowMonthlyK_ChartFlow,FinMind_API_TaiwanStockPrice_6231,True,2026-09-22T13:39:27,2026-09-22T13:39:27,2026-09-22T13:39:27
6231,系微,23M01,92.0,9.200000000000003,11.11%,7.460000000000001,10.85,67.14,82.06,96.98,111.9,126.82,141.74,ShowMonthlyK_ChartFlow,FinMind_API_TaiwanStockPrice_6231,True,2026-09-22T13:39:27,2026-09-22T13:39:27,2026-09-22T13:39:27
6231,系微,23M02,104.0,12.0,13.04%,7.460000000000001,13.94,67.14,82.06,96.98,111.9,126.82,141.74,ShowMonthlyK_ChartFlow,FinMind_API_TaiwanStockPrice_6231,True,2026-09-22T13:39:27,2026-09-22T13:39:27,2026-09-22T13:39:27
6231,系微,23M03,129.5,25.5,24.52%,6.33,17.36,56.97,69.63,82.29,94.95,107.61,120.27,ShowMonthlyK_ChartFlow,FinMind_API_TaiwanStockPrice_6231,True,2026-09-22T13:39:27,2026-09-22T13:39:27,2026-09-22T13:39:27
6231,系微,23M04,126.5,-3.0,-2.32%,6.33,16.96,56.97,69.63,82.29,94.95,107.61,120.27,ShowMonthlyK_ChartFlow,FinMind_API_TaiwanStockPrice_6231,True,2026-09-22T13:39:27,2026-09-22T13:39:27,2026-09-22T13:39:27
6231,系微,23M05,122.5,-4.0,-3.16%,6.33,19.35,56.97,69.63,82.29,94.95,107.61,120.27,ShowMonthlyK_ChartFlow,FinMind_API_TaiwanStockPrice_6231,True,2026-09-22T13:39:27,2026-09-22T13:39:27,2026-09-22T13:39:27
6231,系微,23M06,112.5,-10.0,-8.16%,5.1899999999999995,17.77,46.71,57.09,67.47,77.85,88.23,98.61,ShowMonthlyK_ChartFlow,FinMind_API_TaiwanStockPrice_6231,True,2026-09-22T13:39:27,2026-09-22T13:39:27,2026-09-22T13:39:27
6231,系微,23M07,173.0,60.5,53.78%,5.1899999999999995,27.33,46.71,57.09,67.47,77.85,88.23,98.61,ShowMonthlyK_ChartFlow,FinMind_API_TaiwanStockPrice_6231,True,2026-09-22T13:39:27,2026-09-22T13:39:27,2026-09-22T13:39:27
6231,系微,23M08,145.5,-27.5,-15.90%,5.1899999999999995,28.03,46.71,57.09,67.47,77.85,88.23,98.61,ShowMonthlyK_ChartFlow,FinMind_API_TaiwanStockPrice_6231,True,2026-09-22T13:39:27,2026-09-22T13:39:27,2026-09-22T13:39:27
6231,系微,23M09,147.0,1.5,1.03%,5.1899999999999995,28.32,46.71,57.09,67.47,77.85,88.23,98.61,ShowMonthlyK_ChartFlow,FinMind_API_TaiwanStockPrice_6231,True,2026-09-22T13:39:27,2026-09-22T13:39:27,2026-09-22T13:39:27
6231,系微,23M10,150.0,3.0,2.04%,4.9,28.9,44.1,53.9,63.7,73.5,83.3,93.1,ShowMonthlyK_ChartFlow,FinMind_API_TaiwanStockPrice_6231,True,2026-09-22T13:39:27,2026-09-22T13:39:27,2026-09-22T13:39:27
6231,系微,23M11,177.0,27.0,18.00%,4.9,36.12,44.1,53.9,63.7,73.5,83.3,93.1,ShowMonthlyK_ChartFlow,FinMind_API_TaiwanStockPrice_6231,True,2026-09-22T13:39:27,2026-09-22T13:39:27,2026-09-22T13:39:27
6231,系微,23M12,259.5,82.5,46.61%,4.9,52.96,44.1,53.9,63.7,73.5,83.3,93.1,ShowMonthlyK_ChartFlow,FinMind_API_TaiwanStockPrice_6231,True,2026-09-22T13:39:27,2026-09-22T13:39:27,2026-09-22T13:39:27
6231,系微,24M01,253.5,-6.0,-2.31%,4.86,51.73,43.74,53.46,63.18,72.9,82.62,92.34,ShowMonthlyK_ChartFlow,FinMind_API_TaiwanStockPrice_6231,True,2026-09-22T13:39:27,2026-09-22T13:39:27,2026-09-22T13:39:27
6231,系微,24M02,293.5,40.0,15.78%,4.86,60.39,43.74,53.46,63.18,72.9,82.62,92.34,ShowMonthlyK_ChartFlow,FinMind_API_TaiwanStockPrice_6231,True,2026-09-22T13:39:27,2026-09-22T13:39:27,2026-09-22T13:39:27
6231,系微,24M03,250.0,-43.5,-14.82%,4.86,51.44,43.74,53.46,63.18,72.9,82.62,92.34,ShowMonthlyK_ChartFlow,FinMind_API_TaiwanStockPrice_6231,True,2026-09-22T13:39:27,2026-09-22T13:39:27,2026-09-22T13:39:27
6231,系微,24M04,237.5,-12.5,-5.00%,5.95,48.87,53.55,65.45,77.35,89.25,101.15,113.05,ShowMonthlyK_ChartFlow,FinMind_API_TaiwanStockPrice_6231,True,2026-09-22T13:39:27,2026-09-22T13:39:27,2026-09-22T13:39:27
6231,系微,24M05,338.5,101.0,42.53%,5.95,56.89,53.55,65.45,77.35,89.25,101.15,113.05,ShowMonthlyK_ChartFlow,FinMind_API_TaiwanStockPrice_6231,True,2026-09-22T13:39:27,2026-09-22T13:39:27,2026-09-22T13:39:27
6231,系微,24M06,403.0,64.5,19.05%,5.95,67.73,53.55,65.45,77.35,89.25,101.15,113.05,ShowMonthlyK_ChartFlow,FinMind_API_TaiwanStockPrice_6231,True,2026-09-22T13:39:27,2026-09-22T13:39:27,2026-09-22T13:39:27
6231,系微,24M07,410.5,7.5,1.86%,7.42,68.99,66.78,81.62,96.46,111.3,126.14,140.98,ShowMonthlyK_ChartFlow,FinMind_API_TaiwanStockPrice_6231,True,2026-09-22T13:39:27,2026-09-22T13:39:27,2026-09-22T13:39:27
6231,系微,24M08,437.5,27.0,6.58%,7.42,58.96,66.78,81.62,96.46,111.3,126.14,140.98,ShowMonthlyK_ChartFlow,FinMind_API_TaiwanStockPrice_6231,True,2026-09-22T13:39:27,2026-09-22T13:39:27,2026-09-22T13:39:27
6231,系微,24M09,519.0,81.5,18.63%,7.5600000000000005,69.95,68.04,83.16,98.28,113.4,128.52,143.64,ShowMonthlyK_ChartFlow,FinMind_API_TaiwanStockPrice_6231,True,2026-09-22T13:39:27,2026-09-22T13:39:27,2026-09-22T13:39:27
6231,系微,24M10,530.0,11.0,2.12%,7.5600000000000005,71.43,68.04,83.16,98.28,113.4,128.52,143.64,ShowMonthlyK_ChartFlow,FinMind_API_TaiwanStockPrice_6231,True,2026-09-22T13:39:27,2026-09-22T13:39:27,2026-09-22T13:39:27
6231,系微,24M11,468.0,-62.0,-11.70%,7.5600000000000005,70.69,68.04,83.16,98.28,113.4,128.52,143.64,ShowMonthlyK_ChartFlow,FinMind_API_TaiwanStockPrice_6231,True,2026-09-22T13:39:27,2026-09-22T13:39:27,2026-09-22T13:39:27
6231,系微,24M12,386.0,-82.0,-17.52%,8.049999999999999,58.31,72.45,88.55,104.65,120.75,136.85,152.95,ShowMonthlyK_ChartFlow,FinMind_API_TaiwanStockPrice_6231,True,2026-09-22T13:39:27,2026-09-22T13:39:27,2026-09-22T13:39:27
6231,系微,25M01,401.0,15.0,3.89%,8.049999999999999,60.57,72.45,88.55,104.65,120.75,136.85,152.95,ShowMonthlyK_ChartFlow,FinMind_API_TaiwanStockPrice_6231,True,2026-09-22T13:39:27,2026-09-22T13:39:27,2026-09-22T13:39:27
6231,系微,25M02,392.5,-8.5,-2.12%,8.049999999999999,53.26,72.45,88.55,104.65,120.75,136.85,152.95,ShowMonthlyK_ChartFlow,FinMind_API_TaiwanStockPrice_6231,True,2026-09-22T13:39:27,2026-09-22T13:39:27,2026-09-22T13:39:27
6231,系微,25M03,279.0,-113.5,-28.92%,7.859999999999999,37.86,70.74,86.46,102.18,117.9,133.62,149.34,ShowMonthlyK_ChartFlow,FinMind_API_TaiwanStockPrice_6231,True,2026-09-22T13:39:27,2026-09-22T13:39:27,2026-09-22T13:39:27
6231,系微,25M04,256.0,-23.0,-8.24%,7.859999999999999,34.74,70.74,86.46,102.18,117.9,133.62,149.34,ShowMonthlyK_ChartFlow,FinMind_API_TaiwanStockPrice_6231,True,2026-09-22T13:39:27,2026-09-22T13:39:27,2026-09-22T13:39:27
6231,系微,25M05,222.5,-33.5,-13.09%,7.859999999999999,29.67,70.74,86.46,102.18,117.9,133.62,149.34,ShowMonthlyK_ChartFlow,FinMind_API_TaiwanStockPrice_6231,True,2026-09-22T13:39:27,2026-09-22T13:39:27,2026-09-22T13:39:27
6231,系微,25M06,257.5,35.0,15.73%,6.6899999999999995,34.33,60.21,73.59,86.97,100.35,113.73,127.11,ShowMonthlyK_ChartFlow,FinMind_API_TaiwanStockPrice_6231,True,2026-09-22T13:39:27,2026-09-22T13:39:27,2026-09-22T13:39:27
6231,系微,25M07,218.0,-39.5,-15.34%,6.6899999999999995,29.07,60.21,73.59,86.97,100.35,113.73,127.11,ShowMonthlyK_ChartFlow,FinMind_API_TaiwanStockPrice_6231,True,2026-09-22T13:39:27,2026-09-22T13:39:27,2026-09-22T13:39:27
6231,系微,25M08,235.5,17.5,8.03%,6.6899999999999995,35.2,60.21,73.59,86.97,100.35,113.73,127.11,ShowMonthlyK_ChartFlow,FinMind_API_TaiwanStockPrice_6231,True,2026-09-22T13:39:27,2026-09-22T13:39:27,2026-09-22T13:39:27
6231,系微,25M09,268.0,32.5,13.80%,6.6000000000000005,40.06,59.4,72.6,85.8,99.0,112.2,125.4,ShowMonthlyK_ChartFlow,FinMind_API_TaiwanStockPrice_6231,True,2026-09-22T13:39:27,2026-09-22T13:39:27,2026-09-22T13:39:27
6231,系微,25M10,228.0,-40.0,-14.93%,6.6000000000000005,34.08,59.4,72.6,85.8,99.0,112.2,125.4,ShowMonthlyK_ChartFlow,FinMind_API_TaiwanStockPrice_6231,True,2026-09-22T13:39:27,2026-09-22T13:39:27,2026-09-22T13:39:27
6231,系微,25M11,213.0,-15.0,-6.58%,6.6000000000000005,32.22,59.4,72.6,85.8,99.0,112.2,125.4,ShowMonthlyK_ChartFlow,FinMind_API_TaiwanStockPrice_6231,True,2026-09-22T13:39:27,2026-09-22T13:39:27,2026-09-22T13:39:27
6231,系微,25M12,214.0,1.0,0.47%,6.659999999999999,32.38,59.94,73.26,86.58,99.9,113.22,126.54,ShowMonthlyK_ChartFlow,FinMind_API_TaiwanStockPrice_6231,True,2026-09-22T13:39:27,2026-09-22T13:39:27,2026-09-22T13:39:27
6231,系微,26M01,203.5,-10.5,-4.91%,6.659999999999999,30.79,59.94,73.26,86.58,99.9,113.22,126.54,ShowMonthlyK_ChartFlow,FinMind_API_TaiwanStockPrice_6231,True,2026-09-22T13:39:27,2026-09-22T13:39:27,2026-09-22T13:39:27
6231,系微,26M02,194.5,-9.0,-4.42%,6.659999999999999,29.43,59.94,73.26,86.58,99.9,113.22,126.54,ShowMonthlyK_ChartFlow,FinMind_API_TaiwanStockPrice_6231,True,2026-09-22T13:39:27,2026-09-22T13:39:27,2026-09-22T13:39:27
6231,系微,26M03,251.0,56.5,29.05%,6.66,37.69,59.94,73.26,86.58,99.9,113.22,126.54,ShowMonthlyK_ChartFlow,FinMind_API_TaiwanStockPrice_6231,True,2026-09-22T13:39:27,2026-09-22T13:39:27,2026-09-22T13:39:27
6231,系微,26M04,309.5,58.5,23.31%,6.66,46.47,59.94,73.26,86.58,99.9,113.22,126.54,ShowMonthlyK_ChartFlow,FinMind_API_TaiwanStockPrice_6231,True,2026-09-22T13:39:27,2026-09-22T13:39:27,2026-09-22T13:39:27
6231,系微,26M05,284.5,-25.0,-8.08%,6.66,42.72,59.94,73.26,86.58,99.9,113.22,126.54,ShowMonthlyK_ChartFlow,FinMind_API_TaiwanStockPrice_6231,True,2026-09-22T13:39:27,2026-09-22T13:39:27,2026-09-22T13:39:27
6231,系微,26M06,281.5,-3.0,-1.05%,7.55,42.27,67.95,83.05,98.15,113.25,128.35,143.45,ShowMonthlyK_ChartFlow,FinMind_API_TaiwanStockPrice_6231,True,2026-09-22T13:39:27,2026-09-22T13:39:27,2026-09-22T13:39:27
6231,系微,26M07,207.5,-74.0,-26.29%,7.55,31.16,67.95,83.05,98.15,113.25,128.35,143.45,ShowMonthlyK_ChartFlow,FinMind_API_TaiwanStockPrice_6231,True,2026-09-22T13:39:27,2026-09-22T13:39:27,2026-09-22T13:39:27
6231,系微,26M08,217.0,9.5,4.58%,7.55,28.78,67.95,83.05,98.15,113.25,128.35,143.45,ShowMonthlyK_ChartFlow,FinMind_API_TaiwanStockPrice_6231,True,2026-09-22T13:39:27,2026-09-22T13:39:27,2026-09-22T13:39:27
6231,系微,26M09,224.5,7.5,3.46%,7.55,29.77,67.95,83.05,98.15,113.25,128.35,143.45,ShowMonthlyK_ChartFlow,FinMind_API_TaiwanStockPrice_6231,True,2026-09-22T13:39:27,2026-09-22T13:39:27,2026-09-22T13:39:27
