stock_code,company_name,年度,股本_億,財報_評分,年度股價_元_收盤,年度股價_元_平均,年度股價_元_漲跌,年度股價_元_漲跌_pct,獲利金額_億_營業_收入,獲利金額_億_營業_毛利,獲利金額_億_營業_利益,獲利金額_億_業外_損益,獲利金額_億_稅後_淨利,獲利率_pct_營業_毛利,獲利率_pct_營業_利益,獲利率_pct_業外_損益,獲利率_pct_稅後_淨利,roe_pct,roa_pct,eps_元_稅後_eps,eps_元_年增_元,bps_元,file_type,source_file,download_success,download_timestamp,process_timestamp,stage1_process_timestamp
6690,安碁資訊,2018,1.26,,0.0,37.015454545454546,,,5.1,2.06,0.71,-0.01,0.58,40.44,13.99,-0.11,11.37,26.96,10.49,7.07,,17.03,StockBzPerformance,FinMind_API_TaiwanStockFinancialStatements_6690,True,2026-09-22T11:08:09,2026-09-22T11:08:09,2026-09-22T11:08:09
6690,安碁資訊,2019,1.63,,108.0,85.52190082644628,108.0,,6.42,2.71,0.77,0.09,0.68,42.21,11.99,1.36,10.54,11.62,8.02,5.1,-1.97,35.66,StockBzPerformance,FinMind_API_TaiwanStockFinancialStatements_6690,True,2026-09-22T11:08:09,2026-09-22T11:08:09,2026-09-22T11:08:09
6690,安碁資訊,2020,1.67,,143.0,145.2661224489796,35.0,32.41,8.03,3.21,1.0,0.01,0.82,39.98,12.5,0.12,10.23,13.39,8.9,4.98,-0.12,36.8,StockBzPerformance,FinMind_API_TaiwanStockFinancialStatements_6690,True,2026-09-22T11:08:09,2026-09-22T11:08:09,2026-09-22T11:08:09
6690,安碁資訊,2021,1.7,,129.5,117.85040983606558,-13.5,-9.44,8.52,3.62,1.04,0.04,0.87,42.45,12.23,0.51,10.19,13.48,4.13,5.15,0.17,37.89,StockBzPerformance,FinMind_API_TaiwanStockFinancialStatements_6690,True,2026-09-22T11:08:09,2026-09-22T11:08:09,2026-09-22T11:08:09
6690,安碁資訊,2022,2.22,,113.5,111.95813008130082,-16.0,-12.36,16.03,6.42,1.85,0.02,1.55,40.08,11.57,0.13,9.69,12.85,7.28,7.89,2.74,54.36,StockBzPerformance,FinMind_API_TaiwanStockFinancialStatements_6690,True,2026-09-22T11:08:09,2026-09-22T11:08:09,2026-09-22T11:08:09
6690,安碁資訊,2023,2.22,,192.5,169.44769874476987,79.0,69.6,18.45,7.33,2.33,-0.01,1.91,39.76,12.63,-0.04,10.33,14.73,7.56,8.66,0.77,58.29,StockBzPerformance,FinMind_API_TaiwanStockFinancialStatements_6690,True,2026-09-22T11:08:09,2026-09-22T11:08:09,2026-09-22T11:08:09
6690,安碁資訊,2024,3.01,,206.5,200.01239669421489,14.0,7.27,21.46,8.9,2.93,-0.11,2.26,41.48,13.67,-0.5,10.52,7.5,4.82,10.13,1.47,100.01,StockBzPerformance,FinMind_API_TaiwanStockFinancialStatements_6690,True,2026-09-22T11:08:09,2026-09-22T11:08:09,2026-09-22T11:08:09
6690,安碁資訊,2025,3.0,,174.0,181.85390946502056,-32.5,-15.74,24.32,10.32,3.64,0.19,3.07,42.44,14.96,0.76,12.61,9.77,6.36,10.22,0.09,104.61,StockBzPerformance,FinMind_API_TaiwanStockFinancialStatements_6690,True,2026-09-22T11:08:09,2026-09-22T11:08:09,2026-09-22T11:08:09
6690,安碁資訊,2026,3.0,,180.0,167.85714285714286,6.0,3.45,12.84,5.0,1.82,0.08,1.53,38.96,14.18,0.64,11.91,5.06,3.18,5.1,-5.12,100.76,StockBzPerformance,FinMind_API_TaiwanStockFinancialStatements_6690,True,2026-09-22T11:08:09,2026-09-22T11:08:09,2026-09-22T11:08:09
