stock_code,company_name,期別,收盤_價格_元,漲跌_價格_元,漲跌_pct,成交_張數,融資_買進_張,融資_賣出_張,融資_現償_張,融資_增減_張,融資_餘額_張,融資_使用率_pct,融券_買進_張,融券_賣出_張,融券_現償_張,融券_增減_張,融券_餘額_張,融券_使用率_pct,資券互抵_張,資券當沖_pct,券資比_pct,現股當沖_pct,file_type,source_file,download_success,download_timestamp,process_timestamp,stage1_process_timestamp
2317,鴻海,21W01,108.0,,,920225,56637.0,51706.0,862.0,4069.0,56904.0,1.64,899.0,2723.0,191.0,1633.0,3369.0,0.1,503.0,0.02,5.92,,ShowMarginChartWeek,FinMind_API_TaiwanStockMarginPurchaseShortSale_2317,True,2026-09-22T02:13:50,2026-09-22T02:13:50,2026-09-22T02:13:50
2317,鴻海,21W02,115.5,7.5,6.94,753253,41945.0,38056.0,228.0,3661.0,60565.0,1.75,1187.0,1888.0,189.0,512.0,3881.0,0.11,365.0,0.08,6.41,,ShowMarginChartWeek,FinMind_API_TaiwanStockMarginPurchaseShortSale_2317,True,2026-09-22T02:13:50,2026-09-22T02:13:50,2026-09-22T02:13:50
2317,鴻海,21W03,121.5,6.0,5.19,635906,41094.0,26907.0,319.0,13868.0,74433.0,2.15,1094.0,1826.0,258.0,474.0,4355.0,0.13,351.0,0.04,5.85,,ShowMarginChartWeek,FinMind_API_TaiwanStockMarginPurchaseShortSale_2317,True,2026-09-22T02:13:50,2026-09-22T02:13:50,2026-09-22T02:13:50
2317,鴻海,21W04,111.5,-10.0,-8.23,683140,35497.0,47654.0,278.0,-12435.0,61998.0,1.79,1533.0,2112.0,159.0,420.0,4775.0,0.14,464.0,0.04,7.7,,ShowMarginChartWeek,FinMind_API_TaiwanStockMarginPurchaseShortSale_2317,True,2026-09-22T02:13:50,2026-09-22T02:13:50,2026-09-22T02:13:50
2317,鴻海,21W05,113.5,2.0,1.79,425899,15191.0,16824.0,779.0,-2412.0,59586.0,1.72,1142.0,1078.0,26.0,-90.0,4685.0,0.14,170.0,0.01,7.86,,ShowMarginChartWeek,FinMind_API_TaiwanStockMarginPurchaseShortSale_2317,True,2026-09-22T02:13:50,2026-09-22T02:13:50,2026-09-22T02:13:50
2317,鴻海,21W07,110.0,-3.5,-3.08,226836,9190.0,6997.0,212.0,1981.0,61411.0,1.77,449.0,1809.0,4.0,1356.0,6041.0,0.17,29.0,0.01,9.84,,ShowMarginChartWeek,FinMind_API_TaiwanStockMarginPurchaseShortSale_2317,True,2026-09-22T02:13:50,2026-09-22T02:13:50,2026-09-22T02:13:50
2317,鴻海,21W08,112.0,2.0,1.82,406868,23507.0,17258.0,326.0,5923.0,67334.0,1.94,1803.0,1128.0,3.0,-678.0,5363.0,0.15,73.0,0.01,7.96,,ShowMarginChartWeek,FinMind_API_TaiwanStockMarginPurchaseShortSale_2317,True,2026-09-22T02:13:50,2026-09-22T02:13:50,2026-09-22T02:13:50
2317,鴻海,21W09,115.0,3.0,2.68,312105,22069.0,15851.0,227.0,5991.0,73325.0,2.12,645.0,575.0,15.0,-85.0,5278.0,0.15,65.0,0.03,7.2,,ShowMarginChartWeek,FinMind_API_TaiwanStockMarginPurchaseShortSale_2317,True,2026-09-22T02:13:50,2026-09-22T02:13:50,2026-09-22T02:13:50
2317,鴻海,21W10,120.0,5.0,4.35,321715,20564.0,20641.0,218.0,-295.0,73030.0,2.11,805.0,2341.0,3.0,1533.0,6811.0,0.2,55.0,0.01,9.33,,ShowMarginChartWeek,FinMind_API_TaiwanStockMarginPurchaseShortSale_2317,True,2026-09-22T02:13:50,2026-09-22T02:13:50,2026-09-22T02:13:50
2317,鴻海,21W11,123.5,3.5,2.92,617718,31700.0,34802.0,174.0,-3276.0,69754.0,2.01,2245.0,1250.0,882.0,-1877.0,4934.0,0.14,170.0,0.04,7.07,,ShowMarginChartWeek,FinMind_API_TaiwanStockMarginPurchaseShortSale_2317,True,2026-09-22T02:13:50,2026-09-22T02:13:50,2026-09-22T02:13:50
2317,鴻海,21W12,126.5,3.0,2.43,430071,27819.0,26079.0,250.0,1490.0,71244.0,2.06,1244.0,1502.0,651.0,-393.0,4541.0,0.13,239.0,0.02,6.37,,ShowMarginChartWeek,FinMind_API_TaiwanStockMarginPurchaseShortSale_2317,True,2026-09-22T02:13:50,2026-09-22T02:13:50,2026-09-22T02:13:50
2317,鴻海,21W13,121.5,-5.0,-3.95,319784,17753.0,19932.0,996.0,-3175.0,68069.0,1.96,1138.0,966.0,1312.0,-1484.0,3057.0,0.09,38.0,0.01,4.49,,ShowMarginChartWeek,FinMind_API_TaiwanStockMarginPurchaseShortSale_2317,True,2026-09-22T02:13:50,2026-09-22T02:13:50,2026-09-22T02:13:50
2317,鴻海,21W14,120.0,-1.5,-1.23,196413,9311.0,17179.0,305.0,-8173.0,59896.0,1.73,1125.0,375.0,9.0,-759.0,2298.0,0.07,8.0,0.0,3.84,,ShowMarginChartWeek,FinMind_API_TaiwanStockMarginPurchaseShortSale_2317,True,2026-09-22T02:13:50,2026-09-22T02:13:50,2026-09-22T02:13:50
2317,鴻海,21W15,123.5,3.5,2.92,266376,15892.0,17521.0,388.0,-2017.0,57879.0,1.67,1632.0,97.0,750.0,-2285.0,13.0,0.0,66.0,0.0,0.02,,ShowMarginChartWeek,FinMind_API_TaiwanStockMarginPurchaseShortSale_2317,True,2026-09-22T02:13:50,2026-09-22T02:13:50,2026-09-22T02:13:50
2317,鴻海,21W16,119.0,-4.5,-3.64,202158,9101.0,14360.0,140.0,-5399.0,52487.0,1.51,90.0,289.0,13.0,186.0,199.0,0.01,103.0,0.09,0.38,,ShowMarginChartWeek,FinMind_API_TaiwanStockMarginPurchaseShortSale_2317,True,2026-09-22T02:13:50,2026-09-22T02:13:50,2026-09-22T02:13:50
2317,鴻海,21W17,116.0,-3.0,-2.52,181672,9784.0,6260.0,39.0,3485.0,55972.0,1.62,109.0,182.0,0.0,73.0,272.0,0.01,19.0,0.0,0.49,,ShowMarginChartWeek,FinMind_API_TaiwanStockMarginPurchaseShortSale_2317,True,2026-09-22T02:13:50,2026-09-22T02:13:50,2026-09-22T02:13:50
2317,鴻海,21W18,117.5,1.5,1.29,326877,12945.0,11669.0,227.0,1049.0,57021.0,1.65,865.0,1878.0,4.0,1009.0,1281.0,0.04,129.0,0.03,2.25,,ShowMarginChartWeek,FinMind_API_TaiwanStockMarginPurchaseShortSale_2317,True,2026-09-22T02:13:50,2026-09-22T02:13:50,2026-09-22T02:13:50
2317,鴻海,21W19,104.5,-13.0,-11.06,388718,11890.0,17226.0,262.0,-5598.0,51425.0,1.48,1159.0,3532.0,1.0,2372.0,3653.0,0.11,369.0,0.06,7.1,,ShowMarginChartWeek,FinMind_API_TaiwanStockMarginPurchaseShortSale_2317,True,2026-09-22T02:13:50,2026-09-22T02:13:50,2026-09-22T02:13:50
2317,鴻海,21W20,109.5,5.0,4.78,327194,11593.0,15068.0,357.0,-3832.0,47593.0,1.37,1353.0,2029.0,3.0,673.0,4326.0,0.12,243.0,0.02,9.09,,ShowMarginChartWeek,FinMind_API_TaiwanStockMarginPurchaseShortSale_2317,True,2026-09-22T02:13:50,2026-09-22T02:13:50,2026-09-22T02:13:50
2317,鴻海,21W21,111.0,1.5,1.37,195790,6587.0,7025.0,126.0,-564.0,47029.0,1.36,431.0,691.0,7.0,253.0,4579.0,0.13,42.0,0.0,9.74,,ShowMarginChartWeek,FinMind_API_TaiwanStockMarginPurchaseShortSale_2317,True,2026-09-22T02:13:50,2026-09-22T02:13:50,2026-09-22T02:13:50
2317,鴻海,21W22,112.0,1.0,0.9,144163,6730.0,4734.0,146.0,1850.0,48879.0,1.41,503.0,426.0,6.0,-83.0,4496.0,0.13,36.0,0.01,9.2,,ShowMarginChartWeek,FinMind_API_TaiwanStockMarginPurchaseShortSale_2317,True,2026-09-22T02:13:50,2026-09-22T02:13:50,2026-09-22T02:13:50
2317,鴻海,21W23,113.5,1.5,1.34,121086,3068.0,4128.0,85.0,-1145.0,47734.0,1.38,206.0,231.0,0.0,25.0,4521.0,0.13,40.0,0.0,9.47,,ShowMarginChartWeek,FinMind_API_TaiwanStockMarginPurchaseShortSale_2317,True,2026-09-22T02:13:50,2026-09-22T02:13:50,2026-09-22T02:13:50
2317,鴻海,21W24,111.5,-2.0,-1.76,96739,5064.0,3166.0,351.0,1547.0,49281.0,1.42,261.0,123.0,4.0,-142.0,4379.0,0.13,24.0,0.0,8.89,,ShowMarginChartWeek,FinMind_API_TaiwanStockMarginPurchaseShortSale_2317,True,2026-09-22T02:13:50,2026-09-22T02:13:50,2026-09-22T02:13:50
2317,鴻海,21W25,113.0,1.5,1.35,153387,5999.0,6341.0,68.0,-410.0,48871.0,1.41,272.0,257.0,1.0,-16.0,4363.0,0.13,18.0,0.02,8.93,,ShowMarginChartWeek,FinMind_API_TaiwanStockMarginPurchaseShortSale_2317,True,2026-09-22T02:13:50,2026-09-22T02:13:50,2026-09-22T02:13:50
2317,鴻海,21W26,111.5,-1.5,-1.33,105675,5539.0,3822.0,87.0,1630.0,50501.0,1.46,135.0,43.0,202.0,-294.0,4069.0,0.12,5.0,0.0,8.06,,ShowMarginChartWeek,FinMind_API_TaiwanStockMarginPurchaseShortSale_2317,True,2026-09-22T02:13:50,2026-09-22T02:13:50,2026-09-22T02:13:50
2317,鴻海,21W27,114.0,2.5,2.24,205408,12081.0,11979.0,196.0,-94.0,50407.0,1.45,1154.0,101.0,675.0,-1728.0,2341.0,0.07,16.0,0.0,4.64,,ShowMarginChartWeek,FinMind_API_TaiwanStockMarginPurchaseShortSale_2317,True,2026-09-22T02:13:50,2026-09-22T02:13:50,2026-09-22T02:13:50
2317,鴻海,21W28,119.5,5.5,4.82,178604,7580.0,9098.0,168.0,-1686.0,48719.0,1.41,680.0,30.0,1686.0,-2336.0,5.0,0.0,24.0,0.0,0.01,,ShowMarginChartWeek,FinMind_API_TaiwanStockMarginPurchaseShortSale_2317,True,2026-09-22T02:13:50,2026-09-22T02:13:50,2026-09-22T02:13:50
2317,鴻海,21W29,110.5,-9.0,-7.53,204104,6418.0,8547.0,191.0,-2320.0,46358.0,1.34,75.0,171.0,5.0,91.0,97.0,0.0,213.0,0.11,0.21,,ShowMarginChartWeek,FinMind_API_TaiwanStockMarginPurchaseShortSale_2317,True,2026-09-22T02:13:50,2026-09-22T02:13:50,2026-09-22T02:13:50
2317,鴻海,21W30,110.0,-0.5,-0.45,144839,3145.0,3794.0,550.0,-1199.0,45159.0,1.3,169.0,214.0,1.0,44.0,141.0,0.0,7.0,0.01,0.31,,ShowMarginChartWeek,FinMind_API_TaiwanStockMarginPurchaseShortSale_2317,True,2026-09-22T02:13:50,2026-09-22T02:13:50,2026-09-22T02:13:50
2317,鴻海,21W31,112.5,2.5,2.27,131891,4847.0,2769.0,230.0,1848.0,47007.0,1.36,137.0,132.0,0.0,-5.0,136.0,0.0,18.0,0.04,0.29,,ShowMarginChartWeek,FinMind_API_TaiwanStockMarginPurchaseShortSale_2317,True,2026-09-22T02:13:50,2026-09-22T02:13:50,2026-09-22T02:13:50
2317,鴻海,21W32,109.0,-3.5,-3.11,181856,4725.0,4901.0,84.0,-260.0,46747.0,1.35,562.0,2524.0,0.0,1962.0,2098.0,0.06,30.0,0.0,4.49,,ShowMarginChartWeek,FinMind_API_TaiwanStockMarginPurchaseShortSale_2317,True,2026-09-22T02:13:50,2026-09-22T02:13:50,2026-09-22T02:13:50
2317,鴻海,21W33,104.5,-4.5,-4.13,180832,3838.0,3488.0,156.0,194.0,46941.0,1.35,568.0,721.0,1601.0,-1448.0,650.0,0.02,39.0,0.02,1.38,,ShowMarginChartWeek,FinMind_API_TaiwanStockMarginPurchaseShortSale_2317,True,2026-09-22T02:13:50,2026-09-22T02:13:50,2026-09-22T02:13:50
2317,鴻海,21W34,108.0,3.5,3.35,83556,1661.0,2867.0,339.0,-1545.0,45396.0,1.31,374.0,324.0,0.0,-50.0,600.0,0.02,3.0,0.0,1.32,,ShowMarginChartWeek,FinMind_API_TaiwanStockMarginPurchaseShortSale_2317,True,2026-09-22T02:13:50,2026-09-22T02:13:50,2026-09-22T02:13:50
2317,鴻海,21W35,112.5,4.5,4.17,121246,4407.0,3881.0,188.0,338.0,45734.0,1.32,195.0,169.0,0.0,-26.0,574.0,0.02,7.0,0.0,1.26,,ShowMarginChartWeek,FinMind_API_TaiwanStockMarginPurchaseShortSale_2317,True,2026-09-22T02:13:50,2026-09-22T02:13:50,2026-09-22T02:13:50
2317,鴻海,21W36,108.0,-4.5,-4.0,104283,5411.0,3246.0,160.0,2005.0,47739.0,1.38,274.0,187.0,43.0,-130.0,444.0,0.01,14.0,0.04,0.93,,ShowMarginChartWeek,FinMind_API_TaiwanStockMarginPurchaseShortSale_2317,True,2026-09-22T02:13:50,2026-09-22T02:13:50,2026-09-22T02:13:50
2317,鴻海,21W37,108.5,0.5,0.46,168417,4500.0,2681.0,93.0,1726.0,49465.0,1.43,213.0,91.0,0.0,-122.0,322.0,0.01,18.0,0.01,0.65,,ShowMarginChartWeek,FinMind_API_TaiwanStockMarginPurchaseShortSale_2317,True,2026-09-22T02:13:50,2026-09-22T02:13:50,2026-09-22T02:13:50
2317,鴻海,21W38,107.5,-1.0,-0.92,73215,2715.0,1673.0,69.0,973.0,50438.0,1.46,174.0,356.0,0.0,182.0,504.0,0.01,6.0,0.0,1.0,,ShowMarginChartWeek,FinMind_API_TaiwanStockMarginPurchaseShortSale_2317,True,2026-09-22T02:13:50,2026-09-22T02:13:50,2026-09-22T02:13:50
2317,鴻海,21W39,103.0,-4.5,-4.19,129446,4221.0,4545.0,145.0,-469.0,49969.0,1.44,462.0,637.0,0.0,175.0,679.0,0.02,5.0,0.0,1.36,,ShowMarginChartWeek,FinMind_API_TaiwanStockMarginPurchaseShortSale_2317,True,2026-09-22T02:13:50,2026-09-22T02:13:50,2026-09-22T02:13:50
2317,鴻海,21W40,108.0,5.0,4.85,175026,7892.0,5017.0,170.0,2705.0,52674.0,1.52,670.0,585.0,0.0,-85.0,594.0,0.02,16.0,0.0,1.13,,ShowMarginChartWeek,FinMind_API_TaiwanStockMarginPurchaseShortSale_2317,True,2026-09-22T02:13:50,2026-09-22T02:13:50,2026-09-22T02:13:50
2317,鴻海,21W41,109.5,1.5,1.39,124681,5711.0,4474.0,65.0,1172.0,53846.0,1.55,284.0,550.0,1.0,265.0,859.0,0.02,23.0,0.01,1.6,,ShowMarginChartWeek,FinMind_API_TaiwanStockMarginPurchaseShortSale_2317,True,2026-09-22T02:13:50,2026-09-22T02:13:50,2026-09-22T02:13:50
2317,鴻海,21W42,107.5,-2.0,-1.83,143661,4384.0,6485.0,90.0,-2191.0,51655.0,1.49,602.0,529.0,26.0,-99.0,760.0,0.02,17.0,0.0,1.47,,ShowMarginChartWeek,FinMind_API_TaiwanStockMarginPurchaseShortSale_2317,True,2026-09-22T02:13:50,2026-09-22T02:13:50,2026-09-22T02:13:50
2317,鴻海,21W43,107.0,-0.5,-0.47,90347,3012.0,2867.0,85.0,60.0,51715.0,1.49,201.0,150.0,2.0,-53.0,707.0,0.02,12.0,0.0,1.37,,ShowMarginChartWeek,FinMind_API_TaiwanStockMarginPurchaseShortSale_2317,True,2026-09-22T02:13:50,2026-09-22T02:13:50,2026-09-22T02:13:50
2317,鴻海,21W44,109.0,2.0,1.87,81023,4306.0,3621.0,55.0,630.0,52345.0,1.51,140.0,112.0,0.0,-28.0,679.0,0.02,13.0,0.01,1.3,,ShowMarginChartWeek,FinMind_API_TaiwanStockMarginPurchaseShortSale_2317,True,2026-09-22T02:13:50,2026-09-22T02:13:50,2026-09-22T02:13:50
2317,鴻海,21W45,109.0,0.0,0.0,113406,5812.0,5224.0,354.0,234.0,52579.0,1.52,193.0,42.0,2.0,-153.0,526.0,0.02,16.0,0.0,1.0,,ShowMarginChartWeek,FinMind_API_TaiwanStockMarginPurchaseShortSale_2317,True,2026-09-22T02:13:50,2026-09-22T02:13:50,2026-09-22T02:13:50
2317,鴻海,21W46,106.5,-2.5,-2.29,128000,5130.0,4666.0,162.0,302.0,52881.0,1.53,105.0,43.0,3.0,-65.0,461.0,0.01,0.0,0.0,0.87,,ShowMarginChartWeek,FinMind_API_TaiwanStockMarginPurchaseShortSale_2317,True,2026-09-22T02:13:50,2026-09-22T02:13:50,2026-09-22T02:13:50
2317,鴻海,21W47,103.5,-3.0,-2.82,113350,4477.0,4880.0,831.0,-1234.0,51647.0,1.49,176.0,43.0,0.0,-133.0,328.0,0.01,0.0,0.0,0.64,,ShowMarginChartWeek,FinMind_API_TaiwanStockMarginPurchaseShortSale_2317,True,2026-09-22T02:13:50,2026-09-22T02:13:50,2026-09-22T02:13:50
2317,鴻海,21W48,105.0,1.5,1.45,146537,3488.0,2894.0,40.0,554.0,52201.0,1.51,123.0,91.0,1.0,-33.0,295.0,0.01,11.0,0.0,0.57,,ShowMarginChartWeek,FinMind_API_TaiwanStockMarginPurchaseShortSale_2317,True,2026-09-22T02:13:50,2026-09-22T02:13:50,2026-09-22T02:13:50
2317,鴻海,21W49,105.0,0.0,0.0,120736,3135.0,2566.0,155.0,414.0,52615.0,1.52,60.0,41.0,0.0,-19.0,276.0,0.01,8.0,0.0,0.52,,ShowMarginChartWeek,FinMind_API_TaiwanStockMarginPurchaseShortSale_2317,True,2026-09-22T02:13:50,2026-09-22T02:13:50,2026-09-22T02:13:50
2317,鴻海,21W50,103.5,-1.5,-1.43,139341,2291.0,1895.0,127.0,269.0,52871.0,1.53,67.0,17.0,0.0,-50.0,226.0,0.01,0.0,0.0,0.43,,ShowMarginChartWeek,FinMind_API_TaiwanStockMarginPurchaseShortSale_2317,True,2026-09-22T02:13:50,2026-09-22T02:13:50,2026-09-22T02:13:50
2317,鴻海,21W51,104.0,0.5,0.48,69226,1984.0,2081.0,208.0,-305.0,52566.0,1.52,32.0,40.0,0.0,8.0,234.0,0.01,2.0,0.0,0.45,,ShowMarginChartWeek,FinMind_API_TaiwanStockMarginPurchaseShortSale_2317,True,2026-09-22T02:13:50,2026-09-22T02:13:50,2026-09-22T02:13:50
2317,鴻海,21W52,104.0,0.0,0.0,55077,1389.0,1427.0,239.0,-277.0,52289.0,1.51,42.0,10.0,0.0,-32.0,202.0,0.01,24.0,0.01,0.39,,ShowMarginChartWeek,FinMind_API_TaiwanStockMarginPurchaseShortSale_2317,True,2026-09-22T02:13:50,2026-09-22T02:13:50,2026-09-22T02:13:50
2317,鴻海,22W01,106.5,2.5,2.4,272219,17904.0,11207.0,206.0,6491.0,58780.0,1.7,136.0,302.0,2.0,164.0,366.0,0.01,35.0,0.0,0.62,,ShowMarginChartWeek,FinMind_API_TaiwanStockMarginPurchaseShortSale_2317,True,2026-09-22T02:13:50,2026-09-22T02:13:50,2026-09-22T02:13:50
2317,鴻海,22W02,103.5,-3.0,-2.82,138822,3739.0,4960.0,213.0,-1434.0,57346.0,1.65,92.0,100.0,0.0,8.0,374.0,0.01,6.0,0.0,0.65,,ShowMarginChartWeek,FinMind_API_TaiwanStockMarginPurchaseShortSale_2317,True,2026-09-22T02:13:50,2026-09-22T02:13:50,2026-09-22T02:13:50
2317,鴻海,22W03,102.0,-1.5,-1.45,119055,2083.0,2820.0,363.0,-1100.0,56246.0,1.62,187.0,157.0,0.0,-30.0,344.0,0.01,12.0,0.03,0.61,,ShowMarginChartWeek,FinMind_API_TaiwanStockMarginPurchaseShortSale_2317,True,2026-09-22T02:13:50,2026-09-22T02:13:50,2026-09-22T02:13:50
2317,鴻海,22W04,102.0,0.0,0.0,104697,2278.0,4966.0,137.0,-2825.0,53421.0,1.54,101.0,105.0,0.0,4.0,348.0,0.01,5.0,0.0,0.65,,ShowMarginChartWeek,FinMind_API_TaiwanStockMarginPurchaseShortSale_2317,True,2026-09-22T02:13:50,2026-09-22T02:13:50,2026-09-22T02:13:50
2317,鴻海,22W06,106.0,4.0,3.92,138594,2973.0,3522.0,69.0,-618.0,52747.0,1.52,259.0,352.0,0.0,93.0,441.0,0.01,8.0,0.0,0.84,,ShowMarginChartWeek,FinMind_API_TaiwanStockMarginPurchaseShortSale_2317,True,2026-09-22T02:13:50,2026-09-22T02:13:50,2026-09-22T02:13:50
2317,鴻海,22W07,105.5,-0.5,-0.47,86488,1846.0,2191.0,93.0,-438.0,52309.0,1.51,86.0,90.0,3.0,1.0,442.0,0.01,17.0,0.0,0.84,,ShowMarginChartWeek,FinMind_API_TaiwanStockMarginPurchaseShortSale_2317,True,2026-09-22T02:13:50,2026-09-22T02:13:50,2026-09-22T02:13:50
2317,鴻海,22W08,103.0,-2.5,-2.37,141935,3816.0,3462.0,128.0,226.0,52535.0,1.52,299.0,183.0,0.0,-116.0,326.0,0.01,10.0,0.01,0.62,,ShowMarginChartWeek,FinMind_API_TaiwanStockMarginPurchaseShortSale_2317,True,2026-09-22T02:13:50,2026-09-22T02:13:50,2026-09-22T02:13:50
2317,鴻海,22W09,105.0,2.0,1.94,77235,1697.0,1822.0,187.0,-312.0,52223.0,1.51,52.0,57.0,0.0,5.0,331.0,0.01,2.0,0.01,0.63,,ShowMarginChartWeek,FinMind_API_TaiwanStockMarginPurchaseShortSale_2317,True,2026-09-22T02:13:50,2026-09-22T02:13:50,2026-09-22T02:13:50
2317,鴻海,22W10,103.5,-1.5,-1.43,190216,4408.0,3331.0,263.0,814.0,53037.0,1.53,203.0,105.0,36.0,-134.0,197.0,0.01,15.0,0.0,0.37,,ShowMarginChartWeek,FinMind_API_TaiwanStockMarginPurchaseShortSale_2317,True,2026-09-22T02:13:50,2026-09-22T02:13:50,2026-09-22T02:13:50
2317,鴻海,22W11,106.0,2.5,2.42,220672,3128.0,4122.0,248.0,-1242.0,51795.0,1.49,117.0,168.0,3.0,48.0,245.0,0.01,8.0,0.0,0.47,,ShowMarginChartWeek,FinMind_API_TaiwanStockMarginPurchaseShortSale_2317,True,2026-09-22T02:13:50,2026-09-22T02:13:50,2026-09-22T02:13:50
2317,鴻海,22W12,106.0,0.0,0.0,134356,8030.0,4569.0,335.0,3126.0,54921.0,1.58,236.0,19.0,25.0,-242.0,3.0,0.0,5.0,0.0,0.01,,ShowMarginChartWeek,FinMind_API_TaiwanStockMarginPurchaseShortSale_2317,True,2026-09-22T02:13:50,2026-09-22T02:13:50,2026-09-22T02:13:50
2317,鴻海,22W13,104.5,-1.5,-1.42,104524,1666.0,3235.0,153.0,-1722.0,53199.0,1.53,0.0,21.0,3.0,18.0,21.0,0.0,56.0,0.1,0.04,,ShowMarginChartWeek,FinMind_API_TaiwanStockMarginPurchaseShortSale_2317,True,2026-09-22T02:13:50,2026-09-22T02:13:50,2026-09-22T02:13:50
2317,鴻海,22W14,103.0,-1.5,-1.44,94390,2060.0,4157.0,105.0,-2202.0,50997.0,1.47,18.0,50.0,0.0,32.0,53.0,0.0,1.0,0.0,0.1,,ShowMarginChartWeek,FinMind_API_TaiwanStockMarginPurchaseShortSale_2317,True,2026-09-22T02:13:50,2026-09-22T02:13:50,2026-09-22T02:13:50
2317,鴻海,22W15,103.0,0.0,0.0,83748,4078.0,3804.0,180.0,94.0,51091.0,1.47,24.0,326.0,0.0,302.0,355.0,0.01,2.0,0.0,0.69,,ShowMarginChartWeek,FinMind_API_TaiwanStockMarginPurchaseShortSale_2317,True,2026-09-22T02:13:50,2026-09-22T02:13:50,2026-09-22T02:13:50
2317,鴻海,22W16,103.5,0.5,0.49,83954,1612.0,3155.0,167.0,-1710.0,49381.0,1.42,222.0,83.0,0.0,-139.0,216.0,0.01,2.0,0.01,0.44,,ShowMarginChartWeek,FinMind_API_TaiwanStockMarginPurchaseShortSale_2317,True,2026-09-22T02:13:50,2026-09-22T02:13:50,2026-09-22T02:13:50
2317,鴻海,22W17,102.0,-1.5,-1.45,139084,2416.0,2738.0,448.0,-770.0,48611.0,1.4,115.0,1147.0,0.0,1032.0,1248.0,0.04,15.0,0.0,2.57,,ShowMarginChartWeek,FinMind_API_TaiwanStockMarginPurchaseShortSale_2317,True,2026-09-22T02:13:50,2026-09-22T02:13:50,2026-09-22T02:13:50
2317,鴻海,22W18,104.0,2.0,1.96,120816,1479.0,2237.0,114.0,-872.0,47739.0,1.38,143.0,385.0,1020.0,-778.0,470.0,0.01,3.0,0.0,0.98,,ShowMarginChartWeek,FinMind_API_TaiwanStockMarginPurchaseShortSale_2317,True,2026-09-22T02:13:50,2026-09-22T02:13:50,2026-09-22T02:13:50
2317,鴻海,22W19,104.0,0.0,0.0,106554,1906.0,1680.0,32.0,194.0,47933.0,1.38,183.0,193.0,1.0,9.0,479.0,0.01,0.0,0.0,1.0,,ShowMarginChartWeek,FinMind_API_TaiwanStockMarginPurchaseShortSale_2317,True,2026-09-22T02:13:50,2026-09-22T02:13:50,2026-09-22T02:13:50
2317,鴻海,22W20,107.0,3.0,2.88,194657,5106.0,4628.0,141.0,337.0,48270.0,1.39,611.0,749.0,1.0,137.0,616.0,0.02,28.0,0.04,1.28,,ShowMarginChartWeek,FinMind_API_TaiwanStockMarginPurchaseShortSale_2317,True,2026-09-22T02:13:50,2026-09-22T02:13:50,2026-09-22T02:13:50
2317,鴻海,22W21,110.0,3.0,2.8,242411,8978.0,8413.0,74.0,491.0,48761.0,1.41,185.0,445.0,41.0,219.0,835.0,0.02,12.0,0.01,1.71,,ShowMarginChartWeek,FinMind_API_TaiwanStockMarginPurchaseShortSale_2317,True,2026-09-22T02:13:50,2026-09-22T02:13:50,2026-09-22T02:13:50
2317,鴻海,22W22,114.0,4.0,3.64,257002,5619.0,9051.0,86.0,-3518.0,45243.0,1.31,160.0,310.0,10.0,140.0,975.0,0.03,10.0,0.0,2.16,,ShowMarginChartWeek,FinMind_API_TaiwanStockMarginPurchaseShortSale_2317,True,2026-09-22T02:13:50,2026-09-22T02:13:50,2026-09-22T02:13:50
2317,鴻海,22W23,114.0,0.0,0.0,147058,5265.0,6329.0,117.0,-1181.0,44062.0,1.27,155.0,202.0,1.0,46.0,1021.0,0.03,2.0,0.0,2.32,,ShowMarginChartWeek,FinMind_API_TaiwanStockMarginPurchaseShortSale_2317,True,2026-09-22T02:13:50,2026-09-22T02:13:50,2026-09-22T02:13:50
2317,鴻海,22W24,109.5,-4.5,-3.95,186570,4471.0,7619.0,105.0,-3253.0,40809.0,1.18,679.0,163.0,0.0,-516.0,505.0,0.01,7.0,0.0,1.24,,ShowMarginChartWeek,FinMind_API_TaiwanStockMarginPurchaseShortSale_2317,True,2026-09-22T02:13:50,2026-09-22T02:13:50,2026-09-22T02:13:50
2317,鴻海,22W25,110.0,0.5,0.46,179527,5726.0,5731.0,101.0,-106.0,40703.0,1.17,324.0,117.0,31.0,-238.0,267.0,0.01,27.0,0.01,0.66,,ShowMarginChartWeek,FinMind_API_TaiwanStockMarginPurchaseShortSale_2317,True,2026-09-22T02:13:50,2026-09-22T02:13:50,2026-09-22T02:13:50
2317,鴻海,22W26,106.0,-4.0,-3.64,199646,7819.0,9036.0,138.0,-1355.0,39348.0,1.14,232.0,1.0,36.0,-267.0,0.0,0.0,0.0,0.0,0.0,,ShowMarginChartWeek,FinMind_API_TaiwanStockMarginPurchaseShortSale_2317,True,2026-09-22T02:13:50,2026-09-22T02:13:50,2026-09-22T02:13:50
2317,鴻海,22W27,102.0,-4.0,-3.77,238857,6343.0,5314.0,168.0,861.0,40209.0,1.16,787.0,1126.0,1.0,338.0,338.0,0.01,1371.0,0.0,0.84,,ShowMarginChartWeek,FinMind_API_TaiwanStockMarginPurchaseShortSale_2317,True,2026-09-22T02:13:50,2026-09-22T02:13:50,2026-09-22T02:13:50
2317,鴻海,22W28,105.0,3.0,2.94,149293,4479.0,4493.0,178.0,-192.0,40017.0,1.15,218.0,347.0,0.0,129.0,467.0,0.01,3.0,0.0,1.17,,ShowMarginChartWeek,FinMind_API_TaiwanStockMarginPurchaseShortSale_2317,True,2026-09-22T02:13:50,2026-09-22T02:13:50,2026-09-22T02:13:50
2317,鴻海,22W29,106.0,1.0,0.95,126753,3939.0,4560.0,248.0,-869.0,39148.0,1.13,209.0,268.0,1.0,58.0,525.0,0.02,5.0,0.01,1.34,,ShowMarginChartWeek,FinMind_API_TaiwanStockMarginPurchaseShortSale_2317,True,2026-09-22T02:13:50,2026-09-22T02:13:50,2026-09-22T02:13:50
2317,鴻海,22W30,109.0,3.0,2.83,139510,2601.0,3871.0,493.0,-1763.0,37385.0,1.08,122.0,190.0,1.0,67.0,592.0,0.02,7.0,0.0,1.58,,ShowMarginChartWeek,FinMind_API_TaiwanStockMarginPurchaseShortSale_2317,True,2026-09-22T02:13:50,2026-09-22T02:13:50,2026-09-22T02:13:50
2317,鴻海,22W31,108.0,-1.0,-0.92,152719,3013.0,3612.0,274.0,-873.0,36512.0,1.05,281.0,323.0,0.0,42.0,634.0,0.02,17.0,0.01,1.74,,ShowMarginChartWeek,FinMind_API_TaiwanStockMarginPurchaseShortSale_2317,True,2026-09-22T02:13:50,2026-09-22T02:13:50,2026-09-22T02:13:50
2317,鴻海,22W32,112.5,4.5,4.17,217144,5729.0,8428.0,208.0,-2907.0,33605.0,0.97,127.0,348.0,5.0,216.0,850.0,0.02,6.0,0.0,2.53,,ShowMarginChartWeek,FinMind_API_TaiwanStockMarginPurchaseShortSale_2317,True,2026-09-22T02:13:50,2026-09-22T02:13:50,2026-09-22T02:13:50
2317,鴻海,22W33,111.0,-1.5,-1.33,136018,3049.0,2606.0,140.0,303.0,33908.0,0.98,141.0,73.0,1.0,-69.0,781.0,0.02,6.0,0.0,2.3,,ShowMarginChartWeek,FinMind_API_TaiwanStockMarginPurchaseShortSale_2317,True,2026-09-22T02:13:50,2026-09-22T02:13:50,2026-09-22T02:13:50
2317,鴻海,22W34,110.5,-0.5,-0.45,90862,2223.0,2330.0,56.0,-163.0,33745.0,0.97,98.0,36.0,6.0,-68.0,713.0,0.02,1.0,0.0,2.11,,ShowMarginChartWeek,FinMind_API_TaiwanStockMarginPurchaseShortSale_2317,True,2026-09-22T02:13:50,2026-09-22T02:13:50,2026-09-22T02:13:50
2317,鴻海,22W35,107.5,-3.0,-2.71,133765,3587.0,2563.0,157.0,867.0,34612.0,1.0,220.0,58.0,1.0,-163.0,550.0,0.02,8.0,0.01,1.59,,ShowMarginChartWeek,FinMind_API_TaiwanStockMarginPurchaseShortSale_2317,True,2026-09-22T02:13:50,2026-09-22T02:13:50,2026-09-22T02:13:50
2317,鴻海,22W36,107.0,-0.5,-0.47,87498,1893.0,2169.0,128.0,-404.0,34208.0,0.99,59.0,48.0,0.0,-11.0,539.0,0.02,5.0,0.01,1.58,,ShowMarginChartWeek,FinMind_API_TaiwanStockMarginPurchaseShortSale_2317,True,2026-09-22T02:13:50,2026-09-22T02:13:50,2026-09-22T02:13:50
2317,鴻海,22W37,107.5,0.5,0.47,133100,4487.0,3093.0,203.0,1191.0,35399.0,1.02,406.0,532.0,0.0,126.0,665.0,0.02,9.0,0.0,1.88,,ShowMarginChartWeek,FinMind_API_TaiwanStockMarginPurchaseShortSale_2317,True,2026-09-22T02:13:50,2026-09-22T02:13:50,2026-09-22T02:13:50
2317,鴻海,22W38,106.5,-1.0,-0.93,109844,2011.0,2054.0,164.0,-207.0,35192.0,1.02,197.0,150.0,0.0,-47.0,618.0,0.02,1.0,0.0,1.76,,ShowMarginChartWeek,FinMind_API_TaiwanStockMarginPurchaseShortSale_2317,True,2026-09-22T02:13:50,2026-09-22T02:13:50,2026-09-22T02:13:50
2317,鴻海,22W39,102.0,-4.5,-4.23,181021,4515.0,5889.0,245.0,-1619.0,33573.0,0.97,315.0,309.0,1.0,-7.0,611.0,0.02,15.0,0.01,1.82,,ShowMarginChartWeek,FinMind_API_TaiwanStockMarginPurchaseShortSale_2317,True,2026-09-22T02:13:50,2026-09-22T02:13:50,2026-09-22T02:13:50
2317,鴻海,22W40,107.5,5.5,5.39,141290,4781.0,5131.0,351.0,-701.0,32872.0,0.95,100.0,158.0,1.0,57.0,668.0,0.02,11.0,0.0,2.03,,ShowMarginChartWeek,FinMind_API_TaiwanStockMarginPurchaseShortSale_2317,True,2026-09-22T02:13:50,2026-09-22T02:13:50,2026-09-22T02:13:50
2317,鴻海,22W41,105.0,-2.5,-2.33,134651,5182.0,4260.0,145.0,777.0,33649.0,0.97,195.0,160.0,5.0,-40.0,628.0,0.02,4.0,0.0,1.87,,ShowMarginChartWeek,FinMind_API_TaiwanStockMarginPurchaseShortSale_2317,True,2026-09-22T02:13:50,2026-09-22T02:13:50,2026-09-22T02:13:50
2317,鴻海,22W42,103.5,-1.5,-1.43,204853,4554.0,4870.0,179.0,-495.0,33154.0,0.96,94.0,333.0,0.0,239.0,867.0,0.03,27.0,0.02,2.62,,ShowMarginChartWeek,FinMind_API_TaiwanStockMarginPurchaseShortSale_2317,True,2026-09-22T02:13:50,2026-09-22T02:13:50,2026-09-22T02:13:50
2317,鴻海,22W43,104.0,0.5,0.48,149951,2258.0,3207.0,201.0,-1150.0,32004.0,0.92,137.0,148.0,0.0,11.0,878.0,0.03,4.0,0.0,2.74,,ShowMarginChartWeek,FinMind_API_TaiwanStockMarginPurchaseShortSale_2317,True,2026-09-22T02:13:50,2026-09-22T02:13:50,2026-09-22T02:13:50
2317,鴻海,22W44,100.5,-3.5,-3.37,232127,3708.0,1901.0,140.0,1667.0,33671.0,0.97,366.0,619.0,0.0,253.0,1131.0,0.03,13.0,0.01,3.36,,ShowMarginChartWeek,FinMind_API_TaiwanStockMarginPurchaseShortSale_2317,True,2026-09-22T02:13:50,2026-09-22T02:13:50,2026-09-22T02:13:50
2317,鴻海,22W45,100.0,-0.5,-0.5,243863,10194.0,3974.0,113.0,6107.0,39778.0,1.15,376.0,261.0,7.0,-122.0,1009.0,0.03,16.0,0.01,2.54,,ShowMarginChartWeek,FinMind_API_TaiwanStockMarginPurchaseShortSale_2317,True,2026-09-22T02:13:50,2026-09-22T02:13:50,2026-09-22T02:13:50
2317,鴻海,22W46,100.5,0.5,0.5,233033,9872.0,6228.0,207.0,3437.0,43215.0,1.25,418.0,344.0,4.0,-78.0,931.0,0.03,16.0,0.0,2.15,,ShowMarginChartWeek,FinMind_API_TaiwanStockMarginPurchaseShortSale_2317,True,2026-09-22T02:13:50,2026-09-22T02:13:50,2026-09-22T02:13:50
2317,鴻海,22W47,100.5,0.0,0.0,168777,5425.0,4090.0,182.0,1153.0,44368.0,1.28,362.0,96.0,0.0,-266.0,665.0,0.02,3.0,0.0,1.5,,ShowMarginChartWeek,FinMind_API_TaiwanStockMarginPurchaseShortSale_2317,True,2026-09-22T02:13:50,2026-09-22T02:13:50,2026-09-22T02:13:50
2317,鴻海,22W48,105.5,5.0,4.98,316952,12106.0,11547.0,306.0,253.0,44621.0,1.29,524.0,509.0,1.0,-16.0,649.0,0.02,23.0,0.01,1.45,,ShowMarginChartWeek,FinMind_API_TaiwanStockMarginPurchaseShortSale_2317,True,2026-09-22T02:13:50,2026-09-22T02:13:50,2026-09-22T02:13:50
2317,鴻海,22W49,102.0,-3.5,-3.32,210489,10004.0,7503.0,210.0,2291.0,46912.0,1.35,249.0,112.0,0.0,-137.0,512.0,0.01,11.0,0.0,1.09,,ShowMarginChartWeek,FinMind_API_TaiwanStockMarginPurchaseShortSale_2317,True,2026-09-22T02:13:50,2026-09-22T02:13:50,2026-09-22T02:13:50
2317,鴻海,22W50,100.5,-1.5,-1.47,179200,3868.0,3786.0,217.0,-135.0,46777.0,1.35,179.0,62.0,0.0,-117.0,395.0,0.01,8.0,0.0,0.84,,ShowMarginChartWeek,FinMind_API_TaiwanStockMarginPurchaseShortSale_2317,True,2026-09-22T02:13:50,2026-09-22T02:13:50,2026-09-22T02:13:50
2317,鴻海,22W51,101.0,0.5,0.5,139801,1899.0,2964.0,111.0,-1176.0,45601.0,1.32,51.0,148.0,0.0,97.0,492.0,0.01,3.0,0.01,1.08,,ShowMarginChartWeek,FinMind_API_TaiwanStockMarginPurchaseShortSale_2317,True,2026-09-22T02:13:50,2026-09-22T02:13:50,2026-09-22T02:13:50
2317,鴻海,22W52,99.9,-1.0999999999999943,-1.09,97548,1946.0,2336.0,231.0,-621.0,44980.0,1.3,42.0,93.0,0.0,51.0,543.0,0.02,10.0,0.0,1.21,,ShowMarginChartWeek,FinMind_API_TaiwanStockMarginPurchaseShortSale_2317,True,2026-09-22T02:13:50,2026-09-22T02:13:50,2026-09-22T02:13:50
2317,鴻海,23W01,98.4,-1.5,-1.5,147850,3049.0,3308.0,315.0,-574.0,44406.0,1.28,172.0,502.0,0.0,330.0,873.0,0.03,19.0,0.01,1.97,,ShowMarginChartWeek,FinMind_API_TaiwanStockMarginPurchaseShortSale_2317,True,2026-09-22T02:13:50,2026-09-22T02:13:50,2026-09-22T02:13:50
2317,鴻海,23W02,98.6,0.19999999999998863,0.2,118636,1925.0,2662.0,413.0,-1150.0,43256.0,1.25,413.0,80.0,20.0,-353.0,520.0,0.02,5.0,0.0,1.2,,ShowMarginChartWeek,FinMind_API_TaiwanStockMarginPurchaseShortSale_2317,True,2026-09-22T02:13:50,2026-09-22T02:13:50,2026-09-22T02:13:50
2317,鴻海,23W03,98.1,-0.5,-0.51,61547,1001.0,1278.0,272.0,-549.0,42707.0,1.23,82.0,21.0,5.0,-66.0,454.0,0.01,2.0,0.0,1.06,,ShowMarginChartWeek,FinMind_API_TaiwanStockMarginPurchaseShortSale_2317,True,2026-09-22T02:13:50,2026-09-22T02:13:50,2026-09-22T02:13:50
2317,鴻海,23W05,99.6,1.5,1.53,306974,9798.0,5017.0,252.0,4529.0,47181.0,1.36,107.0,71.0,1.0,-37.0,417.0,0.01,12.0,0.01,0.88,,ShowMarginChartWeek,FinMind_API_TaiwanStockMarginPurchaseShortSale_2317,True,2026-09-22T02:13:50,2026-09-22T02:13:50,2026-09-22T02:13:50
2317,鴻海,23W06,101.5,1.9000000000000057,1.91,162432,6796.0,6867.0,170.0,-241.0,46940.0,1.35,132.0,358.0,0.0,226.0,643.0,0.02,5.0,0.0,1.37,,ShowMarginChartWeek,FinMind_API_TaiwanStockMarginPurchaseShortSale_2317,True,2026-09-22T02:13:50,2026-09-22T02:13:50,2026-09-22T02:13:50
2317,鴻海,23W07,103.5,2.0,1.97,144233,4924.0,5904.0,327.0,-1307.0,45611.0,1.32,138.0,68.0,33.0,-103.0,540.0,0.02,2.0,0.0,1.18,,ShowMarginChartWeek,FinMind_API_TaiwanStockMarginPurchaseShortSale_2317,True,2026-09-22T02:13:50,2026-09-22T02:13:50,2026-09-22T02:13:50
2317,鴻海,23W08,101.0,-2.5,-2.42,137790,4832.0,5170.0,147.0,-485.0,45126.0,1.3,239.0,29.0,10.0,-220.0,320.0,0.01,2.0,0.0,0.71,,ShowMarginChartWeek,FinMind_API_TaiwanStockMarginPurchaseShortSale_2317,True,2026-09-22T02:13:50,2026-09-22T02:13:50,2026-09-22T02:13:50
2317,鴻海,23W09,102.5,1.5,1.49,105362,4239.0,2973.0,243.0,1023.0,46149.0,1.33,39.0,79.0,0.0,40.0,360.0,0.01,9.0,0.0,0.78,,ShowMarginChartWeek,FinMind_API_TaiwanStockMarginPurchaseShortSale_2317,True,2026-09-22T02:13:50,2026-09-22T02:13:50,2026-09-22T02:13:50
2317,鴻海,23W10,102.0,-0.5,-0.49,233515,9262.0,9813.0,162.0,-713.0,45436.0,1.31,118.0,60.0,0.0,-58.0,302.0,0.01,1.0,0.0,0.66,,ShowMarginChartWeek,FinMind_API_TaiwanStockMarginPurchaseShortSale_2317,True,2026-09-22T02:13:50,2026-09-22T02:13:50,2026-09-22T02:13:50
2317,鴻海,23W11,103.5,1.5,1.47,167268,5780.0,5208.0,81.0,491.0,45927.0,1.33,94.0,90.0,5.0,-9.0,293.0,0.01,3.0,0.0,0.64,,ShowMarginChartWeek,FinMind_API_TaiwanStockMarginPurchaseShortSale_2317,True,2026-09-22T02:13:50,2026-09-22T02:13:50,2026-09-22T02:13:50
2317,鴻海,23W12,105.5,2.0,1.93,168387,6136.0,7460.0,177.0,-1501.0,44426.0,1.28,210.0,4.0,84.0,-290.0,3.0,0.0,0.0,0.0,0.01,,ShowMarginChartWeek,FinMind_API_TaiwanStockMarginPurchaseShortSale_2317,True,2026-09-22T02:13:50,2026-09-22T02:13:50,2026-09-22T02:13:50
2317,鴻海,23W13,104.0,-1.5,-1.42,121444,3414.0,4470.0,422.0,-1478.0,42948.0,1.24,0.0,25.0,3.0,22.0,25.0,0.0,39.0,0.08,0.06,,ShowMarginChartWeek,FinMind_API_TaiwanStockMarginPurchaseShortSale_2317,True,2026-09-22T02:13:50,2026-09-22T02:13:50,2026-09-22T02:13:50
2317,鴻海,23W14,103.0,-1.0,-0.96,51200,1965.0,1332.0,31.0,602.0,43550.0,1.26,1.0,30.0,0.0,29.0,54.0,0.0,2.0,0.0,0.12,,ShowMarginChartWeek,FinMind_API_TaiwanStockMarginPurchaseShortSale_2317,True,2026-09-22T02:13:50,2026-09-22T02:13:50,2026-09-22T02:13:50
2317,鴻海,23W15,104.5,1.5,1.46,111952,2346.0,3010.0,181.0,-845.0,42705.0,1.23,19.0,34.0,0.0,15.0,69.0,0.0,3.0,0.01,0.16,,ShowMarginChartWeek,FinMind_API_TaiwanStockMarginPurchaseShortSale_2317,True,2026-09-22T02:13:50,2026-09-22T02:13:50,2026-09-22T02:13:50
2317,鴻海,23W16,104.0,-0.5,-0.48,103495,1528.0,4460.0,243.0,-3175.0,39530.0,1.14,29.0,19.0,0.0,-10.0,59.0,0.0,5.0,0.01,0.15,,ShowMarginChartWeek,FinMind_API_TaiwanStockMarginPurchaseShortSale_2317,True,2026-09-22T02:13:50,2026-09-22T02:13:50,2026-09-22T02:13:50
2317,鴻海,23W17,104.5,0.5,0.48,118945,1597.0,2709.0,49.0,-1161.0,38369.0,1.11,11.0,41.0,0.0,30.0,89.0,0.0,0.0,0.0,0.23,,ShowMarginChartWeek,FinMind_API_TaiwanStockMarginPurchaseShortSale_2317,True,2026-09-22T02:13:50,2026-09-22T02:13:50,2026-09-22T02:13:50
2317,鴻海,23W18,105.0,0.5,0.48,102765,2877.0,2834.0,108.0,-65.0,38304.0,1.11,138.0,155.0,0.0,17.0,106.0,0.0,0.0,0.0,0.28,,ShowMarginChartWeek,FinMind_API_TaiwanStockMarginPurchaseShortSale_2317,True,2026-09-22T02:13:50,2026-09-22T02:13:50,2026-09-22T02:13:50
2317,鴻海,23W19,102.5,-2.5,-2.38,162944,6584.0,5528.0,271.0,785.0,39089.0,1.13,259.0,269.0,1.0,9.0,115.0,0.0,15.0,0.02,0.29,,ShowMarginChartWeek,FinMind_API_TaiwanStockMarginPurchaseShortSale_2317,True,2026-09-22T02:13:50,2026-09-22T02:13:50,2026-09-22T02:13:50
2317,鴻海,23W20,103.0,0.5,0.49,170891,3427.0,3577.0,116.0,-266.0,38823.0,1.12,89.0,83.0,0.0,-6.0,109.0,0.0,0.0,0.0,0.28,,ShowMarginChartWeek,FinMind_API_TaiwanStockMarginPurchaseShortSale_2317,True,2026-09-22T02:13:50,2026-09-22T02:13:50,2026-09-22T02:13:50
2317,鴻海,23W21,102.5,-0.5,-0.49,119467,1639.0,2293.0,144.0,-798.0,38025.0,1.1,18.0,5.0,2.0,-15.0,94.0,0.0,0.0,0.0,0.25,,ShowMarginChartWeek,FinMind_API_TaiwanStockMarginPurchaseShortSale_2317,True,2026-09-22T02:13:50,2026-09-22T02:13:50,2026-09-22T02:13:50
2317,鴻海,23W22,108.0,5.5,5.37,327712,15592.0,16014.0,196.0,-618.0,37407.0,1.08,12.0,89.0,5.0,72.0,166.0,0.0,9.0,0.0,0.44,,ShowMarginChartWeek,FinMind_API_TaiwanStockMarginPurchaseShortSale_2317,True,2026-09-22T02:13:50,2026-09-22T02:13:50,2026-09-22T02:13:50
2317,鴻海,23W23,108.0,0.0,0.0,117603,3228.0,5672.0,47.0,-2491.0,34916.0,1.01,92.0,72.0,6.0,-26.0,140.0,0.0,5.0,0.0,0.4,,ShowMarginChartWeek,FinMind_API_TaiwanStockMarginPurchaseShortSale_2317,True,2026-09-22T02:13:50,2026-09-22T02:13:50,2026-09-22T02:13:50
2317,鴻海,23W24,111.0,3.0,2.78,288578,15618.0,16324.0,56.0,-762.0,34154.0,0.99,179.0,250.0,3.0,68.0,208.0,0.01,26.0,0.0,0.61,,ShowMarginChartWeek,FinMind_API_TaiwanStockMarginPurchaseShortSale_2317,True,2026-09-22T02:13:50,2026-09-22T02:13:50,2026-09-22T02:13:50
2317,鴻海,23W25,113.0,2.0,1.8,90921,1779.0,3073.0,52.0,-1346.0,32808.0,0.95,58.0,15.0,1.0,-44.0,164.0,0.0,1.0,0.0,0.5,,ShowMarginChartWeek,FinMind_API_TaiwanStockMarginPurchaseShortSale_2317,True,2026-09-22T02:13:50,2026-09-22T02:13:50,2026-09-22T02:13:50
2317,鴻海,23W26,113.0,0.0,0.0,302025,11185.0,9509.0,176.0,1500.0,34308.0,0.99,216.0,64.0,12.0,-164.0,0.0,0.0,3.0,0.0,0.0,,ShowMarginChartWeek,FinMind_API_TaiwanStockMarginPurchaseShortSale_2317,True,2026-09-22T02:13:50,2026-09-22T02:13:50,2026-09-22T02:13:50
2317,鴻海,23W27,105.5,-7.5,-6.64,329373,14331.0,8438.0,146.0,5747.0,40055.0,1.16,22.0,87.0,0.0,65.0,65.0,0.0,534.0,0.0,0.16,,ShowMarginChartWeek,FinMind_API_TaiwanStockMarginPurchaseShortSale_2317,True,2026-09-22T02:13:50,2026-09-22T02:13:50,2026-09-22T02:13:50
2317,鴻海,23W28,109.5,4.0,3.79,160484,10020.0,4252.0,153.0,5615.0,45670.0,1.32,71.0,113.0,0.0,42.0,107.0,0.0,5.0,0.0,0.23,,ShowMarginChartWeek,FinMind_API_TaiwanStockMarginPurchaseShortSale_2317,True,2026-09-22T02:13:50,2026-09-22T02:13:50,2026-09-22T02:13:50
2317,鴻海,23W29,107.5,-2.0,-1.83,207604,11912.0,10487.0,387.0,1038.0,46708.0,1.35,99.0,92.0,3.0,-10.0,97.0,0.0,53.0,0.0,0.21,,ShowMarginChartWeek,FinMind_API_TaiwanStockMarginPurchaseShortSale_2317,True,2026-09-22T02:13:50,2026-09-22T02:13:50,2026-09-22T02:13:50
2317,鴻海,23W30,109.5,2.0,1.86,167518,7736.0,8835.0,353.0,-1452.0,45256.0,1.31,88.0,240.0,50.0,102.0,199.0,0.01,19.0,0.0,0.44,,ShowMarginChartWeek,FinMind_API_TaiwanStockMarginPurchaseShortSale_2317,True,2026-09-22T02:13:50,2026-09-22T02:13:50,2026-09-22T02:13:50
2317,鴻海,23W31,111.0,1.5,1.37,129063,6250.0,4651.0,161.0,1438.0,46694.0,1.35,110.0,69.0,0.0,-41.0,158.0,0.0,6.0,0.0,0.34,,ShowMarginChartWeek,FinMind_API_TaiwanStockMarginPurchaseShortSale_2317,True,2026-09-22T02:13:50,2026-09-22T02:13:50,2026-09-22T02:13:50
2317,鴻海,23W32,108.5,-2.5,-2.25,140657,4982.0,3854.0,2198.0,-1070.0,45624.0,1.32,72.0,103.0,0.0,31.0,189.0,0.01,2.0,0.0,0.41,,ShowMarginChartWeek,FinMind_API_TaiwanStockMarginPurchaseShortSale_2317,True,2026-09-22T02:13:50,2026-09-22T02:13:50,2026-09-22T02:13:50
2317,鴻海,23W33,106.0,-2.5,-2.3,181487,11017.0,10433.0,297.0,287.0,45911.0,1.32,332.0,278.0,1.0,-55.0,134.0,0.0,17.0,0.0,0.29,,ShowMarginChartWeek,FinMind_API_TaiwanStockMarginPurchaseShortSale_2317,True,2026-09-22T02:13:50,2026-09-22T02:13:50,2026-09-22T02:13:50
2317,鴻海,23W34,108.0,2.0,1.89,113081,7794.0,4431.0,171.0,3192.0,49103.0,1.42,80.0,47.0,0.0,-33.0,101.0,0.0,6.0,0.0,0.21,,ShowMarginChartWeek,FinMind_API_TaiwanStockMarginPurchaseShortSale_2317,True,2026-09-22T02:13:50,2026-09-22T02:13:50,2026-09-22T02:13:50
2317,鴻海,23W35,107.5,-0.5,-0.46,174268,12499.0,5638.0,1592.0,5269.0,54372.0,1.57,132.0,516.0,0.0,384.0,485.0,0.01,9.0,0.0,0.89,,ShowMarginChartWeek,FinMind_API_TaiwanStockMarginPurchaseShortSale_2317,True,2026-09-22T02:13:50,2026-09-22T02:13:50,2026-09-22T02:13:50
2317,鴻海,23W36,106.0,-1.5,-1.4,80008,5302.0,2560.0,1117.0,1625.0,55997.0,1.62,88.0,20.0,0.0,-68.0,417.0,0.01,0.0,0.0,0.74,,ShowMarginChartWeek,FinMind_API_TaiwanStockMarginPurchaseShortSale_2317,True,2026-09-22T02:13:50,2026-09-22T02:13:50,2026-09-22T02:13:50
2317,鴻海,23W37,106.0,0.0,0.0,118075,3602.0,2419.0,39.0,1144.0,57141.0,1.65,370.0,43.0,0.0,-327.0,90.0,0.0,0.0,0.0,0.16,,ShowMarginChartWeek,FinMind_API_TaiwanStockMarginPurchaseShortSale_2317,True,2026-09-22T02:13:50,2026-09-22T02:13:50,2026-09-22T02:13:50
2317,鴻海,23W38,105.0,-1.0,-0.94,90138,3267.0,2281.0,2709.0,-1723.0,55418.0,1.6,18.0,6.0,0.0,-12.0,78.0,0.0,2.0,0.0,0.14,,ShowMarginChartWeek,FinMind_API_TaiwanStockMarginPurchaseShortSale_2317,True,2026-09-22T02:13:50,2026-09-22T02:13:50,2026-09-22T02:13:50
2317,鴻海,23W39,104.0,-1.0,-0.95,88391,1640.0,1598.0,7675.0,-7633.0,47785.0,1.38,11.0,47.0,0.0,36.0,114.0,0.0,0.0,0.0,0.24,,ShowMarginChartWeek,FinMind_API_TaiwanStockMarginPurchaseShortSale_2317,True,2026-09-22T02:13:50,2026-09-22T02:13:50,2026-09-22T02:13:50
2317,鴻海,23W40,105.5,1.5,1.44,104548,2631.0,2755.0,63.0,-187.0,47598.0,1.37,36.0,44.0,0.0,8.0,122.0,0.0,3.0,0.0,0.26,,ShowMarginChartWeek,FinMind_API_TaiwanStockMarginPurchaseShortSale_2317,True,2026-09-22T02:13:50,2026-09-22T02:13:50,2026-09-22T02:13:50
2317,鴻海,23W41,107.5,2.0,1.9,96765,2522.0,2415.0,23.0,84.0,47682.0,1.38,3.0,39.0,1.0,35.0,157.0,0.0,3.0,0.0,0.33,,ShowMarginChartWeek,FinMind_API_TaiwanStockMarginPurchaseShortSale_2317,True,2026-09-22T02:13:50,2026-09-22T02:13:50,2026-09-22T02:13:50
2317,鴻海,23W42,103.5,-4.0,-3.72,139788,4437.0,1869.0,118.0,2450.0,50132.0,1.45,108.0,70.0,0.0,-38.0,119.0,0.0,7.0,0.0,0.24,,ShowMarginChartWeek,FinMind_API_TaiwanStockMarginPurchaseShortSale_2317,True,2026-09-22T02:13:50,2026-09-22T02:13:50,2026-09-22T02:13:50
2317,鴻海,23W43,98.2,-5.299999999999997,-5.12,315354,5454.0,5674.0,2196.0,-2416.0,47716.0,1.38,545.0,1063.0,0.0,518.0,637.0,0.02,33.0,0.01,1.33,,ShowMarginChartWeek,FinMind_API_TaiwanStockMarginPurchaseShortSale_2317,True,2026-09-22T02:13:50,2026-09-22T02:13:50,2026-09-22T02:13:50
2317,鴻海,23W44,95.8,-2.4000000000000057,-2.44,299617,6047.0,8866.0,676.0,-3495.0,44221.0,1.28,472.0,696.0,0.0,224.0,861.0,0.02,81.0,0.09,1.95,,ShowMarginChartWeek,FinMind_API_TaiwanStockMarginPurchaseShortSale_2317,True,2026-09-22T02:13:50,2026-09-22T02:13:50,2026-09-22T02:13:50
2317,鴻海,23W45,97.2,1.4000000000000057,1.46,136161,2487.0,2411.0,1451.0,-1375.0,42846.0,1.24,236.0,165.0,2.0,-73.0,788.0,0.02,35.0,0.01,1.84,,ShowMarginChartWeek,FinMind_API_TaiwanStockMarginPurchaseShortSale_2317,True,2026-09-22T02:13:50,2026-09-22T02:13:50,2026-09-22T02:13:50
2317,鴻海,23W46,102.5,5.299999999999997,5.45,196587,8327.0,7995.0,44.0,288.0,43134.0,1.24,176.0,179.0,0.0,3.0,791.0,0.02,21.0,0.01,1.83,,ShowMarginChartWeek,FinMind_API_TaiwanStockMarginPurchaseShortSale_2317,True,2026-09-22T02:13:50,2026-09-22T02:13:50,2026-09-22T02:13:50
2317,鴻海,23W47,101.5,-1.0,-0.98,142493,3519.0,2173.0,59.0,1287.0,44421.0,1.28,63.0,47.0,3.0,-19.0,772.0,0.02,25.0,0.01,1.74,,ShowMarginChartWeek,FinMind_API_TaiwanStockMarginPurchaseShortSale_2317,True,2026-09-22T02:13:50,2026-09-22T02:13:50,2026-09-22T02:13:50
2317,鴻海,23W48,100.5,-1.0,-0.99,160761,2631.0,3327.0,338.0,-1034.0,43387.0,1.25,100.0,50.0,0.0,-50.0,722.0,0.02,2.0,0.0,1.66,,ShowMarginChartWeek,FinMind_API_TaiwanStockMarginPurchaseShortSale_2317,True,2026-09-22T02:13:50,2026-09-22T02:13:50,2026-09-22T02:13:50
2317,鴻海,23W49,101.5,1.0,1.0,82656,1900.0,2538.0,79.0,-717.0,42670.0,1.23,52.0,18.0,0.0,-34.0,688.0,0.02,0.0,0.0,1.61,,ShowMarginChartWeek,FinMind_API_TaiwanStockMarginPurchaseShortSale_2317,True,2026-09-22T02:13:50,2026-09-22T02:13:50,2026-09-22T02:13:50
2317,鴻海,23W50,101.5,0.0,0.0,136071,2407.0,1644.0,97.0,666.0,43336.0,1.25,39.0,13.0,1.0,-27.0,661.0,0.02,10.0,0.01,1.53,,ShowMarginChartWeek,FinMind_API_TaiwanStockMarginPurchaseShortSale_2317,True,2026-09-22T02:13:50,2026-09-22T02:13:50,2026-09-22T02:13:50
2317,鴻海,23W51,103.5,2.0,1.97,174770,2593.0,3337.0,2108.0,-2852.0,40484.0,1.17,649.0,703.0,0.0,54.0,715.0,0.02,2.0,0.0,1.77,,ShowMarginChartWeek,FinMind_API_TaiwanStockMarginPurchaseShortSale_2317,True,2026-09-22T02:13:50,2026-09-22T02:13:50,2026-09-22T02:13:50
2317,鴻海,23W52,104.5,1.0,0.97,90274,1682.0,3624.0,1087.0,-3029.0,37455.0,1.08,19.0,18.0,0.0,-1.0,714.0,0.02,10.0,0.01,1.91,,ShowMarginChartWeek,FinMind_API_TaiwanStockMarginPurchaseShortSale_2317,True,2026-09-22T02:13:50,2026-09-22T02:13:50,2026-09-22T02:13:50
2317,鴻海,24W01,104.0,-0.5,-0.48,68709,741.0,1743.0,131.0,-1133.0,36322.0,1.05,327.0,27.0,0.0,-300.0,414.0,0.01,0.0,0.0,1.14,,ShowMarginChartWeek,FinMind_API_TaiwanStockMarginPurchaseShortSale_2317,True,2026-09-22T02:13:50,2026-09-22T02:13:50,2026-09-22T02:13:50
2317,鴻海,24W02,100.5,-3.5,-3.37,148768,2783.0,2304.0,211.0,268.0,36590.0,1.06,171.0,48.0,0.0,-123.0,291.0,0.01,0.0,0.0,0.8,,ShowMarginChartWeek,FinMind_API_TaiwanStockMarginPurchaseShortSale_2317,True,2026-09-22T02:13:50,2026-09-22T02:13:50,2026-09-22T02:13:50
2317,鴻海,24W03,100.5,0.0,0.0,132857,2314.0,2223.0,268.0,-177.0,36413.0,1.05,78.0,74.0,0.0,-4.0,287.0,0.01,5.0,0.01,0.79,,ShowMarginChartWeek,FinMind_API_TaiwanStockMarginPurchaseShortSale_2317,True,2026-09-22T02:13:50,2026-09-22T02:13:50,2026-09-22T02:13:50
2317,鴻海,24W04,102.5,2.0,1.99,106167,3024.0,2875.0,598.0,-449.0,35964.0,1.04,45.0,44.0,0.0,-1.0,286.0,0.01,0.0,0.0,0.8,,ShowMarginChartWeek,FinMind_API_TaiwanStockMarginPurchaseShortSale_2317,True,2026-09-22T02:13:50,2026-09-22T02:13:50,2026-09-22T02:13:50
2317,鴻海,24W05,102.0,-0.5,-0.49,85478,1762.0,2229.0,240.0,-707.0,35257.0,1.02,93.0,20.0,2.0,-75.0,211.0,0.01,1.0,0.0,0.6,,ShowMarginChartWeek,FinMind_API_TaiwanStockMarginPurchaseShortSale_2317,True,2026-09-22T02:13:50,2026-09-22T02:13:50,2026-09-22T02:13:50
2317,鴻海,24W06,101.5,-0.5,-0.49,17590,260.0,461.0,27.0,-228.0,35029.0,1.01,7.0,2.0,0.0,-5.0,206.0,0.01,0.0,0.0,0.59,,ShowMarginChartWeek,FinMind_API_TaiwanStockMarginPurchaseShortSale_2317,True,2026-09-22T02:13:50,2026-09-22T02:13:50,2026-09-22T02:13:50
2317,鴻海,24W07,101.5,0.0,0.0,65191,1277.0,416.0,113.0,748.0,35765.0,1.03,6.0,0.0,0.0,-6.0,200.0,0.01,1.0,0.0,0.56,,ShowMarginChartWeek,FinMind_API_TaiwanStockMarginPurchaseShortSale_2317,True,2026-09-22T02:13:50,2026-09-22T02:13:50,2026-09-22T02:13:50
2317,鴻海,24W08,103.0,1.5,1.48,121886,3011.0,2974.0,221.0,-184.0,35581.0,1.03,12.0,19.0,3.0,4.0,204.0,0.01,11.0,0.0,0.57,,ShowMarginChartWeek,FinMind_API_TaiwanStockMarginPurchaseShortSale_2317,True,2026-09-22T02:13:50,2026-09-22T02:13:50,2026-09-22T02:13:50
2317,鴻海,24W09,102.0,-1.0,-0.97,116821,1702.0,1234.0,47.0,421.0,36002.0,1.04,48.0,26.0,0.0,-22.0,182.0,0.01,0.0,0.0,0.51,,ShowMarginChartWeek,FinMind_API_TaiwanStockMarginPurchaseShortSale_2317,True,2026-09-22T02:13:50,2026-09-22T02:13:50,2026-09-22T02:13:50
2317,鴻海,24W10,105.0,3.0,2.94,341790,18471.0,10842.0,112.0,7517.0,43519.0,1.26,103.0,129.0,0.0,26.0,208.0,0.01,13.0,0.0,0.48,,ShowMarginChartWeek,FinMind_API_TaiwanStockMarginPurchaseShortSale_2317,True,2026-09-22T02:13:50,2026-09-22T02:13:50,2026-09-22T02:13:50
2317,鴻海,24W11,132.0,27.0,25.71,1443379,113817.0,56675.0,256.0,56886.0,100405.0,2.9,770.0,2525.0,10.0,1745.0,1953.0,0.06,375.0,0.04,1.95,,ShowMarginChartWeek,FinMind_API_TaiwanStockMarginPurchaseShortSale_2317,True,2026-09-22T02:13:50,2026-09-22T02:13:50,2026-09-22T02:13:50
2317,鴻海,24W12,145.5,13.5,10.23,1048863,86159.0,66340.0,380.0,19439.0,119844.0,3.46,1592.0,1365.0,30.0,-257.0,1696.0,0.05,309.0,0.04,1.42,,ShowMarginChartWeek,FinMind_API_TaiwanStockMarginPurchaseShortSale_2317,True,2026-09-22T02:13:50,2026-09-22T02:13:50,2026-09-22T02:13:50
2317,鴻海,24W13,150.0,4.5,3.09,832197,65629.0,66428.0,189.0,-988.0,118856.0,3.43,1571.0,596.0,125.0,-1100.0,596.0,0.02,4851.0,3.15,0.5,,ShowMarginChartWeek,FinMind_API_TaiwanStockMarginPurchaseShortSale_2317,True,2026-09-22T02:13:50,2026-09-22T02:13:50,2026-09-22T02:13:50
2317,鴻海,24W14,159.0,9.0,6.0,401555,33550.0,24131.0,211.0,9208.0,128064.0,3.7,826.0,1420.0,2.0,592.0,1188.0,0.03,946.0,0.04,0.93,,ShowMarginChartWeek,FinMind_API_TaiwanStockMarginPurchaseShortSale_2317,True,2026-09-22T02:13:50,2026-09-22T02:13:50,2026-09-22T02:13:50
2317,鴻海,24W15,150.5,-8.5,-5.35,602810,31494.0,47550.0,3853.0,-19909.0,108155.0,3.12,1413.0,1087.0,0.0,-326.0,862.0,0.02,438.0,0.08,0.8,,ShowMarginChartWeek,FinMind_API_TaiwanStockMarginPurchaseShortSale_2317,True,2026-09-22T02:13:50,2026-09-22T02:13:50,2026-09-22T02:13:50
2317,鴻海,24W16,143.0,-7.5,-4.98,606689,31509.0,43085.0,270.0,-11846.0,96309.0,2.78,1675.0,2051.0,304.0,72.0,934.0,0.03,479.0,0.16,0.97,,ShowMarginChartWeek,FinMind_API_TaiwanStockMarginPurchaseShortSale_2317,True,2026-09-22T02:13:50,2026-09-22T02:13:50,2026-09-22T02:13:50
2317,鴻海,24W17,155.0,12.0,8.39,543067,37260.0,29261.0,290.0,7709.0,104018.0,3.0,1093.0,1356.0,2.0,261.0,1195.0,0.03,258.0,0.09,1.15,,ShowMarginChartWeek,FinMind_API_TaiwanStockMarginPurchaseShortSale_2317,True,2026-09-22T02:13:50,2026-09-22T02:13:50,2026-09-22T02:13:50
2317,鴻海,24W18,156.0,1.0,0.65,308243,20218.0,22034.0,361.0,-2177.0,101841.0,2.94,554.0,1118.0,2.0,562.0,1754.0,0.05,62.0,0.03,1.72,,ShowMarginChartWeek,FinMind_API_TaiwanStockMarginPurchaseShortSale_2317,True,2026-09-22T02:13:50,2026-09-22T02:13:50,2026-09-22T02:13:50
2317,鴻海,24W19,169.5,13.5,8.65,584182,39893.0,29751.0,288.0,9854.0,111695.0,3.22,1090.0,2117.0,4.0,1023.0,2777.0,0.08,249.0,0.03,2.49,,ShowMarginChartWeek,FinMind_API_TaiwanStockMarginPurchaseShortSale_2317,True,2026-09-22T02:13:50,2026-09-22T02:13:50,2026-09-22T02:13:50
2317,鴻海,24W20,170.0,0.5,0.29,601987,36534.0,44366.0,305.0,-8137.0,103558.0,2.99,2016.0,2128.0,7.0,105.0,2882.0,0.08,378.0,0.04,2.78,,ShowMarginChartWeek,FinMind_API_TaiwanStockMarginPurchaseShortSale_2317,True,2026-09-22T02:13:50,2026-09-22T02:13:50,2026-09-22T02:13:50
2317,鴻海,24W21,176.0,6.0,3.53,335349,18766.0,20251.0,207.0,-1692.0,101866.0,2.94,901.0,814.0,1.0,-88.0,2794.0,0.08,74.0,0.02,2.74,,ShowMarginChartWeek,FinMind_API_TaiwanStockMarginPurchaseShortSale_2317,True,2026-09-22T02:13:50,2026-09-22T02:13:50,2026-09-22T02:13:50
2317,鴻海,24W22,172.0,-4.0,-2.27,497085,28924.0,34444.0,156.0,-5676.0,96190.0,2.78,1415.0,1138.0,13.0,-290.0,2504.0,0.07,150.0,0.03,2.6,,ShowMarginChartWeek,FinMind_API_TaiwanStockMarginPurchaseShortSale_2317,True,2026-09-22T02:13:50,2026-09-22T02:13:50,2026-09-22T02:13:50
2317,鴻海,24W23,177.5,5.5,3.2,492570,31662.0,28406.0,493.0,2763.0,98953.0,2.86,865.0,1823.0,18.0,940.0,3444.0,0.1,204.0,0.02,3.48,,ShowMarginChartWeek,FinMind_API_TaiwanStockMarginPurchaseShortSale_2317,True,2026-09-22T02:13:50,2026-09-22T02:13:50,2026-09-22T02:13:50
2317,鴻海,24W24,198.0,20.5,11.55,485343,23885.0,31646.0,378.0,-8139.0,90814.0,2.62,1824.0,2050.0,6.0,220.0,3664.0,0.11,161.0,0.04,4.03,,ShowMarginChartWeek,FinMind_API_TaiwanStockMarginPurchaseShortSale_2317,True,2026-09-22T02:13:50,2026-09-22T02:13:50,2026-09-22T02:13:50
2317,鴻海,24W25,212.0,14.0,7.07,715056,28920.0,28022.0,1603.0,-705.0,90109.0,2.6,1989.0,1469.0,5.0,-525.0,3139.0,0.09,319.0,0.03,3.48,,ShowMarginChartWeek,FinMind_API_TaiwanStockMarginPurchaseShortSale_2317,True,2026-09-22T02:13:50,2026-09-22T02:13:50,2026-09-22T02:13:50
2317,鴻海,24W26,214.0,2.0,0.94,503831,30098.0,34017.0,954.0,-4873.0,85236.0,2.46,3305.0,224.0,58.0,-3139.0,0.0,0.0,75.0,0.0,0.0,,ShowMarginChartWeek,FinMind_API_TaiwanStockMarginPurchaseShortSale_2317,True,2026-09-22T02:13:50,2026-09-22T02:13:50,2026-09-22T02:13:50
2317,鴻海,24W27,214.5,0.5,0.23,456829,32945.0,27483.0,717.0,4745.0,89981.0,2.6,258.0,1674.0,0.0,1416.0,1416.0,0.04,2217.0,0.04,1.57,,ShowMarginChartWeek,FinMind_API_TaiwanStockMarginPurchaseShortSale_2317,True,2026-09-22T02:13:50,2026-09-22T02:13:50,2026-09-22T02:13:50
2317,鴻海,24W28,216.0,1.5,0.7,540970,34515.0,28014.0,723.0,5778.0,95759.0,2.76,1680.0,1677.0,1.0,-4.0,1412.0,0.04,346.0,0.05,1.47,,ShowMarginChartWeek,FinMind_API_TaiwanStockMarginPurchaseShortSale_2317,True,2026-09-22T02:13:50,2026-09-22T02:13:50,2026-09-22T02:13:50
2317,鴻海,24W29,204.0,-12.0,-5.56,443587,20944.0,31776.0,654.0,-11486.0,84273.0,2.43,1486.0,1153.0,3.0,-336.0,1076.0,0.03,226.0,0.11,1.28,,ShowMarginChartWeek,FinMind_API_TaiwanStockMarginPurchaseShortSale_2317,True,2026-09-22T02:13:50,2026-09-22T02:13:50,2026-09-22T02:13:50
2317,鴻海,24W30,192.0,-12.0,-5.88,354077,14465.0,13507.0,150.0,808.0,85081.0,2.45,1179.0,1064.0,0.0,-115.0,961.0,0.03,197.0,0.05,1.13,,ShowMarginChartWeek,FinMind_API_TaiwanStockMarginPurchaseShortSale_2317,True,2026-09-22T02:13:50,2026-09-22T02:13:50,2026-09-22T02:13:50
2317,鴻海,24W31,186.5,-5.5,-2.86,445121,25830.0,22982.0,741.0,2107.0,87188.0,2.52,1313.0,1918.0,2.0,603.0,1564.0,0.05,199.0,0.04,1.79,,ShowMarginChartWeek,FinMind_API_TaiwanStockMarginPurchaseShortSale_2317,True,2026-09-22T02:13:50,2026-09-22T02:13:50,2026-09-22T02:13:50
2317,鴻海,24W32,168.5,-18.0,-9.65,1035609,46788.0,40261.0,844.0,5683.0,92871.0,2.68,5057.0,6222.0,135.0,1030.0,2594.0,0.07,446.0,0.04,2.79,,ShowMarginChartWeek,FinMind_API_TaiwanStockMarginPurchaseShortSale_2317,True,2026-09-22T02:13:50,2026-09-22T02:13:50,2026-09-22T02:13:50
2317,鴻海,24W33,184.0,15.5,9.2,491765,25716.0,30143.0,491.0,-4918.0,87953.0,2.53,2099.0,1853.0,39.0,-285.0,2309.0,0.07,220.0,0.02,2.63,,ShowMarginChartWeek,FinMind_API_TaiwanStockMarginPurchaseShortSale_2317,True,2026-09-22T02:13:50,2026-09-22T02:13:50,2026-09-22T02:13:50
2317,鴻海,24W34,180.0,-4.0,-2.17,341797,17028.0,14171.0,236.0,2621.0,90574.0,2.61,1545.0,1551.0,5.0,1.0,2310.0,0.07,113.0,0.05,2.55,,ShowMarginChartWeek,FinMind_API_TaiwanStockMarginPurchaseShortSale_2317,True,2026-09-22T02:13:50,2026-09-22T02:13:50,2026-09-22T02:13:50
2317,鴻海,24W35,184.5,4.5,2.5,245760,16094.0,11448.0,249.0,4397.0,94971.0,2.74,1616.0,935.0,2.0,-683.0,1627.0,0.05,110.0,0.01,1.71,,ShowMarginChartWeek,FinMind_API_TaiwanStockMarginPurchaseShortSale_2317,True,2026-09-22T02:13:50,2026-09-22T02:13:50,2026-09-22T02:13:50
2317,鴻海,24W36,176.5,-8.0,-4.34,332280,12638.0,16429.0,543.0,-4334.0,90637.0,2.61,1197.0,1557.0,1.0,359.0,1986.0,0.06,169.0,0.09,2.19,,ShowMarginChartWeek,FinMind_API_TaiwanStockMarginPurchaseShortSale_2317,True,2026-09-22T02:13:50,2026-09-22T02:13:50,2026-09-22T02:13:50
2317,鴻海,24W37,176.0,-0.5,-0.28,281275,11200.0,11204.0,203.0,-207.0,90430.0,2.6,3211.0,2843.0,4.0,-372.0,1614.0,0.05,85.0,0.02,1.78,,ShowMarginChartWeek,FinMind_API_TaiwanStockMarginPurchaseShortSale_2317,True,2026-09-22T02:13:50,2026-09-22T02:13:50,2026-09-22T02:13:50
2317,鴻海,24W38,177.0,1.0,0.57,257395,14860.0,9670.0,112.0,5078.0,95508.0,2.75,535.0,451.0,6.0,-90.0,1524.0,0.04,85.0,0.03,1.6,,ShowMarginChartWeek,FinMind_API_TaiwanStockMarginPurchaseShortSale_2317,True,2026-09-22T02:13:50,2026-09-22T02:13:50,2026-09-22T02:13:50
2317,鴻海,24W39,191.0,14.0,7.91,344447,21186.0,19037.0,817.0,1332.0,96840.0,2.79,363.0,843.0,17.0,463.0,1987.0,0.06,100.0,0.02,2.05,,ShowMarginChartWeek,FinMind_API_TaiwanStockMarginPurchaseShortSale_2317,True,2026-09-22T02:13:50,2026-09-22T02:13:50,2026-09-22T02:13:50
2317,鴻海,24W40,194.0,3.0,1.57,219651,14339.0,13622.0,462.0,255.0,97095.0,2.8,315.0,387.0,1.0,71.0,2058.0,0.06,103.0,0.07,2.12,,ShowMarginChartWeek,FinMind_API_TaiwanStockMarginPurchaseShortSale_2317,True,2026-09-22T02:13:50,2026-09-22T02:13:50,2026-09-22T02:13:50
2317,鴻海,24W41,200.0,6.0,3.09,297298,16485.0,22642.0,1216.0,-7373.0,89722.0,2.58,249.0,504.0,3.0,252.0,2310.0,0.07,80.0,0.04,2.57,,ShowMarginChartWeek,FinMind_API_TaiwanStockMarginPurchaseShortSale_2317,True,2026-09-22T02:13:50,2026-09-22T02:13:50,2026-09-22T02:13:50
2317,鴻海,24W42,207.5,7.5,3.75,439501,20265.0,22362.0,274.0,-2371.0,87351.0,2.52,626.0,799.0,3.0,170.0,2480.0,0.07,148.0,0.05,2.84,,ShowMarginChartWeek,FinMind_API_TaiwanStockMarginPurchaseShortSale_2317,True,2026-09-22T02:13:50,2026-09-22T02:13:50,2026-09-22T02:13:50
2317,鴻海,24W43,216.0,8.5,4.1,336040,21939.0,24315.0,228.0,-2604.0,84747.0,2.44,457.0,656.0,1.0,198.0,2678.0,0.08,61.0,0.0,3.16,,ShowMarginChartWeek,FinMind_API_TaiwanStockMarginPurchaseShortSale_2317,True,2026-09-22T02:13:50,2026-09-22T02:13:50,2026-09-22T02:13:50
2317,鴻海,24W44,208.0,-8.0,-3.7,342698,20772.0,22516.0,91.0,-1835.0,82912.0,2.39,830.0,1835.0,2.0,1003.0,3681.0,0.11,179.0,0.07,4.44,,ShowMarginChartWeek,FinMind_API_TaiwanStockMarginPurchaseShortSale_2317,True,2026-09-22T02:13:50,2026-09-22T02:13:50,2026-09-22T02:13:50
2317,鴻海,24W45,218.0,10.0,4.81,302003,17982.0,20348.0,289.0,-2655.0,80257.0,2.31,508.0,1337.0,4.0,825.0,4506.0,0.13,157.0,0.04,5.61,,ShowMarginChartWeek,FinMind_API_TaiwanStockMarginPurchaseShortSale_2317,True,2026-09-22T02:13:50,2026-09-22T02:13:50,2026-09-22T02:13:50
2317,鴻海,24W46,207.0,-11.0,-5.05,342209,21639.0,17713.0,296.0,3630.0,83887.0,2.42,2702.0,2001.0,3.0,-704.0,3802.0,0.11,111.0,0.03,4.53,,ShowMarginChartWeek,FinMind_API_TaiwanStockMarginPurchaseShortSale_2317,True,2026-09-22T02:13:50,2026-09-22T02:13:50,2026-09-22T02:13:50
2317,鴻海,24W47,203.0,-4.0,-1.93,254421,15016.0,9838.0,303.0,4875.0,88762.0,2.56,3410.0,2137.0,2.0,-1275.0,2527.0,0.07,94.0,0.02,2.85,,ShowMarginChartWeek,FinMind_API_TaiwanStockMarginPurchaseShortSale_2317,True,2026-09-22T02:13:50,2026-09-22T02:13:50,2026-09-22T02:13:50
2317,鴻海,24W48,195.5,-7.5,-3.69,381447,16696.0,15479.0,417.0,800.0,89562.0,2.58,1730.0,2135.0,11.0,394.0,2921.0,0.08,94.0,0.05,3.26,,ShowMarginChartWeek,FinMind_API_TaiwanStockMarginPurchaseShortSale_2317,True,2026-09-22T02:13:50,2026-09-22T02:13:50,2026-09-22T02:13:50
2317,鴻海,24W49,198.0,2.5,1.28,244457,18244.0,12638.0,463.0,5143.0,94705.0,2.73,3465.0,3215.0,0.0,-250.0,2671.0,0.08,47.0,0.02,2.82,,ShowMarginChartWeek,FinMind_API_TaiwanStockMarginPurchaseShortSale_2317,True,2026-09-22T02:13:50,2026-09-22T02:13:50,2026-09-22T02:13:50
2317,鴻海,24W50,186.5,-11.5,-5.81,272407,10496.0,9380.0,555.0,561.0,95266.0,2.74,1559.0,1802.0,2.0,241.0,2912.0,0.08,86.0,0.02,3.06,,ShowMarginChartWeek,FinMind_API_TaiwanStockMarginPurchaseShortSale_2317,True,2026-09-22T02:13:50,2026-09-22T02:13:50,2026-09-22T02:13:50
2317,鴻海,24W51,181.0,-5.5,-2.95,300608,11612.0,7876.0,297.0,3439.0,98705.0,2.84,1940.0,756.0,0.0,-1184.0,1728.0,0.05,89.0,0.02,1.75,,ShowMarginChartWeek,FinMind_API_TaiwanStockMarginPurchaseShortSale_2317,True,2026-09-22T02:13:50,2026-09-22T02:13:50,2026-09-22T02:13:50
2317,鴻海,24W52,186.5,5.5,3.04,166592,8613.0,8412.0,295.0,-94.0,98611.0,2.84,230.0,484.0,3.0,251.0,1979.0,0.06,21.0,0.01,2.01,,ShowMarginChartWeek,FinMind_API_TaiwanStockMarginPurchaseShortSale_2317,True,2026-09-22T02:13:50,2026-09-22T02:13:50,2026-09-22T02:13:50
2317,鴻海,25W01,181.0,-5.5,-2.95,136661,4443.0,3560.0,295.0,588.0,99199.0,2.86,468.0,296.0,0.0,-172.0,1807.0,0.05,9.0,0.01,1.82,,ShowMarginChartWeek,FinMind_API_TaiwanStockMarginPurchaseShortSale_2317,True,2026-09-22T02:13:50,2026-09-22T02:13:50,2026-09-22T02:13:50
2317,鴻海,25W02,181.5,0.5,0.28,282044,16045.0,15372.0,465.0,208.0,99407.0,2.86,870.0,1021.0,1.0,150.0,1957.0,0.06,80.0,0.01,1.97,,ShowMarginChartWeek,FinMind_API_TaiwanStockMarginPurchaseShortSale_2317,True,2026-09-22T02:13:50,2026-09-22T02:13:50,2026-09-22T02:13:50
2317,鴻海,25W03,173.5,-8.0,-4.41,371549,13024.0,11461.0,610.0,953.0,100360.0,2.89,1250.0,1518.0,1.0,267.0,2224.0,0.06,198.0,0.02,2.22,,ShowMarginChartWeek,FinMind_API_TaiwanStockMarginPurchaseShortSale_2317,True,2026-09-22T02:13:50,2026-09-22T02:13:50,2026-09-22T02:13:50
2317,鴻海,25W04,180.0,6.5,3.75,112156,4589.0,6286.0,404.0,-2101.0,98259.0,2.83,793.0,236.0,1.0,-558.0,1666.0,0.05,16.0,0.02,1.7,,ShowMarginChartWeek,FinMind_API_TaiwanStockMarginPurchaseShortSale_2317,True,2026-09-22T02:13:50,2026-09-22T02:13:50,2026-09-22T02:13:50
2317,鴻海,25W06,178.0,-2.0,-1.11,383047,11511.0,11403.0,414.0,-306.0,97886.0,2.82,1554.0,2063.0,2.0,507.0,2173.0,0.06,48.0,0.01,2.22,,ShowMarginChartWeek,FinMind_API_TaiwanStockMarginPurchaseShortSale_2317,True,2026-09-22T02:13:50,2026-09-22T02:13:50,2026-09-22T02:13:50
2317,鴻海,25W07,178.0,0.0,0.0,218960,10051.0,8556.0,326.0,1169.0,99055.0,2.85,1293.0,1205.0,7.0,-95.0,2078.0,0.06,40.0,0.03,2.1,,ShowMarginChartWeek,FinMind_API_TaiwanStockMarginPurchaseShortSale_2317,True,2026-09-22T02:13:50,2026-09-22T02:13:50,2026-09-22T02:13:50
2317,鴻海,25W08,183.0,5.0,2.81,168843,5010.0,5767.0,360.0,-1117.0,97938.0,2.82,665.0,710.0,1.0,44.0,2122.0,0.06,10.0,0.01,2.17,,ShowMarginChartWeek,FinMind_API_TaiwanStockMarginPurchaseShortSale_2317,True,2026-09-22T02:13:50,2026-09-22T02:13:50,2026-09-22T02:13:50
2317,鴻海,25W09,174.0,-9.0,-4.92,225397,8678.0,6423.0,174.0,2081.0,100019.0,2.88,940.0,887.0,1.0,-54.0,2068.0,0.06,23.0,0.0,2.07,,ShowMarginChartWeek,FinMind_API_TaiwanStockMarginPurchaseShortSale_2317,True,2026-09-22T02:13:50,2026-09-22T02:13:50,2026-09-22T02:13:50
2317,鴻海,25W10,172.0,-2.0,-1.15,248568,7199.0,4652.0,252.0,2295.0,102314.0,2.95,1284.0,772.0,1.0,-513.0,1555.0,0.04,49.0,0.01,1.52,,ShowMarginChartWeek,FinMind_API_TaiwanStockMarginPurchaseShortSale_2317,True,2026-09-22T02:13:50,2026-09-22T02:13:50,2026-09-22T02:13:50
2317,鴻海,25W11,170.0,-2.0,-1.16,215852,7620.0,5139.0,188.0,2293.0,104607.0,3.01,1046.0,243.0,0.0,-803.0,752.0,0.02,41.0,0.02,0.72,,ShowMarginChartWeek,FinMind_API_TaiwanStockMarginPurchaseShortSale_2317,True,2026-09-22T02:13:50,2026-09-22T02:13:50,2026-09-22T02:13:50
2317,鴻海,25W12,165.0,-5.0,-2.94,264873,7479.0,5750.0,360.0,1369.0,105976.0,3.05,913.0,174.0,10.0,-749.0,3.0,0.0,45.0,0.0,0.0,,ShowMarginChartWeek,FinMind_API_TaiwanStockMarginPurchaseShortSale_2317,True,2026-09-22T02:13:50,2026-09-22T02:13:50,2026-09-22T02:13:50
2317,鴻海,25W13,154.0,-11.0,-6.67,277916,9758.0,13019.0,367.0,-3628.0,102348.0,2.95,84.0,804.0,3.0,717.0,720.0,0.02,4775.0,2.9,0.7,,ShowMarginChartWeek,FinMind_API_TaiwanStockMarginPurchaseShortSale_2317,True,2026-09-22T02:13:50,2026-09-22T02:13:50,2026-09-22T02:13:50
2317,鴻海,25W14,153.5,-0.5,-0.32,231113,6200.0,12285.0,1260.0,-7345.0,95003.0,2.74,1482.0,2746.0,0.0,1264.0,1984.0,0.06,58.0,0.04,2.09,,ShowMarginChartWeek,FinMind_API_TaiwanStockMarginPurchaseShortSale_2317,True,2026-09-22T02:13:50,2026-09-22T02:13:50,2026-09-22T02:13:50
2317,鴻海,25W15,134.5,-19.0,-12.38,1040098,38481.0,56950.0,4593.0,-23062.0,71933.0,2.07,5968.0,5640.0,123.0,-451.0,1533.0,0.04,138.0,0.05,2.13,,ShowMarginChartWeek,FinMind_API_TaiwanStockMarginPurchaseShortSale_2317,True,2026-09-22T02:13:50,2026-09-22T02:13:50,2026-09-22T02:13:50
2317,鴻海,25W16,135.5,1.0,0.74,452942,11710.0,13521.0,1532.0,-3343.0,68590.0,1.97,2044.0,2569.0,26.0,499.0,2032.0,0.06,270.0,0.03,2.96,,ShowMarginChartWeek,FinMind_API_TaiwanStockMarginPurchaseShortSale_2317,True,2026-09-22T02:13:50,2026-09-22T02:13:50,2026-09-22T02:13:50
2317,鴻海,25W17,139.0,3.5,2.58,246107,8189.0,10513.0,257.0,-2581.0,66009.0,1.9,1505.0,1402.0,15.0,-118.0,1914.0,0.06,49.0,0.01,2.9,,ShowMarginChartWeek,FinMind_API_TaiwanStockMarginPurchaseShortSale_2317,True,2026-09-22T02:13:50,2026-09-22T02:13:50,2026-09-22T02:13:50
2317,鴻海,25W18,147.5,8.5,6.12,190045,3612.0,7530.0,659.0,-4577.0,61432.0,1.77,577.0,611.0,3.0,31.0,1945.0,0.06,35.0,0.03,3.17,,ShowMarginChartWeek,FinMind_API_TaiwanStockMarginPurchaseShortSale_2317,True,2026-09-22T02:13:50,2026-09-22T02:13:50,2026-09-22T02:13:50
2317,鴻海,25W19,147.0,-0.5,-0.34,223094,5598.0,5979.0,414.0,-795.0,60637.0,1.75,779.0,1270.0,7.0,484.0,2429.0,0.07,49.0,0.01,4.01,,ShowMarginChartWeek,FinMind_API_TaiwanStockMarginPurchaseShortSale_2317,True,2026-09-22T02:13:50,2026-09-22T02:13:50,2026-09-22T02:13:50
2317,鴻海,25W20,158.0,11.0,7.48,332709,13229.0,12483.0,255.0,491.0,61128.0,1.76,1130.0,1030.0,1.0,-101.0,2328.0,0.07,111.0,0.01,3.81,,ShowMarginChartWeek,FinMind_API_TaiwanStockMarginPurchaseShortSale_2317,True,2026-09-22T02:13:50,2026-09-22T02:13:50,2026-09-22T02:13:50
2317,鴻海,25W21,154.0,-4.0,-2.53,184283,7732.0,4952.0,194.0,2586.0,63714.0,1.83,978.0,1011.0,5.0,28.0,2356.0,0.07,20.0,0.01,3.7,,ShowMarginChartWeek,FinMind_API_TaiwanStockMarginPurchaseShortSale_2317,True,2026-09-22T02:13:50,2026-09-22T02:13:50,2026-09-22T02:13:50
2317,鴻海,25W22,156.0,2.0,1.3,180094,7408.0,5557.0,175.0,1676.0,65390.0,1.88,864.0,1206.0,6.0,336.0,2692.0,0.08,50.0,0.03,4.12,,ShowMarginChartWeek,FinMind_API_TaiwanStockMarginPurchaseShortSale_2317,True,2026-09-22T02:13:50,2026-09-22T02:13:50,2026-09-22T02:13:50
2317,鴻海,25W23,153.0,-3.0,-1.92,192707,6186.0,7678.0,365.0,-1857.0,63533.0,1.83,1067.0,669.0,8.0,-406.0,2286.0,0.07,18.0,0.0,3.6,,ShowMarginChartWeek,FinMind_API_TaiwanStockMarginPurchaseShortSale_2317,True,2026-09-22T02:13:50,2026-09-22T02:13:50,2026-09-22T02:13:50
2317,鴻海,25W24,156.5,3.5,2.29,149984,3987.0,5219.0,351.0,-1583.0,61950.0,1.78,893.0,402.0,5.0,-496.0,1790.0,0.05,16.0,0.02,2.89,,ShowMarginChartWeek,FinMind_API_TaiwanStockMarginPurchaseShortSale_2317,True,2026-09-22T02:13:50,2026-09-22T02:13:50,2026-09-22T02:13:50
2317,鴻海,25W25,155.5,-1.0,-0.64,167008,3154.0,3504.0,242.0,-592.0,61358.0,1.77,503.0,226.0,253.0,-530.0,1260.0,0.04,7.0,0.0,2.05,,ShowMarginChartWeek,FinMind_API_TaiwanStockMarginPurchaseShortSale_2317,True,2026-09-22T02:13:50,2026-09-22T02:13:50,2026-09-22T02:13:50
2317,鴻海,25W26,165.0,9.5,6.11,306561,8340.0,9989.0,249.0,-1898.0,59460.0,1.71,1263.0,87.0,84.0,-1260.0,0.0,0.0,18.0,0.0,0.0,,ShowMarginChartWeek,FinMind_API_TaiwanStockMarginPurchaseShortSale_2317,True,2026-09-22T02:13:50,2026-09-22T02:13:50,2026-09-22T02:13:50
2317,鴻海,25W27,161.0,-4.0,-2.42,306068,9741.0,11963.0,215.0,-2437.0,57023.0,1.64,230.0,1220.0,0.0,990.0,990.0,0.03,344.0,0.0,1.74,,ShowMarginChartWeek,FinMind_API_TaiwanStockMarginPurchaseShortSale_2317,True,2026-09-22T02:13:50,2026-09-22T02:13:50,2026-09-22T02:13:50
2317,鴻海,25W28,161.5,0.5,0.31,138026,3084.0,3939.0,357.0,-1212.0,55811.0,1.61,1075.0,1185.0,0.0,110.0,1100.0,0.03,10.0,0.02,1.97,,ShowMarginChartWeek,FinMind_API_TaiwanStockMarginPurchaseShortSale_2317,True,2026-09-22T02:13:50,2026-09-22T02:13:50,2026-09-22T02:13:50
2317,鴻海,25W29,165.5,4.0,2.48,120972,2736.0,4387.0,409.0,-2060.0,53751.0,1.55,456.0,378.0,1.0,-79.0,1021.0,0.03,8.0,0.0,1.9,,ShowMarginChartWeek,FinMind_API_TaiwanStockMarginPurchaseShortSale_2317,True,2026-09-22T02:13:50,2026-09-22T02:13:50,2026-09-22T02:13:50
2317,鴻海,25W30,174.5,9.0,5.44,292607,10497.0,9356.0,158.0,983.0,54737.0,1.58,796.0,1721.0,23.0,902.0,1923.0,0.06,66.0,0.03,3.51,,ShowMarginChartWeek,FinMind_API_TaiwanStockMarginPurchaseShortSale_2317,True,2026-09-22T02:13:50,2026-09-22T02:13:50,2026-09-22T02:13:50
2317,鴻海,25W31,181.5,7.0,4.01,261173,9875.0,10995.0,368.0,-1488.0,53249.0,1.53,756.0,611.0,11.0,-156.0,1767.0,0.05,1228.0,0.02,3.32,,ShowMarginChartWeek,FinMind_API_TaiwanStockMarginPurchaseShortSale_2317,True,2026-09-22T02:13:50,2026-09-22T02:13:50,2026-09-22T02:13:50
2317,鴻海,25W32,194.5,13.0,7.16,350411,8227.0,9372.0,274.0,-1419.0,51830.0,1.49,502.0,1189.0,6.0,681.0,2448.0,0.07,71.0,0.01,4.72,,ShowMarginChartWeek,FinMind_API_TaiwanStockMarginPurchaseShortSale_2317,True,2026-09-22T02:13:50,2026-09-22T02:13:50,2026-09-22T02:13:50
2317,鴻海,25W33,207.0,12.5,6.43,429953,15204.0,14088.0,256.0,860.0,52690.0,1.52,634.0,905.0,2.0,269.0,2717.0,0.08,113.0,0.04,5.16,,ShowMarginChartWeek,FinMind_API_TaiwanStockMarginPurchaseShortSale_2317,True,2026-09-22T02:13:50,2026-09-22T02:13:50,2026-09-22T02:13:50
2317,鴻海,25W34,202.5,-4.5,-2.17,370552,13776.0,13288.0,249.0,239.0,52929.0,1.52,768.0,696.0,129.0,-201.0,2516.0,0.07,67.0,0.02,4.75,,ShowMarginChartWeek,FinMind_API_TaiwanStockMarginPurchaseShortSale_2317,True,2026-09-22T02:13:50,2026-09-22T02:13:50,2026-09-22T02:13:50
2317,鴻海,25W35,203.5,1.0,0.49,240111,7554.0,9485.0,206.0,-2137.0,50792.0,1.46,318.0,288.0,11.0,-41.0,2475.0,0.07,55.0,0.01,4.87,,ShowMarginChartWeek,FinMind_API_TaiwanStockMarginPurchaseShortSale_2317,True,2026-09-22T02:13:50,2026-09-22T02:13:50,2026-09-22T02:13:50
2317,鴻海,25W36,205.0,1.5,0.74,221710,10180.0,8139.0,100.0,1941.0,52733.0,1.52,700.0,511.0,0.0,-189.0,2286.0,0.07,30.0,0.02,4.34,,ShowMarginChartWeek,FinMind_API_TaiwanStockMarginPurchaseShortSale_2317,True,2026-09-22T02:13:50,2026-09-22T02:13:50,2026-09-22T02:13:50
2317,鴻海,25W37,217.5,12.5,6.1,404019,14861.0,14726.0,216.0,-81.0,52652.0,1.52,314.0,723.0,0.0,409.0,2695.0,0.08,119.0,0.01,5.12,,ShowMarginChartWeek,FinMind_API_TaiwanStockMarginPurchaseShortSale_2317,True,2026-09-22T02:13:50,2026-09-22T02:13:50,2026-09-22T02:13:50
2317,鴻海,25W38,214.0,-3.5,-1.61,306014,7608.0,10956.0,202.0,-3550.0,49102.0,1.41,567.0,424.0,2.0,-145.0,2550.0,0.07,35.0,0.01,5.19,,ShowMarginChartWeek,FinMind_API_TaiwanStockMarginPurchaseShortSale_2317,True,2026-09-22T02:13:50,2026-09-22T02:13:50,2026-09-22T02:13:50
2317,鴻海,25W39,219.5,5.5,2.57,456109,21517.0,15722.0,527.0,5268.0,54370.0,1.57,756.0,889.0,4.0,129.0,2679.0,0.08,99.0,0.01,4.93,,ShowMarginChartWeek,FinMind_API_TaiwanStockMarginPurchaseShortSale_2317,True,2026-09-22T02:13:50,2026-09-22T02:13:50,2026-09-22T02:13:50
2317,鴻海,25W40,226.5,7.0,3.19,277210,13425.0,13775.0,496.0,-846.0,53524.0,1.54,690.0,578.0,0.0,-112.0,2567.0,0.07,84.0,0.01,4.8,,ShowMarginChartWeek,FinMind_API_TaiwanStockMarginPurchaseShortSale_2317,True,2026-09-22T02:13:50,2026-09-22T02:13:50,2026-09-22T02:13:50
2317,鴻海,25W41,221.5,-5.0,-2.21,172932,6868.0,9729.0,64.0,-2925.0,50599.0,1.46,432.0,137.0,1.0,-296.0,2271.0,0.07,42.0,0.03,4.49,,ShowMarginChartWeek,FinMind_API_TaiwanStockMarginPurchaseShortSale_2317,True,2026-09-22T02:13:50,2026-09-22T02:13:50,2026-09-22T02:13:50
2317,鴻海,25W42,226.5,5.0,2.26,560058,28909.0,20866.0,191.0,7852.0,58451.0,1.68,682.0,1105.0,2.0,421.0,2692.0,0.08,206.0,0.04,4.61,,ShowMarginChartWeek,FinMind_API_TaiwanStockMarginPurchaseShortSale_2317,True,2026-09-22T02:13:50,2026-09-22T02:13:50,2026-09-22T02:13:50
2317,鴻海,25W43,239.0,12.5,5.52,396218,23131.0,28029.0,240.0,-5138.0,53313.0,1.54,566.0,1249.0,17.0,666.0,3358.0,0.1,183.0,0.01,6.3,,ShowMarginChartWeek,FinMind_API_TaiwanStockMarginPurchaseShortSale_2317,True,2026-09-22T02:13:50,2026-09-22T02:13:50,2026-09-22T02:13:50
2317,鴻海,25W44,257.5,18.5,7.74,451235,30287.0,28173.0,411.0,1703.0,55016.0,1.58,839.0,1245.0,4.0,402.0,3760.0,0.11,135.0,0.02,6.83,,ShowMarginChartWeek,FinMind_API_TaiwanStockMarginPurchaseShortSale_2317,True,2026-09-22T02:13:50,2026-09-22T02:13:50,2026-09-22T02:13:50
2317,鴻海,25W45,244.0,-13.5,-5.24,423799,20515.0,16688.0,262.0,3565.0,58581.0,1.68,1315.0,1127.0,6.0,-194.0,3566.0,0.1,127.0,0.02,6.09,,ShowMarginChartWeek,FinMind_API_TaiwanStockMarginPurchaseShortSale_2317,True,2026-09-22T02:13:50,2026-09-22T02:13:50,2026-09-22T02:13:50
2317,鴻海,25W46,241.0,-3.0,-1.23,370967,27745.0,25461.0,149.0,2135.0,60716.0,1.73,468.0,469.0,5.0,-4.0,3562.0,0.1,117.0,0.02,5.87,,ShowMarginChartWeek,FinMind_API_TaiwanStockMarginPurchaseShortSale_2317,True,2026-09-22T02:13:50,2026-09-22T02:13:50,2026-09-22T02:13:50
2317,鴻海,25W47,225.0,-16.0,-6.64,409581,15878.0,14682.0,238.0,958.0,61674.0,1.76,2018.0,870.0,0.0,-1148.0,2414.0,0.07,90.0,0.04,3.91,,ShowMarginChartWeek,FinMind_API_TaiwanStockMarginPurchaseShortSale_2317,True,2026-09-22T02:13:50,2026-09-22T02:13:50,2026-09-22T02:13:50
2317,鴻海,25W48,225.5,0.5,0.22,362354,15737.0,14300.0,237.0,1200.0,62874.0,1.8,1538.0,1422.0,3.0,-119.0,2295.0,0.07,83.0,0.02,3.65,,ShowMarginChartWeek,FinMind_API_TaiwanStockMarginPurchaseShortSale_2317,True,2026-09-22T02:13:50,2026-09-22T02:13:50,2026-09-22T02:13:50
2317,鴻海,25W49,231.0,5.5,2.44,216220,10132.0,8289.0,240.0,1603.0,64477.0,1.84,391.0,487.0,2.0,94.0,2389.0,0.07,27.0,0.0,3.71,,ShowMarginChartWeek,FinMind_API_TaiwanStockMarginPurchaseShortSale_2317,True,2026-09-22T02:13:50,2026-09-22T02:13:50,2026-09-22T02:13:50
2317,鴻海,25W50,227.0,-4.0,-1.73,210108,10516.0,14967.0,133.0,-4584.0,59893.0,1.71,749.0,789.0,2.0,38.0,2427.0,0.07,23.0,0.02,4.05,,ShowMarginChartWeek,FinMind_API_TaiwanStockMarginPurchaseShortSale_2317,True,2026-09-22T02:13:50,2026-09-22T02:13:50,2026-09-22T02:13:50
2317,鴻海,25W51,221.5,-5.5,-2.42,250996,7239.0,6385.0,233.0,621.0,60514.0,1.73,986.0,565.0,1.0,-422.0,2005.0,0.06,17.0,0.0,3.31,,ShowMarginChartWeek,FinMind_API_TaiwanStockMarginPurchaseShortSale_2317,True,2026-09-22T02:13:50,2026-09-22T02:13:50,2026-09-22T02:13:50
2317,鴻海,25W52,225.5,4.0,1.81,135070,3852.0,4238.0,164.0,-550.0,59964.0,1.71,174.0,203.0,2.0,27.0,2032.0,0.06,9.0,0.0,3.39,,ShowMarginChartWeek,FinMind_API_TaiwanStockMarginPurchaseShortSale_2317,True,2026-09-22T02:13:50,2026-09-22T02:13:50,2026-09-22T02:13:50
2317,鴻海,26W01,232.0,6.5,2.88,194202,9237.0,8541.0,164.0,532.0,60496.0,1.73,277.0,392.0,3.0,112.0,2144.0,0.06,62.0,0.04,3.54,,ShowMarginChartWeek,FinMind_API_TaiwanStockMarginPurchaseShortSale_2317,True,2026-09-22T02:13:50,2026-09-22T02:13:50,2026-09-22T02:13:50
2317,鴻海,26W02,230.5,-1.5,-0.65,348766,15333.0,12374.0,850.0,2109.0,62605.0,1.79,432.0,428.0,1.0,-5.0,2139.0,0.06,143.0,0.06,3.42,,ShowMarginChartWeek,FinMind_API_TaiwanStockMarginPurchaseShortSale_2317,True,2026-09-22T02:13:50,2026-09-22T02:13:50,2026-09-22T02:13:50
2317,鴻海,26W03,234.5,4.0,1.74,228060,7488.0,8838.0,626.0,-1976.0,60629.0,1.73,389.0,471.0,0.0,82.0,2221.0,0.06,32.0,0.0,3.66,,ShowMarginChartWeek,FinMind_API_TaiwanStockMarginPurchaseShortSale_2317,True,2026-09-22T02:13:50,2026-09-22T02:13:50,2026-09-22T02:13:50
2317,鴻海,26W04,221.5,-13.0,-5.54,293751,9464.0,6444.0,187.0,2833.0,63462.0,1.81,866.0,330.0,2.0,-538.0,1683.0,0.05,49.0,0.0,2.65,,ShowMarginChartWeek,FinMind_API_TaiwanStockMarginPurchaseShortSale_2317,True,2026-09-22T02:13:50,2026-09-22T02:13:50,2026-09-22T02:13:50
2317,鴻海,26W05,220.5,-1.0,-0.45,286169,7967.0,5396.0,323.0,2248.0,65710.0,1.88,296.0,220.0,11.0,-87.0,1596.0,0.05,17.0,0.0,2.43,,ShowMarginChartWeek,FinMind_API_TaiwanStockMarginPurchaseShortSale_2317,True,2026-09-22T02:13:50,2026-09-22T02:13:50,2026-09-22T02:13:50
2317,鴻海,26W06,215.0,-5.5,-2.49,236143,6068.0,5969.0,644.0,-545.0,65165.0,1.86,656.0,553.0,0.0,-103.0,1493.0,0.04,33.0,0.02,2.29,,ShowMarginChartWeek,FinMind_API_TaiwanStockMarginPurchaseShortSale_2317,True,2026-09-22T02:13:50,2026-09-22T02:13:50,2026-09-22T02:13:50
2317,鴻海,26W07,227.0,12.0,5.58,145885,3050.0,6145.0,234.0,-3329.0,61836.0,1.77,195.0,169.0,0.0,-26.0,1467.0,0.04,16.0,0.0,2.37,,ShowMarginChartWeek,FinMind_API_TaiwanStockMarginPurchaseShortSale_2317,True,2026-09-22T02:13:50,2026-09-22T02:13:50,2026-09-22T02:13:50
2317,鴻海,26W09,243.0,16.0,7.05,448800,16481.0,14112.0,112.0,2257.0,63445.0,1.81,307.0,482.0,1.0,174.0,1641.0,0.05,111.0,0.06,2.59,,ShowMarginChartWeek,FinMind_API_TaiwanStockMarginPurchaseShortSale_2317,True,2026-09-22T02:13:50,2026-09-22T02:13:50,2026-09-22T02:13:50
2317,鴻海,26W10,223.0,-20.0,-8.23,378207,11002.0,13898.0,258.0,-3154.0,60291.0,1.72,961.0,323.0,30.0,-668.0,973.0,0.03,206.0,0.09,1.61,,ShowMarginChartWeek,FinMind_API_TaiwanStockMarginPurchaseShortSale_2317,True,2026-09-22T02:13:50,2026-09-22T02:13:50,2026-09-22T02:13:50
2317,鴻海,26W11,214.5,-8.5,-3.81,299749,9471.0,7504.0,448.0,1519.0,61810.0,1.76,585.0,335.0,0.0,-250.0,723.0,0.02,37.0,0.0,1.17,,ShowMarginChartWeek,FinMind_API_TaiwanStockMarginPurchaseShortSale_2317,True,2026-09-22T02:13:50,2026-09-22T02:13:50,2026-09-22T02:13:50
2317,鴻海,26W12,203.0,-11.5,-5.36,408469,13124.0,7892.0,711.0,4521.0,66331.0,1.89,706.0,185.0,3.0,-524.0,199.0,0.01,48.0,0.03,0.3,,ShowMarginChartWeek,FinMind_API_TaiwanStockMarginPurchaseShortSale_2317,True,2026-09-22T02:13:50,2026-09-22T02:13:50,2026-09-22T02:13:50
2317,鴻海,26W13,199.5,-3.5,-1.72,249382,6567.0,9250.0,550.0,-3233.0,63098.0,1.8,188.0,104.0,11.0,-95.0,104.0,0.0,57.0,0.19,0.16,,ShowMarginChartWeek,FinMind_API_TaiwanStockMarginPurchaseShortSale_2317,True,2026-09-22T02:13:50,2026-09-22T02:13:50,2026-09-22T02:13:50
2317,鴻海,26W14,193.0,-6.5,-3.26,229417,4274.0,5937.0,292.0,-1955.0,61143.0,1.75,575.0,890.0,2.0,313.0,417.0,0.01,78.0,0.02,0.68,,ShowMarginChartWeek,FinMind_API_TaiwanStockMarginPurchaseShortSale_2317,True,2026-09-22T02:13:50,2026-09-22T02:13:50,2026-09-22T02:13:50
2317,鴻海,26W15,200.5,7.5,3.89,207924,4797.0,3936.0,163.0,698.0,61864.0,1.77,263.0,122.0,1.0,-142.0,258.0,0.01,31.0,0.03,0.42,,ShowMarginChartWeek,FinMind_API_TaiwanStockMarginPurchaseShortSale_2317,True,2026-09-22T02:13:50,2026-09-22T02:13:50,2026-09-22T02:13:50
2317,鴻海,26W16,206.0,5.5,2.74,261790,5745.0,6362.0,323.0,-940.0,60924.0,1.74,175.0,172.0,1.0,-4.0,254.0,0.01,54.0,0.04,0.42,,ShowMarginChartWeek,FinMind_API_TaiwanStockMarginPurchaseShortSale_2317,True,2026-09-22T02:13:50,2026-09-22T02:13:50,2026-09-22T02:13:50
2317,鴻海,26W17,221.5,15.5,7.52,489494,12825.0,16808.0,1248.0,-5231.0,55693.0,1.59,387.0,569.0,3.0,179.0,433.0,0.01,195.0,0.05,0.78,,ShowMarginChartWeek,FinMind_API_TaiwanStockMarginPurchaseShortSale_2317,True,2026-09-22T02:13:50,2026-09-22T02:13:50,2026-09-22T02:13:50
2317,鴻海,26W18,219.5,-2.0,-0.9,330834,10560.0,9779.0,132.0,649.0,56342.0,1.61,210.0,266.0,0.0,56.0,489.0,0.01,124.0,0.05,0.87,,ShowMarginChartWeek,FinMind_API_TaiwanStockMarginPurchaseShortSale_2317,True,2026-09-22T02:13:50,2026-09-22T02:13:50,2026-09-22T02:13:50
2317,鴻海,26W19,250.0,30.5,13.9,691853,20385.0,28580.0,206.0,-8401.0,47941.0,1.37,361.0,866.0,13.0,492.0,981.0,0.03,155.0,0.01,2.05,,ShowMarginChartWeek,FinMind_API_TaiwanStockMarginPurchaseShortSale_2317,True,2026-09-22T02:13:50,2026-09-22T02:13:50,2026-09-22T02:13:50
2317,鴻海,26W20,248.5,-1.5,-0.6,431577,10730.0,11485.0,213.0,-968.0,46973.0,1.34,349.0,322.0,2.0,-29.0,952.0,0.03,84.0,0.03,2.03,,ShowMarginChartWeek,FinMind_API_TaiwanStockMarginPurchaseShortSale_2317,True,2026-09-22T02:13:50,2026-09-22T02:13:50,2026-09-22T02:13:50
2317,鴻海,26W21,250.0,1.5,0.6,304179,7525.0,7653.0,111.0,-239.0,46734.0,1.33,874.0,748.0,0.0,-126.0,826.0,0.02,62.0,0.02,1.77,,ShowMarginChartWeek,FinMind_API_TaiwanStockMarginPurchaseShortSale_2317,True,2026-09-22T02:13:50,2026-09-22T02:13:50,2026-09-22T02:13:50
2317,鴻海,26W22,289.0,39.0,15.6,620311,35663.0,21311.0,244.0,14108.0,60842.0,1.73,229.0,721.0,10.0,482.0,1308.0,0.04,229.0,0.04,2.15,,ShowMarginChartWeek,FinMind_API_TaiwanStockMarginPurchaseShortSale_2317,True,2026-09-22T02:13:50,2026-09-22T02:13:50,2026-09-22T02:13:50
2317,鴻海,26W23,284.5,-4.5,-1.56,672384,30495.0,42952.0,115.0,-12572.0,48270.0,1.38,911.0,471.0,3.0,-443.0,865.0,0.02,365.0,0.05,1.79,,ShowMarginChartWeek,FinMind_API_TaiwanStockMarginPurchaseShortSale_2317,True,2026-09-22T02:13:50,2026-09-22T02:13:50,2026-09-22T02:13:50
2317,鴻海,26W24,260.5,-24.0,-8.44,443694,9556.0,11762.0,269.0,-2475.0,45795.0,1.31,569.0,328.0,4.0,-245.0,620.0,0.02,136.0,0.02,1.35,,ShowMarginChartWeek,FinMind_API_TaiwanStockMarginPurchaseShortSale_2317,True,2026-09-22T02:13:50,2026-09-22T02:13:50,2026-09-22T02:13:50
2317,鴻海,26W25,268.5,8.0,3.07,223320,5179.0,4936.0,191.0,52.0,45958.0,1.31,280.0,222.0,1.0,-59.0,562.0,0.02,31.0,0.0,1.22,,ShowMarginChartWeek,FinMind_API_TaiwanStockMarginPurchaseShortSale_2317,True,2026-09-22T02:13:50,2026-09-22T02:13:50,2026-09-22T02:13:50
2317,鴻海,26W26,248.5,-20.0,-7.45,346930,10286.0,7004.0,203.0,3079.0,49037.0,1.4,513.0,64.0,93.0,-542.0,20.0,0.0,28.0,0.0,0.04,,ShowMarginChartWeek,FinMind_API_TaiwanStockMarginPurchaseShortSale_2317,True,2026-09-22T02:13:50,2026-09-22T02:13:50,2026-09-22T02:13:50
2317,鴻海,26W27,240.5,-8.0,-3.22,286948,13521.0,5206.0,222.0,8093.0,57130.0,1.63,4.0,44.0,20.0,20.0,40.0,0.0,154.0,0.16,0.07,,ShowMarginChartWeek,FinMind_API_TaiwanStockMarginPurchaseShortSale_2317,True,2026-09-22T02:13:50,2026-09-22T02:13:50,2026-09-22T02:13:50
2317,鴻海,26W28,237.5,-3.0,-1.25,173940,3981.0,3959.0,124.0,-102.0,57028.0,1.63,107.0,190.0,0.0,83.0,123.0,0.0,24.0,0.01,0.22,,ShowMarginChartWeek,FinMind_API_TaiwanStockMarginPurchaseShortSale_2317,True,2026-09-22T02:13:50,2026-09-22T02:13:50,2026-09-22T02:13:50
2317,鴻海,26W29,234.0,-3.5,-1.47,229808,5110.0,4923.0,150.0,37.0,57065.0,1.62,217.0,339.0,1.0,121.0,244.0,0.01,24.0,0.0,0.43,,ShowMarginChartWeek,FinMind_API_TaiwanStockMarginPurchaseShortSale_2317,True,2026-09-22T02:13:50,2026-09-22T02:13:50,2026-09-22T02:13:50
2317,鴻海,26W30,252.5,18.5,7.91,265321,7239.0,10466.0,127.0,-3354.0,53711.0,1.53,211.0,313.0,1.0,101.0,345.0,0.01,101.0,0.01,0.64,,ShowMarginChartWeek,FinMind_API_TaiwanStockMarginPurchaseShortSale_2317,True,2026-09-22T02:13:50,2026-09-22T02:13:50,2026-09-22T02:13:50
2317,鴻海,26W31,250.5,-2.0,-0.79,350252,9002.0,11617.0,232.0,-2847.0,50864.0,1.45,514.0,491.0,0.0,-23.0,322.0,0.01,97.0,0.01,0.63,,ShowMarginChartWeek,FinMind_API_TaiwanStockMarginPurchaseShortSale_2317,True,2026-09-22T02:13:50,2026-09-22T02:13:50,2026-09-22T02:13:50
2317,鴻海,26W32,260.0,9.5,3.79,287388,10481.0,10776.0,134.0,-429.0,50435.0,1.43,221.0,543.0,2.0,320.0,642.0,0.02,81.0,0.0,1.27,,ShowMarginChartWeek,FinMind_API_TaiwanStockMarginPurchaseShortSale_2317,True,2026-09-22T02:13:50,2026-09-22T02:13:50,2026-09-22T02:13:50
2317,鴻海,26W33,259.5,-0.5,-0.19,267606,12956.0,11894.0,446.0,616.0,51051.0,1.45,808.0,873.0,3.0,62.0,704.0,0.02,67.0,0.02,1.38,,ShowMarginChartWeek,FinMind_API_TaiwanStockMarginPurchaseShortSale_2317,True,2026-09-22T02:13:50,2026-09-22T02:13:50,2026-09-22T02:13:50
2317,鴻海,26W34,245.5,-14.0,-5.39,174449,4656.0,3273.0,146.0,1237.0,52288.0,1.49,295.0,96.0,0.0,-199.0,505.0,0.01,17.0,0.01,0.97,,ShowMarginChartWeek,FinMind_API_TaiwanStockMarginPurchaseShortSale_2317,True,2026-09-22T02:13:50,2026-09-22T02:13:50,2026-09-22T02:13:50
2317,鴻海,26W35,253.0,7.5,3.05,159547,5097.0,4133.0,195.0,769.0,53057.0,1.51,167.0,159.0,2.0,-10.0,495.0,0.01,34.0,0.01,0.93,,ShowMarginChartWeek,FinMind_API_TaiwanStockMarginPurchaseShortSale_2317,True,2026-09-22T02:13:50,2026-09-22T02:13:50,2026-09-22T02:13:50
2317,鴻海,26W36,256.0,3.0,1.19,177873,5879.0,4515.0,326.0,1038.0,54095.0,1.54,91.0,137.0,10.0,36.0,531.0,0.02,26.0,0.02,0.98,,ShowMarginChartWeek,FinMind_API_TaiwanStockMarginPurchaseShortSale_2317,True,2026-09-22T02:13:50,2026-09-22T02:13:50,2026-09-22T02:13:50
2317,鴻海,26W37,248.0,-8.0,-3.12,160010,3662.0,3946.0,112.0,-396.0,53699.0,1.53,350.0,356.0,0.0,6.0,537.0,0.02,15.0,0.01,1.0,,ShowMarginChartWeek,FinMind_API_TaiwanStockMarginPurchaseShortSale_2317,True,2026-09-22T02:13:50,2026-09-22T02:13:50,2026-09-22T02:13:50
2317,鴻海,26W38,250.5,2.5,1.01,132135,3504.0,1999.0,116.0,1389.0,55088.0,1.57,172.0,79.0,0.0,-93.0,444.0,0.01,13.0,0.0,0.81,,ShowMarginChartWeek,FinMind_API_TaiwanStockMarginPurchaseShortSale_2317,True,2026-09-22T02:13:50,2026-09-22T02:13:50,2026-09-22T02:13:50
2317,鴻海,26W39,250.0,-0.5,-0.2,16771,901.0,231.0,17.0,653.0,55741.0,1.58,7.0,1.0,0.0,-6.0,438.0,0.01,0.0,0.0,0.79,,ShowMarginChartWeek,FinMind_API_TaiwanStockMarginPurchaseShortSale_2317,True,2026-09-22T02:13:50,2026-09-22T02:13:50,2026-09-22T02:13:50
