stock_code,company_name,交易_週別,收盤價_元,漲跌價_元,漲跌幅_pct,河流圖_eps_元,目前_per_倍,本益比試算價格_15x_元,本益比試算價格_18x_元,本益比試算價格_21x_元,本益比試算價格_24x_元,本益比試算價格_27x_元,本益比試算價格_30x_元,file_type,source_file,download_success,download_timestamp,process_timestamp,stage1_process_timestamp
2474,可成,21W01,210.5,,,,,,,,,,,ShowWeeklyK_ChartFlow,FinMind_API_TaiwanStockPrice_2474,True,2026-09-22T07:07:43,2026-09-22T07:07:43,2026-09-22T07:07:43
2474,可成,21W02,210.5,0.0,0.00%,,,,,,,,,ShowWeeklyK_ChartFlow,FinMind_API_TaiwanStockPrice_2474,True,2026-09-22T07:07:43,2026-09-22T07:07:43,2026-09-22T07:07:43
2474,可成,21W03,204.0,-6.5,-3.09%,,,,,,,,,ShowWeeklyK_ChartFlow,FinMind_API_TaiwanStockPrice_2474,True,2026-09-22T07:07:43,2026-09-22T07:07:43,2026-09-22T07:07:43
2474,可成,21W04,198.0,-6.0,-2.94%,,,,,,,,,ShowWeeklyK_ChartFlow,FinMind_API_TaiwanStockPrice_2474,True,2026-09-22T07:07:43,2026-09-22T07:07:43,2026-09-22T07:07:43
2474,可成,21W05,191.5,-6.5,-3.28%,,,,,,,,,ShowWeeklyK_ChartFlow,FinMind_API_TaiwanStockPrice_2474,True,2026-09-22T07:07:43,2026-09-22T07:07:43,2026-09-22T07:07:43
2474,可成,21W07,193.0,1.5,0.78%,,,,,,,,,ShowWeeklyK_ChartFlow,FinMind_API_TaiwanStockPrice_2474,True,2026-09-22T07:07:43,2026-09-22T07:07:43,2026-09-22T07:07:43
2474,可成,21W08,192.0,-1.0,-0.52%,,,,,,,,,ShowWeeklyK_ChartFlow,FinMind_API_TaiwanStockPrice_2474,True,2026-09-22T07:07:43,2026-09-22T07:07:43,2026-09-22T07:07:43
2474,可成,21W09,193.5,1.5,0.78%,,,,,,,,,ShowWeeklyK_ChartFlow,FinMind_API_TaiwanStockPrice_2474,True,2026-09-22T07:07:43,2026-09-22T07:07:43,2026-09-22T07:07:43
2474,可成,21W10,201.5,8.0,4.13%,,,,,,,,,ShowWeeklyK_ChartFlow,FinMind_API_TaiwanStockPrice_2474,True,2026-09-22T07:07:43,2026-09-22T07:07:43,2026-09-22T07:07:43
2474,可成,21W11,204.0,2.5,1.24%,,,,,,,,,ShowWeeklyK_ChartFlow,FinMind_API_TaiwanStockPrice_2474,True,2026-09-22T07:07:43,2026-09-22T07:07:43,2026-09-22T07:07:43
2474,可成,21W12,204.0,0.0,0.00%,,,,,,,,,ShowWeeklyK_ChartFlow,FinMind_API_TaiwanStockPrice_2474,True,2026-09-22T07:07:43,2026-09-22T07:07:43,2026-09-22T07:07:43
2474,可成,21W13,211.0,7.0,3.43%,,,,,,,,,ShowWeeklyK_ChartFlow,FinMind_API_TaiwanStockPrice_2474,True,2026-09-22T07:07:43,2026-09-22T07:07:43,2026-09-22T07:07:43
2474,可成,21W14,206.0,-5.0,-2.37%,,,,,,,,,ShowWeeklyK_ChartFlow,FinMind_API_TaiwanStockPrice_2474,True,2026-09-22T07:07:43,2026-09-22T07:07:43,2026-09-22T07:07:43
2474,可成,21W15,207.5,1.5,0.73%,,,,,,,,,ShowWeeklyK_ChartFlow,FinMind_API_TaiwanStockPrice_2474,True,2026-09-22T07:07:43,2026-09-22T07:07:43,2026-09-22T07:07:43
2474,可成,21W16,201.5,-6.0,-2.89%,,,,,,,,,ShowWeeklyK_ChartFlow,FinMind_API_TaiwanStockPrice_2474,True,2026-09-22T07:07:43,2026-09-22T07:07:43,2026-09-22T07:07:43
2474,可成,21W17,197.5,-4.0,-1.99%,,,,,,,,,ShowWeeklyK_ChartFlow,FinMind_API_TaiwanStockPrice_2474,True,2026-09-22T07:07:43,2026-09-22T07:07:43,2026-09-22T07:07:43
2474,可成,21W18,190.5,-7.0,-3.54%,,,,,,,,,ShowWeeklyK_ChartFlow,FinMind_API_TaiwanStockPrice_2474,True,2026-09-22T07:07:43,2026-09-22T07:07:43,2026-09-22T07:07:43
2474,可成,21W19,178.0,-12.5,-6.56%,,,,,,,,,ShowWeeklyK_ChartFlow,FinMind_API_TaiwanStockPrice_2474,True,2026-09-22T07:07:43,2026-09-22T07:07:43,2026-09-22T07:07:43
2474,可成,21W20,181.5,3.5,1.97%,,,,,,,,,ShowWeeklyK_ChartFlow,FinMind_API_TaiwanStockPrice_2474,True,2026-09-22T07:07:43,2026-09-22T07:07:43,2026-09-22T07:07:43
2474,可成,21W21,183.0,1.5,0.83%,,,,,,,,,ShowWeeklyK_ChartFlow,FinMind_API_TaiwanStockPrice_2474,True,2026-09-22T07:07:43,2026-09-22T07:07:43,2026-09-22T07:07:43
2474,可成,21W22,182.0,-1.0,-0.55%,,,,,,,,,ShowWeeklyK_ChartFlow,FinMind_API_TaiwanStockPrice_2474,True,2026-09-22T07:07:43,2026-09-22T07:07:43,2026-09-22T07:07:43
2474,可成,21W23,179.5,-2.5,-1.37%,,,,,,,,,ShowWeeklyK_ChartFlow,FinMind_API_TaiwanStockPrice_2474,True,2026-09-22T07:07:43,2026-09-22T07:07:43,2026-09-22T07:07:43
2474,可成,21W24,178.5,-1.0,-0.56%,,,,,,,,,ShowWeeklyK_ChartFlow,FinMind_API_TaiwanStockPrice_2474,True,2026-09-22T07:07:43,2026-09-22T07:07:43,2026-09-22T07:07:43
2474,可成,21W25,183.0,4.5,2.52%,,,,,,,,,ShowWeeklyK_ChartFlow,FinMind_API_TaiwanStockPrice_2474,True,2026-09-22T07:07:43,2026-09-22T07:07:43,2026-09-22T07:07:43
2474,可成,21W26,181.0,-2.0,-1.09%,,,,,,,,,ShowWeeklyK_ChartFlow,FinMind_API_TaiwanStockPrice_2474,True,2026-09-22T07:07:43,2026-09-22T07:07:43,2026-09-22T07:07:43
2474,可成,21W27,181.5,0.5,0.28%,,,,,,,,,ShowWeeklyK_ChartFlow,FinMind_API_TaiwanStockPrice_2474,True,2026-09-22T07:07:43,2026-09-22T07:07:43,2026-09-22T07:07:43
2474,可成,21W28,189.0,7.5,4.13%,,,,,,,,,ShowWeeklyK_ChartFlow,FinMind_API_TaiwanStockPrice_2474,True,2026-09-22T07:07:43,2026-09-22T07:07:43,2026-09-22T07:07:43
2474,可成,21W29,187.0,-2.0,-1.06%,,,,,,,,,ShowWeeklyK_ChartFlow,FinMind_API_TaiwanStockPrice_2474,True,2026-09-22T07:07:43,2026-09-22T07:07:43,2026-09-22T07:07:43
2474,可成,21W30,185.0,-2.0,-1.07%,,,,,,,,,ShowWeeklyK_ChartFlow,FinMind_API_TaiwanStockPrice_2474,True,2026-09-22T07:07:43,2026-09-22T07:07:43,2026-09-22T07:07:43
2474,可成,21W31,186.0,1.0,0.54%,,,,,,,,,ShowWeeklyK_ChartFlow,FinMind_API_TaiwanStockPrice_2474,True,2026-09-22T07:07:43,2026-09-22T07:07:43,2026-09-22T07:07:43
2474,可成,21W32,179.5,-6.5,-3.49%,,,,,,,,,ShowWeeklyK_ChartFlow,FinMind_API_TaiwanStockPrice_2474,True,2026-09-22T07:07:43,2026-09-22T07:07:43,2026-09-22T07:07:43
2474,可成,21W33,173.5,-6.0,-3.34%,,,,,,,,,ShowWeeklyK_ChartFlow,FinMind_API_TaiwanStockPrice_2474,True,2026-09-22T07:07:43,2026-09-22T07:07:43,2026-09-22T07:07:43
2474,可成,21W34,177.5,4.0,2.31%,,,,,,,,,ShowWeeklyK_ChartFlow,FinMind_API_TaiwanStockPrice_2474,True,2026-09-22T07:07:43,2026-09-22T07:07:43,2026-09-22T07:07:43
2474,可成,21W35,164.0,-13.5,-7.61%,,,,,,,,,ShowWeeklyK_ChartFlow,FinMind_API_TaiwanStockPrice_2474,True,2026-09-22T07:07:43,2026-09-22T07:07:43,2026-09-22T07:07:43
2474,可成,21W36,160.5,-3.5,-2.13%,,,,,,,,,ShowWeeklyK_ChartFlow,FinMind_API_TaiwanStockPrice_2474,True,2026-09-22T07:07:43,2026-09-22T07:07:43,2026-09-22T07:07:43
2474,可成,21W37,166.0,5.5,3.43%,,,,,,,,,ShowWeeklyK_ChartFlow,FinMind_API_TaiwanStockPrice_2474,True,2026-09-22T07:07:43,2026-09-22T07:07:43,2026-09-22T07:07:43
2474,可成,21W38,168.0,2.0,1.20%,,,,,,,,,ShowWeeklyK_ChartFlow,FinMind_API_TaiwanStockPrice_2474,True,2026-09-22T07:07:43,2026-09-22T07:07:43,2026-09-22T07:07:43
2474,可成,21W39,163.0,-5.0,-2.98%,,,,,,,,,ShowWeeklyK_ChartFlow,FinMind_API_TaiwanStockPrice_2474,True,2026-09-22T07:07:43,2026-09-22T07:07:43,2026-09-22T07:07:43
2474,可成,21W40,164.0,1.0,0.61%,,,,,,,,,ShowWeeklyK_ChartFlow,FinMind_API_TaiwanStockPrice_2474,True,2026-09-22T07:07:43,2026-09-22T07:07:43,2026-09-22T07:07:43
2474,可成,21W41,160.5,-3.5,-2.13%,,,,,,,,,ShowWeeklyK_ChartFlow,FinMind_API_TaiwanStockPrice_2474,True,2026-09-22T07:07:43,2026-09-22T07:07:43,2026-09-22T07:07:43
2474,可成,21W42,164.5,4.0,2.49%,,,,,,,,,ShowWeeklyK_ChartFlow,FinMind_API_TaiwanStockPrice_2474,True,2026-09-22T07:07:43,2026-09-22T07:07:43,2026-09-22T07:07:43
2474,可成,21W43,161.0,-3.5,-2.13%,,,,,,,,,ShowWeeklyK_ChartFlow,FinMind_API_TaiwanStockPrice_2474,True,2026-09-22T07:07:43,2026-09-22T07:07:43,2026-09-22T07:07:43
2474,可成,21W44,162.0,1.0,0.62%,,,,,,,,,ShowWeeklyK_ChartFlow,FinMind_API_TaiwanStockPrice_2474,True,2026-09-22T07:07:43,2026-09-22T07:07:43,2026-09-22T07:07:43
2474,可成,21W45,163.0,1.0,0.62%,,,,,,,,,ShowWeeklyK_ChartFlow,FinMind_API_TaiwanStockPrice_2474,True,2026-09-22T07:07:43,2026-09-22T07:07:43,2026-09-22T07:07:43
2474,可成,21W46,161.0,-2.0,-1.23%,,,,,,,,,ShowWeeklyK_ChartFlow,FinMind_API_TaiwanStockPrice_2474,True,2026-09-22T07:07:43,2026-09-22T07:07:43,2026-09-22T07:07:43
2474,可成,21W47,151.5,-9.5,-5.90%,,,,,,,,,ShowWeeklyK_ChartFlow,FinMind_API_TaiwanStockPrice_2474,True,2026-09-22T07:07:43,2026-09-22T07:07:43,2026-09-22T07:07:43
2474,可成,21W48,149.5,-2.0,-1.32%,,,,,,,,,ShowWeeklyK_ChartFlow,FinMind_API_TaiwanStockPrice_2474,True,2026-09-22T07:07:43,2026-09-22T07:07:43,2026-09-22T07:07:43
2474,可成,21W49,156.0,6.5,4.35%,,,,,,,,,ShowWeeklyK_ChartFlow,FinMind_API_TaiwanStockPrice_2474,True,2026-09-22T07:07:43,2026-09-22T07:07:43,2026-09-22T07:07:43
2474,可成,21W50,154.0,-2.0,-1.28%,,,,,,,,,ShowWeeklyK_ChartFlow,FinMind_API_TaiwanStockPrice_2474,True,2026-09-22T07:07:43,2026-09-22T07:07:43,2026-09-22T07:07:43
2474,可成,21W51,156.0,2.0,1.30%,,,,,,,,,ShowWeeklyK_ChartFlow,FinMind_API_TaiwanStockPrice_2474,True,2026-09-22T07:07:43,2026-09-22T07:07:43,2026-09-22T07:07:43
2474,可成,21W52,156.5,0.5,0.32%,,,,,,,,,ShowWeeklyK_ChartFlow,FinMind_API_TaiwanStockPrice_2474,True,2026-09-22T07:07:43,2026-09-22T07:07:43,2026-09-22T07:07:43
2474,可成,22W01,162.0,5.5,3.51%,,,,,,,,,ShowWeeklyK_ChartFlow,FinMind_API_TaiwanStockPrice_2474,True,2026-09-22T07:07:43,2026-09-22T07:07:43,2026-09-22T07:07:43
2474,可成,22W02,158.0,-4.0,-2.47%,,,,,,,,,ShowWeeklyK_ChartFlow,FinMind_API_TaiwanStockPrice_2474,True,2026-09-22T07:07:43,2026-09-22T07:07:43,2026-09-22T07:07:43
2474,可成,22W03,158.5,0.5,0.32%,,,,,,,,,ShowWeeklyK_ChartFlow,FinMind_API_TaiwanStockPrice_2474,True,2026-09-22T07:07:43,2026-09-22T07:07:43,2026-09-22T07:07:43
2474,可成,22W04,154.5,-4.0,-2.52%,,,,,,,,,ShowWeeklyK_ChartFlow,FinMind_API_TaiwanStockPrice_2474,True,2026-09-22T07:07:43,2026-09-22T07:07:43,2026-09-22T07:07:43
2474,可成,22W06,156.0,1.5,0.97%,,,,,,,,,ShowWeeklyK_ChartFlow,FinMind_API_TaiwanStockPrice_2474,True,2026-09-22T07:07:43,2026-09-22T07:07:43,2026-09-22T07:07:43
2474,可成,22W07,154.0,-2.0,-1.28%,,,,,,,,,ShowWeeklyK_ChartFlow,FinMind_API_TaiwanStockPrice_2474,True,2026-09-22T07:07:43,2026-09-22T07:07:43,2026-09-22T07:07:43
2474,可成,22W08,143.0,-11.0,-7.14%,,,,,,,,,ShowWeeklyK_ChartFlow,FinMind_API_TaiwanStockPrice_2474,True,2026-09-22T07:07:43,2026-09-22T07:07:43,2026-09-22T07:07:43
2474,可成,22W09,147.0,4.0,2.80%,,,,,,,,,ShowWeeklyK_ChartFlow,FinMind_API_TaiwanStockPrice_2474,True,2026-09-22T07:07:43,2026-09-22T07:07:43,2026-09-22T07:07:43
2474,可成,22W10,146.0,-1.0,-0.68%,,,,,,,,,ShowWeeklyK_ChartFlow,FinMind_API_TaiwanStockPrice_2474,True,2026-09-22T07:07:43,2026-09-22T07:07:43,2026-09-22T07:07:43
2474,可成,22W11,151.0,5.0,3.42%,,,,,,,,,ShowWeeklyK_ChartFlow,FinMind_API_TaiwanStockPrice_2474,True,2026-09-22T07:07:43,2026-09-22T07:07:43,2026-09-22T07:07:43
2474,可成,22W12,147.5,-3.5,-2.32%,,,,,,,,,ShowWeeklyK_ChartFlow,FinMind_API_TaiwanStockPrice_2474,True,2026-09-22T07:07:43,2026-09-22T07:07:43,2026-09-22T07:07:43
2474,可成,22W13,146.0,-1.5,-1.02%,,,,,,,,,ShowWeeklyK_ChartFlow,FinMind_API_TaiwanStockPrice_2474,True,2026-09-22T07:07:43,2026-09-22T07:07:43,2026-09-22T07:07:43
2474,可成,22W14,148.5,2.5,1.71%,,,,,,,,,ShowWeeklyK_ChartFlow,FinMind_API_TaiwanStockPrice_2474,True,2026-09-22T07:07:43,2026-09-22T07:07:43,2026-09-22T07:07:43
2474,可成,22W15,146.5,-2.0,-1.35%,,,,,,,,,ShowWeeklyK_ChartFlow,FinMind_API_TaiwanStockPrice_2474,True,2026-09-22T07:07:43,2026-09-22T07:07:43,2026-09-22T07:07:43
2474,可成,22W16,147.5,1.0,0.68%,,,,,,,,,ShowWeeklyK_ChartFlow,FinMind_API_TaiwanStockPrice_2474,True,2026-09-22T07:07:43,2026-09-22T07:07:43,2026-09-22T07:07:43
2474,可成,22W17,145.0,-2.5,-1.69%,,,,,,,,,ShowWeeklyK_ChartFlow,FinMind_API_TaiwanStockPrice_2474,True,2026-09-22T07:07:43,2026-09-22T07:07:43,2026-09-22T07:07:43
2474,可成,22W18,151.0,6.0,4.14%,,,,,,,,,ShowWeeklyK_ChartFlow,FinMind_API_TaiwanStockPrice_2474,True,2026-09-22T07:07:43,2026-09-22T07:07:43,2026-09-22T07:07:43
2474,可成,22W19,150.5,-0.5,-0.33%,,,,,,,,,ShowWeeklyK_ChartFlow,FinMind_API_TaiwanStockPrice_2474,True,2026-09-22T07:07:43,2026-09-22T07:07:43,2026-09-22T07:07:43
2474,可成,22W20,159.5,9.0,5.98%,,,,,,,,,ShowWeeklyK_ChartFlow,FinMind_API_TaiwanStockPrice_2474,True,2026-09-22T07:07:43,2026-09-22T07:07:43,2026-09-22T07:07:43
2474,可成,22W21,165.0,5.5,3.45%,,,,,,,,,ShowWeeklyK_ChartFlow,FinMind_API_TaiwanStockPrice_2474,True,2026-09-22T07:07:43,2026-09-22T07:07:43,2026-09-22T07:07:43
2474,可成,22W22,171.0,6.0,3.64%,,,,,,,,,ShowWeeklyK_ChartFlow,FinMind_API_TaiwanStockPrice_2474,True,2026-09-22T07:07:43,2026-09-22T07:07:43,2026-09-22T07:07:43
2474,可成,22W23,168.0,-3.0,-1.75%,,,,,,,,,ShowWeeklyK_ChartFlow,FinMind_API_TaiwanStockPrice_2474,True,2026-09-22T07:07:43,2026-09-22T07:07:43,2026-09-22T07:07:43
2474,可成,22W24,165.0,-3.0,-1.79%,,,,,,,,,ShowWeeklyK_ChartFlow,FinMind_API_TaiwanStockPrice_2474,True,2026-09-22T07:07:43,2026-09-22T07:07:43,2026-09-22T07:07:43
2474,可成,22W25,166.0,1.0,0.61%,,,,,,,,,ShowWeeklyK_ChartFlow,FinMind_API_TaiwanStockPrice_2474,True,2026-09-22T07:07:43,2026-09-22T07:07:43,2026-09-22T07:07:43
2474,可成,22W26,162.0,-4.0,-2.41%,,,,,,,,,ShowWeeklyK_ChartFlow,FinMind_API_TaiwanStockPrice_2474,True,2026-09-22T07:07:43,2026-09-22T07:07:43,2026-09-22T07:07:43
2474,可成,22W27,160.5,-1.5,-0.93%,,,,,,,,,ShowWeeklyK_ChartFlow,FinMind_API_TaiwanStockPrice_2474,True,2026-09-22T07:07:43,2026-09-22T07:07:43,2026-09-22T07:07:43
2474,可成,22W28,168.0,7.5,4.67%,,,,,,,,,ShowWeeklyK_ChartFlow,FinMind_API_TaiwanStockPrice_2474,True,2026-09-22T07:07:43,2026-09-22T07:07:43,2026-09-22T07:07:43
2474,可成,22W29,168.0,0.0,0.00%,,,,,,,,,ShowWeeklyK_ChartFlow,FinMind_API_TaiwanStockPrice_2474,True,2026-09-22T07:07:43,2026-09-22T07:07:43,2026-09-22T07:07:43
2474,可成,22W30,170.5,2.5,1.49%,,,,,,,,,ShowWeeklyK_ChartFlow,FinMind_API_TaiwanStockPrice_2474,True,2026-09-22T07:07:43,2026-09-22T07:07:43,2026-09-22T07:07:43
2474,可成,22W31,170.5,0.0,0.00%,,,,,,,,,ShowWeeklyK_ChartFlow,FinMind_API_TaiwanStockPrice_2474,True,2026-09-22T07:07:43,2026-09-22T07:07:43,2026-09-22T07:07:43
2474,可成,22W32,176.0,5.5,3.23%,,,,,,,,,ShowWeeklyK_ChartFlow,FinMind_API_TaiwanStockPrice_2474,True,2026-09-22T07:07:43,2026-09-22T07:07:43,2026-09-22T07:07:43
2474,可成,22W33,178.0,2.0,1.14%,,,,,,,,,ShowWeeklyK_ChartFlow,FinMind_API_TaiwanStockPrice_2474,True,2026-09-22T07:07:43,2026-09-22T07:07:43,2026-09-22T07:07:43
2474,可成,22W34,183.0,5.0,2.81%,,,,,,,,,ShowWeeklyK_ChartFlow,FinMind_API_TaiwanStockPrice_2474,True,2026-09-22T07:07:43,2026-09-22T07:07:43,2026-09-22T07:07:43
2474,可成,22W35,181.0,-2.0,-1.09%,,,,,,,,,ShowWeeklyK_ChartFlow,FinMind_API_TaiwanStockPrice_2474,True,2026-09-22T07:07:43,2026-09-22T07:07:43,2026-09-22T07:07:43
2474,可成,22W36,169.0,-12.0,-6.63%,,,,,,,,,ShowWeeklyK_ChartFlow,FinMind_API_TaiwanStockPrice_2474,True,2026-09-22T07:07:43,2026-09-22T07:07:43,2026-09-22T07:07:43
2474,可成,22W37,172.5,3.5,2.07%,,,,,,,,,ShowWeeklyK_ChartFlow,FinMind_API_TaiwanStockPrice_2474,True,2026-09-22T07:07:43,2026-09-22T07:07:43,2026-09-22T07:07:43
2474,可成,22W38,171.5,-1.0,-0.58%,,,,,,,,,ShowWeeklyK_ChartFlow,FinMind_API_TaiwanStockPrice_2474,True,2026-09-22T07:07:43,2026-09-22T07:07:43,2026-09-22T07:07:43
2474,可成,22W39,172.5,1.0,0.58%,,,,,,,,,ShowWeeklyK_ChartFlow,FinMind_API_TaiwanStockPrice_2474,True,2026-09-22T07:07:43,2026-09-22T07:07:43,2026-09-22T07:07:43
2474,可成,22W40,172.5,0.0,0.00%,,,,,,,,,ShowWeeklyK_ChartFlow,FinMind_API_TaiwanStockPrice_2474,True,2026-09-22T07:07:43,2026-09-22T07:07:43,2026-09-22T07:07:43
2474,可成,22W41,172.0,-0.5,-0.29%,,,,,,,,,ShowWeeklyK_ChartFlow,FinMind_API_TaiwanStockPrice_2474,True,2026-09-22T07:07:43,2026-09-22T07:07:43,2026-09-22T07:07:43
2474,可成,22W42,169.0,-3.0,-1.74%,,,,,,,,,ShowWeeklyK_ChartFlow,FinMind_API_TaiwanStockPrice_2474,True,2026-09-22T07:07:43,2026-09-22T07:07:43,2026-09-22T07:07:43
2474,可成,22W43,167.0,-2.0,-1.18%,,,,,,,,,ShowWeeklyK_ChartFlow,FinMind_API_TaiwanStockPrice_2474,True,2026-09-22T07:07:43,2026-09-22T07:07:43,2026-09-22T07:07:43
2474,可成,22W44,171.0,4.0,2.40%,,,,,,,,,ShowWeeklyK_ChartFlow,FinMind_API_TaiwanStockPrice_2474,True,2026-09-22T07:07:43,2026-09-22T07:07:43,2026-09-22T07:07:43
2474,可成,22W45,180.0,9.0,5.26%,,,,,,,,,ShowWeeklyK_ChartFlow,FinMind_API_TaiwanStockPrice_2474,True,2026-09-22T07:07:43,2026-09-22T07:07:43,2026-09-22T07:07:43
2474,可成,22W46,184.0,4.0,2.22%,,,,,,,,,ShowWeeklyK_ChartFlow,FinMind_API_TaiwanStockPrice_2474,True,2026-09-22T07:07:43,2026-09-22T07:07:43,2026-09-22T07:07:43
2474,可成,22W47,180.0,-4.0,-2.17%,,,,,,,,,ShowWeeklyK_ChartFlow,FinMind_API_TaiwanStockPrice_2474,True,2026-09-22T07:07:43,2026-09-22T07:07:43,2026-09-22T07:07:43
2474,可成,22W48,176.5,-3.5,-1.94%,,,,,,,,,ShowWeeklyK_ChartFlow,FinMind_API_TaiwanStockPrice_2474,True,2026-09-22T07:07:43,2026-09-22T07:07:43,2026-09-22T07:07:43
2474,可成,22W49,173.5,-3.0,-1.70%,,,,,,,,,ShowWeeklyK_ChartFlow,FinMind_API_TaiwanStockPrice_2474,True,2026-09-22T07:07:43,2026-09-22T07:07:43,2026-09-22T07:07:43
2474,可成,22W50,172.0,-1.5,-0.86%,,,,,,,,,ShowWeeklyK_ChartFlow,FinMind_API_TaiwanStockPrice_2474,True,2026-09-22T07:07:43,2026-09-22T07:07:43,2026-09-22T07:07:43
2474,可成,22W51,169.0,-3.0,-1.74%,,,,,,,,,ShowWeeklyK_ChartFlow,FinMind_API_TaiwanStockPrice_2474,True,2026-09-22T07:07:43,2026-09-22T07:07:43,2026-09-22T07:07:43
2474,可成,22W52,169.0,0.0,0.00%,,,,,,,,,ShowWeeklyK_ChartFlow,FinMind_API_TaiwanStockPrice_2474,True,2026-09-22T07:07:43,2026-09-22T07:07:43,2026-09-22T07:07:43
2474,可成,23W01,171.5,2.5,1.48%,,,,,,,,,ShowWeeklyK_ChartFlow,FinMind_API_TaiwanStockPrice_2474,True,2026-09-22T07:07:43,2026-09-22T07:07:43,2026-09-22T07:07:43
2474,可成,23W02,176.0,4.5,2.62%,,,,,,,,,ShowWeeklyK_ChartFlow,FinMind_API_TaiwanStockPrice_2474,True,2026-09-22T07:07:43,2026-09-22T07:07:43,2026-09-22T07:07:43
2474,可成,23W03,175.0,-1.0,-0.57%,,,,,,,,,ShowWeeklyK_ChartFlow,FinMind_API_TaiwanStockPrice_2474,True,2026-09-22T07:07:43,2026-09-22T07:07:43,2026-09-22T07:07:43
2474,可成,23W05,185.5,10.5,6.00%,,,,,,,,,ShowWeeklyK_ChartFlow,FinMind_API_TaiwanStockPrice_2474,True,2026-09-22T07:07:43,2026-09-22T07:07:43,2026-09-22T07:07:43
2474,可成,23W06,188.0,2.5,1.35%,,,,,,,,,ShowWeeklyK_ChartFlow,FinMind_API_TaiwanStockPrice_2474,True,2026-09-22T07:07:43,2026-09-22T07:07:43,2026-09-22T07:07:43
2474,可成,23W07,189.0,1.0,0.53%,,,,,,,,,ShowWeeklyK_ChartFlow,FinMind_API_TaiwanStockPrice_2474,True,2026-09-22T07:07:43,2026-09-22T07:07:43,2026-09-22T07:07:43
2474,可成,23W08,184.5,-4.5,-2.38%,,,,,,,,,ShowWeeklyK_ChartFlow,FinMind_API_TaiwanStockPrice_2474,True,2026-09-22T07:07:43,2026-09-22T07:07:43,2026-09-22T07:07:43
2474,可成,23W09,188.0,3.5,1.90%,,,,,,,,,ShowWeeklyK_ChartFlow,FinMind_API_TaiwanStockPrice_2474,True,2026-09-22T07:07:43,2026-09-22T07:07:43,2026-09-22T07:07:43
2474,可成,23W10,184.5,-3.5,-1.86%,,,,,,,,,ShowWeeklyK_ChartFlow,FinMind_API_TaiwanStockPrice_2474,True,2026-09-22T07:07:43,2026-09-22T07:07:43,2026-09-22T07:07:43
2474,可成,23W11,187.5,3.0,1.63%,,,,,,,,,ShowWeeklyK_ChartFlow,FinMind_API_TaiwanStockPrice_2474,True,2026-09-22T07:07:43,2026-09-22T07:07:43,2026-09-22T07:07:43
2474,可成,23W12,189.5,2.0,1.07%,,,,,,,,,ShowWeeklyK_ChartFlow,FinMind_API_TaiwanStockPrice_2474,True,2026-09-22T07:07:43,2026-09-22T07:07:43,2026-09-22T07:07:43
2474,可成,23W13,190.0,0.5,0.26%,,,,,,,,,ShowWeeklyK_ChartFlow,FinMind_API_TaiwanStockPrice_2474,True,2026-09-22T07:07:43,2026-09-22T07:07:43,2026-09-22T07:07:43
2474,可成,23W14,185.0,-5.0,-2.63%,,,,,,,,,ShowWeeklyK_ChartFlow,FinMind_API_TaiwanStockPrice_2474,True,2026-09-22T07:07:43,2026-09-22T07:07:43,2026-09-22T07:07:43
2474,可成,23W15,184.5,-0.5,-0.27%,,,,,,,,,ShowWeeklyK_ChartFlow,FinMind_API_TaiwanStockPrice_2474,True,2026-09-22T07:07:43,2026-09-22T07:07:43,2026-09-22T07:07:43
2474,可成,23W16,181.0,-3.5,-1.90%,,,,,,,,,ShowWeeklyK_ChartFlow,FinMind_API_TaiwanStockPrice_2474,True,2026-09-22T07:07:43,2026-09-22T07:07:43,2026-09-22T07:07:43
2474,可成,23W17,181.0,0.0,0.00%,,,,,,,,,ShowWeeklyK_ChartFlow,FinMind_API_TaiwanStockPrice_2474,True,2026-09-22T07:07:43,2026-09-22T07:07:43,2026-09-22T07:07:43
2474,可成,23W18,182.0,1.0,0.55%,,,,,,,,,ShowWeeklyK_ChartFlow,FinMind_API_TaiwanStockPrice_2474,True,2026-09-22T07:07:43,2026-09-22T07:07:43,2026-09-22T07:07:43
2474,可成,23W19,184.5,2.5,1.37%,,,,,,,,,ShowWeeklyK_ChartFlow,FinMind_API_TaiwanStockPrice_2474,True,2026-09-22T07:07:43,2026-09-22T07:07:43,2026-09-22T07:07:43
2474,可成,23W20,189.5,5.0,2.71%,,,,,,,,,ShowWeeklyK_ChartFlow,FinMind_API_TaiwanStockPrice_2474,True,2026-09-22T07:07:43,2026-09-22T07:07:43,2026-09-22T07:07:43
2474,可成,23W21,185.0,-4.5,-2.37%,,,,,,,,,ShowWeeklyK_ChartFlow,FinMind_API_TaiwanStockPrice_2474,True,2026-09-22T07:07:43,2026-09-22T07:07:43,2026-09-22T07:07:43
2474,可成,23W22,189.5,4.5,2.43%,,,,,,,,,ShowWeeklyK_ChartFlow,FinMind_API_TaiwanStockPrice_2474,True,2026-09-22T07:07:43,2026-09-22T07:07:43,2026-09-22T07:07:43
2474,可成,23W23,190.5,1.0,0.53%,,,,,,,,,ShowWeeklyK_ChartFlow,FinMind_API_TaiwanStockPrice_2474,True,2026-09-22T07:07:43,2026-09-22T07:07:43,2026-09-22T07:07:43
2474,可成,23W24,186.5,-4.0,-2.10%,,,,,,,,,ShowWeeklyK_ChartFlow,FinMind_API_TaiwanStockPrice_2474,True,2026-09-22T07:07:43,2026-09-22T07:07:43,2026-09-22T07:07:43
2474,可成,23W25,190.0,3.5,1.88%,,,,,,,,,ShowWeeklyK_ChartFlow,FinMind_API_TaiwanStockPrice_2474,True,2026-09-22T07:07:43,2026-09-22T07:07:43,2026-09-22T07:07:43
2474,可成,23W26,175.5,-14.5,-7.63%,,,,,,,,,ShowWeeklyK_ChartFlow,FinMind_API_TaiwanStockPrice_2474,True,2026-09-22T07:07:43,2026-09-22T07:07:43,2026-09-22T07:07:43
2474,可成,23W27,172.5,-3.0,-1.71%,,,,,,,,,ShowWeeklyK_ChartFlow,FinMind_API_TaiwanStockPrice_2474,True,2026-09-22T07:07:43,2026-09-22T07:07:43,2026-09-22T07:07:43
2474,可成,23W28,176.0,3.5,2.03%,,,,,,,,,ShowWeeklyK_ChartFlow,FinMind_API_TaiwanStockPrice_2474,True,2026-09-22T07:07:43,2026-09-22T07:07:43,2026-09-22T07:07:43
2474,可成,23W29,174.5,-1.5,-0.85%,,,,,,,,,ShowWeeklyK_ChartFlow,FinMind_API_TaiwanStockPrice_2474,True,2026-09-22T07:07:43,2026-09-22T07:07:43,2026-09-22T07:07:43
2474,可成,23W30,175.0,0.5,0.29%,,,,,,,,,ShowWeeklyK_ChartFlow,FinMind_API_TaiwanStockPrice_2474,True,2026-09-22T07:07:43,2026-09-22T07:07:43,2026-09-22T07:07:43
2474,可成,23W31,174.0,-1.0,-0.57%,,,,,,,,,ShowWeeklyK_ChartFlow,FinMind_API_TaiwanStockPrice_2474,True,2026-09-22T07:07:43,2026-09-22T07:07:43,2026-09-22T07:07:43
2474,可成,23W32,172.5,-1.5,-0.86%,,,,,,,,,ShowWeeklyK_ChartFlow,FinMind_API_TaiwanStockPrice_2474,True,2026-09-22T07:07:43,2026-09-22T07:07:43,2026-09-22T07:07:43
2474,可成,23W33,166.5,-6.0,-3.48%,,,,,,,,,ShowWeeklyK_ChartFlow,FinMind_API_TaiwanStockPrice_2474,True,2026-09-22T07:07:43,2026-09-22T07:07:43,2026-09-22T07:07:43
2474,可成,23W34,167.5,1.0,0.60%,,,,,,,,,ShowWeeklyK_ChartFlow,FinMind_API_TaiwanStockPrice_2474,True,2026-09-22T07:07:43,2026-09-22T07:07:43,2026-09-22T07:07:43
2474,可成,23W35,180.0,12.5,7.46%,,,,,,,,,ShowWeeklyK_ChartFlow,FinMind_API_TaiwanStockPrice_2474,True,2026-09-22T07:07:43,2026-09-22T07:07:43,2026-09-22T07:07:43
2474,可成,23W36,179.5,-0.5,-0.28%,,,,,,,,,ShowWeeklyK_ChartFlow,FinMind_API_TaiwanStockPrice_2474,True,2026-09-22T07:07:43,2026-09-22T07:07:43,2026-09-22T07:07:43
2474,可成,23W37,182.0,2.5,1.39%,,,,,,,,,ShowWeeklyK_ChartFlow,FinMind_API_TaiwanStockPrice_2474,True,2026-09-22T07:07:43,2026-09-22T07:07:43,2026-09-22T07:07:43
2474,可成,23W38,180.5,-1.5,-0.82%,,,,,,,,,ShowWeeklyK_ChartFlow,FinMind_API_TaiwanStockPrice_2474,True,2026-09-22T07:07:43,2026-09-22T07:07:43,2026-09-22T07:07:43
2474,可成,23W39,182.5,2.0,1.11%,,,,,,,,,ShowWeeklyK_ChartFlow,FinMind_API_TaiwanStockPrice_2474,True,2026-09-22T07:07:43,2026-09-22T07:07:43,2026-09-22T07:07:43
2474,可成,23W40,182.5,0.0,0.00%,,,,,,,,,ShowWeeklyK_ChartFlow,FinMind_API_TaiwanStockPrice_2474,True,2026-09-22T07:07:43,2026-09-22T07:07:43,2026-09-22T07:07:43
2474,可成,23W41,185.5,3.0,1.64%,,,,,,,,,ShowWeeklyK_ChartFlow,FinMind_API_TaiwanStockPrice_2474,True,2026-09-22T07:07:43,2026-09-22T07:07:43,2026-09-22T07:07:43
2474,可成,23W42,182.5,-3.0,-1.62%,,,,,,,,,ShowWeeklyK_ChartFlow,FinMind_API_TaiwanStockPrice_2474,True,2026-09-22T07:07:43,2026-09-22T07:07:43,2026-09-22T07:07:43
2474,可成,23W43,182.5,0.0,0.00%,,,,,,,,,ShowWeeklyK_ChartFlow,FinMind_API_TaiwanStockPrice_2474,True,2026-09-22T07:07:43,2026-09-22T07:07:43,2026-09-22T07:07:43
2474,可成,23W44,183.5,1.0,0.55%,,,,,,,,,ShowWeeklyK_ChartFlow,FinMind_API_TaiwanStockPrice_2474,True,2026-09-22T07:07:43,2026-09-22T07:07:43,2026-09-22T07:07:43
2474,可成,23W45,187.5,4.0,2.18%,,,,,,,,,ShowWeeklyK_ChartFlow,FinMind_API_TaiwanStockPrice_2474,True,2026-09-22T07:07:43,2026-09-22T07:07:43,2026-09-22T07:07:43
2474,可成,23W46,191.5,4.0,2.13%,,,,,,,,,ShowWeeklyK_ChartFlow,FinMind_API_TaiwanStockPrice_2474,True,2026-09-22T07:07:43,2026-09-22T07:07:43,2026-09-22T07:07:43
2474,可成,23W47,197.5,6.0,3.13%,,,,,,,,,ShowWeeklyK_ChartFlow,FinMind_API_TaiwanStockPrice_2474,True,2026-09-22T07:07:43,2026-09-22T07:07:43,2026-09-22T07:07:43
2474,可成,23W48,195.5,-2.0,-1.01%,,,,,,,,,ShowWeeklyK_ChartFlow,FinMind_API_TaiwanStockPrice_2474,True,2026-09-22T07:07:43,2026-09-22T07:07:43,2026-09-22T07:07:43
2474,可成,23W49,184.5,-11.0,-5.63%,,,,,,,,,ShowWeeklyK_ChartFlow,FinMind_API_TaiwanStockPrice_2474,True,2026-09-22T07:07:43,2026-09-22T07:07:43,2026-09-22T07:07:43
2474,可成,23W50,185.0,0.5,0.27%,,,,,,,,,ShowWeeklyK_ChartFlow,FinMind_API_TaiwanStockPrice_2474,True,2026-09-22T07:07:43,2026-09-22T07:07:43,2026-09-22T07:07:43
2474,可成,23W51,191.0,6.0,3.24%,,,,,,,,,ShowWeeklyK_ChartFlow,FinMind_API_TaiwanStockPrice_2474,True,2026-09-22T07:07:43,2026-09-22T07:07:43,2026-09-22T07:07:43
2474,可成,23W52,194.0,3.0,1.57%,,,,,,,,,ShowWeeklyK_ChartFlow,FinMind_API_TaiwanStockPrice_2474,True,2026-09-22T07:07:43,2026-09-22T07:07:43,2026-09-22T07:07:43
2474,可成,24W01,197.0,3.0,1.55%,,,,,,,,,ShowWeeklyK_ChartFlow,FinMind_API_TaiwanStockPrice_2474,True,2026-09-22T07:07:43,2026-09-22T07:07:43,2026-09-22T07:07:43
2474,可成,24W02,198.0,1.0,0.51%,,,,,,,,,ShowWeeklyK_ChartFlow,FinMind_API_TaiwanStockPrice_2474,True,2026-09-22T07:07:43,2026-09-22T07:07:43,2026-09-22T07:07:43
2474,可成,24W03,199.5,1.5,0.76%,,,,,,,,,ShowWeeklyK_ChartFlow,FinMind_API_TaiwanStockPrice_2474,True,2026-09-22T07:07:43,2026-09-22T07:07:43,2026-09-22T07:07:43
2474,可成,24W04,195.5,-4.0,-2.01%,,,,,,,,,ShowWeeklyK_ChartFlow,FinMind_API_TaiwanStockPrice_2474,True,2026-09-22T07:07:43,2026-09-22T07:07:43,2026-09-22T07:07:43
2474,可成,24W05,195.5,0.0,0.00%,,,,,,,,,ShowWeeklyK_ChartFlow,FinMind_API_TaiwanStockPrice_2474,True,2026-09-22T07:07:43,2026-09-22T07:07:43,2026-09-22T07:07:43
2474,可成,24W06,193.5,-2.0,-1.02%,,,,,,,,,ShowWeeklyK_ChartFlow,FinMind_API_TaiwanStockPrice_2474,True,2026-09-22T07:07:43,2026-09-22T07:07:43,2026-09-22T07:07:43
2474,可成,24W07,196.0,2.5,1.29%,,,,,,,,,ShowWeeklyK_ChartFlow,FinMind_API_TaiwanStockPrice_2474,True,2026-09-22T07:07:43,2026-09-22T07:07:43,2026-09-22T07:07:43
2474,可成,24W08,196.5,0.5,0.26%,,,,,,,,,ShowWeeklyK_ChartFlow,FinMind_API_TaiwanStockPrice_2474,True,2026-09-22T07:07:43,2026-09-22T07:07:43,2026-09-22T07:07:43
2474,可成,24W09,197.0,0.5,0.25%,,,,,,,,,ShowWeeklyK_ChartFlow,FinMind_API_TaiwanStockPrice_2474,True,2026-09-22T07:07:43,2026-09-22T07:07:43,2026-09-22T07:07:43
2474,可成,24W10,197.5,0.5,0.25%,,,,,,,,,ShowWeeklyK_ChartFlow,FinMind_API_TaiwanStockPrice_2474,True,2026-09-22T07:07:43,2026-09-22T07:07:43,2026-09-22T07:07:43
2474,可成,24W11,215.0,17.5,8.86%,,,,,,,,,ShowWeeklyK_ChartFlow,FinMind_API_TaiwanStockPrice_2474,True,2026-09-22T07:07:43,2026-09-22T07:07:43,2026-09-22T07:07:43
2474,可成,24W12,214.0,-1.0,-0.47%,,,,,,,,,ShowWeeklyK_ChartFlow,FinMind_API_TaiwanStockPrice_2474,True,2026-09-22T07:07:43,2026-09-22T07:07:43,2026-09-22T07:07:43
2474,可成,24W13,219.0,5.0,2.34%,,,,,,,,,ShowWeeklyK_ChartFlow,FinMind_API_TaiwanStockPrice_2474,True,2026-09-22T07:07:43,2026-09-22T07:07:43,2026-09-22T07:07:43
2474,可成,24W14,211.5,-7.5,-3.42%,,,,,,,,,ShowWeeklyK_ChartFlow,FinMind_API_TaiwanStockPrice_2474,True,2026-09-22T07:07:43,2026-09-22T07:07:43,2026-09-22T07:07:43
2474,可成,24W15,207.5,-4.0,-1.89%,,,,,,,,,ShowWeeklyK_ChartFlow,FinMind_API_TaiwanStockPrice_2474,True,2026-09-22T07:07:43,2026-09-22T07:07:43,2026-09-22T07:07:43
2474,可成,24W16,207.0,-0.5,-0.24%,,,,,,,,,ShowWeeklyK_ChartFlow,FinMind_API_TaiwanStockPrice_2474,True,2026-09-22T07:07:43,2026-09-22T07:07:43,2026-09-22T07:07:43
2474,可成,24W17,213.5,6.5,3.14%,,,,,,,,,ShowWeeklyK_ChartFlow,FinMind_API_TaiwanStockPrice_2474,True,2026-09-22T07:07:43,2026-09-22T07:07:43,2026-09-22T07:07:43
2474,可成,24W18,220.5,7.0,3.28%,,,,,,,,,ShowWeeklyK_ChartFlow,FinMind_API_TaiwanStockPrice_2474,True,2026-09-22T07:07:43,2026-09-22T07:07:43,2026-09-22T07:07:43
2474,可成,24W19,222.0,1.5,0.68%,,,,,,,,,ShowWeeklyK_ChartFlow,FinMind_API_TaiwanStockPrice_2474,True,2026-09-22T07:07:43,2026-09-22T07:07:43,2026-09-22T07:07:43
2474,可成,24W20,220.0,-2.0,-0.90%,,,,,,,,,ShowWeeklyK_ChartFlow,FinMind_API_TaiwanStockPrice_2474,True,2026-09-22T07:07:43,2026-09-22T07:07:43,2026-09-22T07:07:43
2474,可成,24W21,225.5,5.5,2.50%,,,,,,,,,ShowWeeklyK_ChartFlow,FinMind_API_TaiwanStockPrice_2474,True,2026-09-22T07:07:43,2026-09-22T07:07:43,2026-09-22T07:07:43
2474,可成,24W22,224.5,-1.0,-0.44%,,,,,,,,,ShowWeeklyK_ChartFlow,FinMind_API_TaiwanStockPrice_2474,True,2026-09-22T07:07:43,2026-09-22T07:07:43,2026-09-22T07:07:43
2474,可成,24W23,222.5,-2.0,-0.89%,,,,,,,,,ShowWeeklyK_ChartFlow,FinMind_API_TaiwanStockPrice_2474,True,2026-09-22T07:07:43,2026-09-22T07:07:43,2026-09-22T07:07:43
2474,可成,24W24,230.5,8.0,3.60%,,,,,,,,,ShowWeeklyK_ChartFlow,FinMind_API_TaiwanStockPrice_2474,True,2026-09-22T07:07:43,2026-09-22T07:07:43,2026-09-22T07:07:43
2474,可成,24W25,230.5,0.0,0.00%,,,,,,,,,ShowWeeklyK_ChartFlow,FinMind_API_TaiwanStockPrice_2474,True,2026-09-22T07:07:43,2026-09-22T07:07:43,2026-09-22T07:07:43
2474,可成,24W26,232.0,1.5,0.65%,,,,,,,,,ShowWeeklyK_ChartFlow,FinMind_API_TaiwanStockPrice_2474,True,2026-09-22T07:07:43,2026-09-22T07:07:43,2026-09-22T07:07:43
2474,可成,24W27,230.0,-2.0,-0.86%,,,,,,,,,ShowWeeklyK_ChartFlow,FinMind_API_TaiwanStockPrice_2474,True,2026-09-22T07:07:43,2026-09-22T07:07:43,2026-09-22T07:07:43
2474,可成,24W28,224.5,-5.5,-2.39%,,,,,,,,,ShowWeeklyK_ChartFlow,FinMind_API_TaiwanStockPrice_2474,True,2026-09-22T07:07:43,2026-09-22T07:07:43,2026-09-22T07:07:43
2474,可成,24W29,202.0,-22.5,-10.02%,,,,,,,,,ShowWeeklyK_ChartFlow,FinMind_API_TaiwanStockPrice_2474,True,2026-09-22T07:07:43,2026-09-22T07:07:43,2026-09-22T07:07:43
2474,可成,24W30,209.0,7.0,3.47%,,,,,,,,,ShowWeeklyK_ChartFlow,FinMind_API_TaiwanStockPrice_2474,True,2026-09-22T07:07:43,2026-09-22T07:07:43,2026-09-22T07:07:43
2474,可成,24W31,219.0,10.0,4.78%,,,,,,,,,ShowWeeklyK_ChartFlow,FinMind_API_TaiwanStockPrice_2474,True,2026-09-22T07:07:43,2026-09-22T07:07:43,2026-09-22T07:07:43
2474,可成,24W32,227.5,8.5,3.88%,,,,,,,,,ShowWeeklyK_ChartFlow,FinMind_API_TaiwanStockPrice_2474,True,2026-09-22T07:07:43,2026-09-22T07:07:43,2026-09-22T07:07:43
2474,可成,24W33,230.5,3.0,1.32%,,,,,,,,,ShowWeeklyK_ChartFlow,FinMind_API_TaiwanStockPrice_2474,True,2026-09-22T07:07:43,2026-09-22T07:07:43,2026-09-22T07:07:43
2474,可成,24W34,235.5,5.0,2.17%,,,,,,,,,ShowWeeklyK_ChartFlow,FinMind_API_TaiwanStockPrice_2474,True,2026-09-22T07:07:43,2026-09-22T07:07:43,2026-09-22T07:07:43
2474,可成,24W35,236.0,0.5,0.21%,,,,,,,,,ShowWeeklyK_ChartFlow,FinMind_API_TaiwanStockPrice_2474,True,2026-09-22T07:07:43,2026-09-22T07:07:43,2026-09-22T07:07:43
2474,可成,24W36,240.5,4.5,1.91%,,,,,,,,,ShowWeeklyK_ChartFlow,FinMind_API_TaiwanStockPrice_2474,True,2026-09-22T07:07:43,2026-09-22T07:07:43,2026-09-22T07:07:43
2474,可成,24W37,237.5,-3.0,-1.25%,,,,,,,,,ShowWeeklyK_ChartFlow,FinMind_API_TaiwanStockPrice_2474,True,2026-09-22T07:07:43,2026-09-22T07:07:43,2026-09-22T07:07:43
2474,可成,24W38,235.5,-2.0,-0.84%,,,,,,,,,ShowWeeklyK_ChartFlow,FinMind_API_TaiwanStockPrice_2474,True,2026-09-22T07:07:43,2026-09-22T07:07:43,2026-09-22T07:07:43
2474,可成,24W39,235.0,-0.5,-0.21%,,,,,,,,,ShowWeeklyK_ChartFlow,FinMind_API_TaiwanStockPrice_2474,True,2026-09-22T07:07:43,2026-09-22T07:07:43,2026-09-22T07:07:43
2474,可成,24W40,233.5,-1.5,-0.64%,,,,,,,,,ShowWeeklyK_ChartFlow,FinMind_API_TaiwanStockPrice_2474,True,2026-09-22T07:07:43,2026-09-22T07:07:43,2026-09-22T07:07:43
2474,可成,24W41,237.5,4.0,1.71%,,,,,,,,,ShowWeeklyK_ChartFlow,FinMind_API_TaiwanStockPrice_2474,True,2026-09-22T07:07:43,2026-09-22T07:07:43,2026-09-22T07:07:43
2474,可成,24W42,244.5,7.0,2.95%,,,,,,,,,ShowWeeklyK_ChartFlow,FinMind_API_TaiwanStockPrice_2474,True,2026-09-22T07:07:43,2026-09-22T07:07:43,2026-09-22T07:07:43
2474,可成,24W43,237.0,-7.5,-3.07%,,,,,,,,,ShowWeeklyK_ChartFlow,FinMind_API_TaiwanStockPrice_2474,True,2026-09-22T07:07:43,2026-09-22T07:07:43,2026-09-22T07:07:43
2474,可成,24W44,231.5,-5.5,-2.32%,,,,,,,,,ShowWeeklyK_ChartFlow,FinMind_API_TaiwanStockPrice_2474,True,2026-09-22T07:07:43,2026-09-22T07:07:43,2026-09-22T07:07:43
2474,可成,24W45,215.5,-16.0,-6.91%,,,,,,,,,ShowWeeklyK_ChartFlow,FinMind_API_TaiwanStockPrice_2474,True,2026-09-22T07:07:43,2026-09-22T07:07:43,2026-09-22T07:07:43
2474,可成,24W46,201.0,-14.5,-6.73%,,,,,,,,,ShowWeeklyK_ChartFlow,FinMind_API_TaiwanStockPrice_2474,True,2026-09-22T07:07:43,2026-09-22T07:07:43,2026-09-22T07:07:43
2474,可成,24W47,198.5,-2.5,-1.24%,,,,,,,,,ShowWeeklyK_ChartFlow,FinMind_API_TaiwanStockPrice_2474,True,2026-09-22T07:07:43,2026-09-22T07:07:43,2026-09-22T07:07:43
2474,可成,24W48,196.5,-2.0,-1.01%,,,,,,,,,ShowWeeklyK_ChartFlow,FinMind_API_TaiwanStockPrice_2474,True,2026-09-22T07:07:43,2026-09-22T07:07:43,2026-09-22T07:07:43
2474,可成,24W49,196.5,0.0,0.00%,,,,,,,,,ShowWeeklyK_ChartFlow,FinMind_API_TaiwanStockPrice_2474,True,2026-09-22T07:07:43,2026-09-22T07:07:43,2026-09-22T07:07:43
2474,可成,24W50,180.5,-16.0,-8.14%,,,,,,,,,ShowWeeklyK_ChartFlow,FinMind_API_TaiwanStockPrice_2474,True,2026-09-22T07:07:43,2026-09-22T07:07:43,2026-09-22T07:07:43
2474,可成,24W51,180.0,-0.5,-0.28%,,,,,,,,,ShowWeeklyK_ChartFlow,FinMind_API_TaiwanStockPrice_2474,True,2026-09-22T07:07:43,2026-09-22T07:07:43,2026-09-22T07:07:43
2474,可成,24W52,191.5,11.5,6.39%,,,,,,,,,ShowWeeklyK_ChartFlow,FinMind_API_TaiwanStockPrice_2474,True,2026-09-22T07:07:43,2026-09-22T07:07:43,2026-09-22T07:07:43
2474,可成,25W01,194.5,3.0,1.57%,,,,,,,,,ShowWeeklyK_ChartFlow,FinMind_API_TaiwanStockPrice_2474,True,2026-09-22T07:07:43,2026-09-22T07:07:43,2026-09-22T07:07:43
2474,可成,25W02,197.5,3.0,1.54%,,,,,,,,,ShowWeeklyK_ChartFlow,FinMind_API_TaiwanStockPrice_2474,True,2026-09-22T07:07:43,2026-09-22T07:07:43,2026-09-22T07:07:43
2474,可成,25W03,199.5,2.0,1.01%,,,,,,,,,ShowWeeklyK_ChartFlow,FinMind_API_TaiwanStockPrice_2474,True,2026-09-22T07:07:43,2026-09-22T07:07:43,2026-09-22T07:07:43
2474,可成,25W04,199.0,-0.5,-0.25%,,,,,,,,,ShowWeeklyK_ChartFlow,FinMind_API_TaiwanStockPrice_2474,True,2026-09-22T07:07:43,2026-09-22T07:07:43,2026-09-22T07:07:43
2474,可成,25W06,199.5,0.5,0.25%,,,,,,,,,ShowWeeklyK_ChartFlow,FinMind_API_TaiwanStockPrice_2474,True,2026-09-22T07:07:43,2026-09-22T07:07:43,2026-09-22T07:07:43
2474,可成,25W07,200.5,1.0,0.50%,,,,,,,,,ShowWeeklyK_ChartFlow,FinMind_API_TaiwanStockPrice_2474,True,2026-09-22T07:07:43,2026-09-22T07:07:43,2026-09-22T07:07:43
2474,可成,25W08,204.0,3.5,1.75%,,,,,,,,,ShowWeeklyK_ChartFlow,FinMind_API_TaiwanStockPrice_2474,True,2026-09-22T07:07:43,2026-09-22T07:07:43,2026-09-22T07:07:43
2474,可成,25W09,206.5,2.5,1.23%,,,,,,,,,ShowWeeklyK_ChartFlow,FinMind_API_TaiwanStockPrice_2474,True,2026-09-22T07:07:43,2026-09-22T07:07:43,2026-09-22T07:07:43
2474,可成,25W10,205.0,-1.5,-0.73%,,,,,,,,,ShowWeeklyK_ChartFlow,FinMind_API_TaiwanStockPrice_2474,True,2026-09-22T07:07:43,2026-09-22T07:07:43,2026-09-22T07:07:43
2474,可成,25W11,206.5,1.5,0.73%,,,,,,,,,ShowWeeklyK_ChartFlow,FinMind_API_TaiwanStockPrice_2474,True,2026-09-22T07:07:43,2026-09-22T07:07:43,2026-09-22T07:07:43
2474,可成,25W12,210.5,4.0,1.94%,,,,,,,,,ShowWeeklyK_ChartFlow,FinMind_API_TaiwanStockPrice_2474,True,2026-09-22T07:07:43,2026-09-22T07:07:43,2026-09-22T07:07:43
2474,可成,25W13,213.5,3.0,1.43%,,,,,,,,,ShowWeeklyK_ChartFlow,FinMind_API_TaiwanStockPrice_2474,True,2026-09-22T07:07:43,2026-09-22T07:07:43,2026-09-22T07:07:43
2474,可成,25W14,220.0,6.5,3.04%,,,,,,,,,ShowWeeklyK_ChartFlow,FinMind_API_TaiwanStockPrice_2474,True,2026-09-22T07:07:43,2026-09-22T07:07:43,2026-09-22T07:07:43
2474,可成,25W15,193.0,-27.0,-12.27%,,,,,,,,,ShowWeeklyK_ChartFlow,FinMind_API_TaiwanStockPrice_2474,True,2026-09-22T07:07:43,2026-09-22T07:07:43,2026-09-22T07:07:43
2474,可成,25W16,212.5,19.5,10.10%,,,,,,,,,ShowWeeklyK_ChartFlow,FinMind_API_TaiwanStockPrice_2474,True,2026-09-22T07:07:43,2026-09-22T07:07:43,2026-09-22T07:07:43
2474,可成,25W17,216.0,3.5,1.65%,,,,,,,,,ShowWeeklyK_ChartFlow,FinMind_API_TaiwanStockPrice_2474,True,2026-09-22T07:07:43,2026-09-22T07:07:43,2026-09-22T07:07:43
2474,可成,25W18,221.0,5.0,2.31%,,,,,,,,,ShowWeeklyK_ChartFlow,FinMind_API_TaiwanStockPrice_2474,True,2026-09-22T07:07:43,2026-09-22T07:07:43,2026-09-22T07:07:43
2474,可成,25W19,217.5,-3.5,-1.58%,,,,,,,,,ShowWeeklyK_ChartFlow,FinMind_API_TaiwanStockPrice_2474,True,2026-09-22T07:07:43,2026-09-22T07:07:43,2026-09-22T07:07:43
2474,可成,25W20,222.5,5.0,2.30%,,,,,,,,,ShowWeeklyK_ChartFlow,FinMind_API_TaiwanStockPrice_2474,True,2026-09-22T07:07:43,2026-09-22T07:07:43,2026-09-22T07:07:43
2474,可成,25W21,216.0,-6.5,-2.92%,,,,,,,,,ShowWeeklyK_ChartFlow,FinMind_API_TaiwanStockPrice_2474,True,2026-09-22T07:07:43,2026-09-22T07:07:43,2026-09-22T07:07:43
2474,可成,25W22,210.0,-6.0,-2.78%,,,,,,,,,ShowWeeklyK_ChartFlow,FinMind_API_TaiwanStockPrice_2474,True,2026-09-22T07:07:43,2026-09-22T07:07:43,2026-09-22T07:07:43
2474,可成,25W23,212.5,2.5,1.19%,,,,,,,,,ShowWeeklyK_ChartFlow,FinMind_API_TaiwanStockPrice_2474,True,2026-09-22T07:07:43,2026-09-22T07:07:43,2026-09-22T07:07:43
2474,可成,25W24,212.0,-0.5,-0.24%,,,,,,,,,ShowWeeklyK_ChartFlow,FinMind_API_TaiwanStockPrice_2474,True,2026-09-22T07:07:43,2026-09-22T07:07:43,2026-09-22T07:07:43
2474,可成,25W25,207.5,-4.5,-2.12%,,,,,,,,,ShowWeeklyK_ChartFlow,FinMind_API_TaiwanStockPrice_2474,True,2026-09-22T07:07:43,2026-09-22T07:07:43,2026-09-22T07:07:43
2474,可成,25W26,213.0,5.5,2.65%,,,,,,,,,ShowWeeklyK_ChartFlow,FinMind_API_TaiwanStockPrice_2474,True,2026-09-22T07:07:43,2026-09-22T07:07:43,2026-09-22T07:07:43
2474,可成,25W27,210.0,-3.0,-1.41%,,,,,,,,,ShowWeeklyK_ChartFlow,FinMind_API_TaiwanStockPrice_2474,True,2026-09-22T07:07:43,2026-09-22T07:07:43,2026-09-22T07:07:43
2474,可成,25W28,210.0,0.0,0.00%,,,,,,,,,ShowWeeklyK_ChartFlow,FinMind_API_TaiwanStockPrice_2474,True,2026-09-22T07:07:43,2026-09-22T07:07:43,2026-09-22T07:07:43
2474,可成,25W29,213.0,3.0,1.43%,,,,,,,,,ShowWeeklyK_ChartFlow,FinMind_API_TaiwanStockPrice_2474,True,2026-09-22T07:07:43,2026-09-22T07:07:43,2026-09-22T07:07:43
2474,可成,25W30,215.0,2.0,0.94%,,,,,,,,,ShowWeeklyK_ChartFlow,FinMind_API_TaiwanStockPrice_2474,True,2026-09-22T07:07:43,2026-09-22T07:07:43,2026-09-22T07:07:43
2474,可成,25W31,212.0,-3.0,-1.40%,,,,,,,,,ShowWeeklyK_ChartFlow,FinMind_API_TaiwanStockPrice_2474,True,2026-09-22T07:07:43,2026-09-22T07:07:43,2026-09-22T07:07:43
2474,可成,25W32,214.0,2.0,0.94%,,,,,,,,,ShowWeeklyK_ChartFlow,FinMind_API_TaiwanStockPrice_2474,True,2026-09-22T07:07:43,2026-09-22T07:07:43,2026-09-22T07:07:43
2474,可成,25W33,200.5,-13.5,-6.31%,,,,,,,,,ShowWeeklyK_ChartFlow,FinMind_API_TaiwanStockPrice_2474,True,2026-09-22T07:07:43,2026-09-22T07:07:43,2026-09-22T07:07:43
2474,可成,25W34,190.0,-10.5,-5.24%,,,,,,,,,ShowWeeklyK_ChartFlow,FinMind_API_TaiwanStockPrice_2474,True,2026-09-22T07:07:43,2026-09-22T07:07:43,2026-09-22T07:07:43
2474,可成,25W35,188.5,-1.5,-0.79%,,,,,,,,,ShowWeeklyK_ChartFlow,FinMind_API_TaiwanStockPrice_2474,True,2026-09-22T07:07:43,2026-09-22T07:07:43,2026-09-22T07:07:43
2474,可成,25W36,187.5,-1.0,-0.53%,,,,,,,,,ShowWeeklyK_ChartFlow,FinMind_API_TaiwanStockPrice_2474,True,2026-09-22T07:07:43,2026-09-22T07:07:43,2026-09-22T07:07:43
2474,可成,25W37,187.0,-0.5,-0.27%,,,,,,,,,ShowWeeklyK_ChartFlow,FinMind_API_TaiwanStockPrice_2474,True,2026-09-22T07:07:43,2026-09-22T07:07:43,2026-09-22T07:07:43
2474,可成,25W38,187.0,0.0,0.00%,,,,,,,,,ShowWeeklyK_ChartFlow,FinMind_API_TaiwanStockPrice_2474,True,2026-09-22T07:07:43,2026-09-22T07:07:43,2026-09-22T07:07:43
2474,可成,25W39,184.0,-3.0,-1.60%,,,,,,,,,ShowWeeklyK_ChartFlow,FinMind_API_TaiwanStockPrice_2474,True,2026-09-22T07:07:43,2026-09-22T07:07:43,2026-09-22T07:07:43
2474,可成,25W40,181.0,-3.0,-1.63%,,,,,,,,,ShowWeeklyK_ChartFlow,FinMind_API_TaiwanStockPrice_2474,True,2026-09-22T07:07:43,2026-09-22T07:07:43,2026-09-22T07:07:43
2474,可成,25W41,181.5,0.5,0.28%,,,,,,,,,ShowWeeklyK_ChartFlow,FinMind_API_TaiwanStockPrice_2474,True,2026-09-22T07:07:43,2026-09-22T07:07:43,2026-09-22T07:07:43
2474,可成,25W42,179.0,-2.5,-1.38%,,,,,,,,,ShowWeeklyK_ChartFlow,FinMind_API_TaiwanStockPrice_2474,True,2026-09-22T07:07:43,2026-09-22T07:07:43,2026-09-22T07:07:43
2474,可成,25W43,201.0,22.0,12.29%,,,,,,,,,ShowWeeklyK_ChartFlow,FinMind_API_TaiwanStockPrice_2474,True,2026-09-22T07:07:43,2026-09-22T07:07:43,2026-09-22T07:07:43
2474,可成,25W44,198.5,-2.5,-1.24%,,,,,,,,,ShowWeeklyK_ChartFlow,FinMind_API_TaiwanStockPrice_2474,True,2026-09-22T07:07:43,2026-09-22T07:07:43,2026-09-22T07:07:43
2474,可成,25W45,198.0,-0.5,-0.25%,,,,,,,,,ShowWeeklyK_ChartFlow,FinMind_API_TaiwanStockPrice_2474,True,2026-09-22T07:07:43,2026-09-22T07:07:43,2026-09-22T07:07:43
2474,可成,25W46,210.0,12.0,6.06%,,,,,,,,,ShowWeeklyK_ChartFlow,FinMind_API_TaiwanStockPrice_2474,True,2026-09-22T07:07:43,2026-09-22T07:07:43,2026-09-22T07:07:43
2474,可成,25W47,207.5,-2.5,-1.19%,,,,,,,,,ShowWeeklyK_ChartFlow,FinMind_API_TaiwanStockPrice_2474,True,2026-09-22T07:07:43,2026-09-22T07:07:43,2026-09-22T07:07:43
2474,可成,25W48,201.0,-6.5,-3.13%,,,,,,,,,ShowWeeklyK_ChartFlow,FinMind_API_TaiwanStockPrice_2474,True,2026-09-22T07:07:43,2026-09-22T07:07:43,2026-09-22T07:07:43
2474,可成,25W49,201.5,0.5,0.25%,,,,,,,,,ShowWeeklyK_ChartFlow,FinMind_API_TaiwanStockPrice_2474,True,2026-09-22T07:07:43,2026-09-22T07:07:43,2026-09-22T07:07:43
2474,可成,25W50,187.0,-14.5,-7.20%,,,,,,,,,ShowWeeklyK_ChartFlow,FinMind_API_TaiwanStockPrice_2474,True,2026-09-22T07:07:43,2026-09-22T07:07:43,2026-09-22T07:07:43
2474,可成,25W51,194.0,7.0,3.74%,,,,,,,,,ShowWeeklyK_ChartFlow,FinMind_API_TaiwanStockPrice_2474,True,2026-09-22T07:07:43,2026-09-22T07:07:43,2026-09-22T07:07:43
2474,可成,25W52,209.5,15.5,7.99%,,,,,,,,,ShowWeeklyK_ChartFlow,FinMind_API_TaiwanStockPrice_2474,True,2026-09-22T07:07:43,2026-09-22T07:07:43,2026-09-22T07:07:43
2474,可成,26W01,205.5,-4.0,-1.91%,,,,,,,,,ShowWeeklyK_ChartFlow,FinMind_API_TaiwanStockPrice_2474,True,2026-09-22T07:07:43,2026-09-22T07:07:43,2026-09-22T07:07:43
2474,可成,26W02,204.0,-1.5,-0.73%,,,,,,,,,ShowWeeklyK_ChartFlow,FinMind_API_TaiwanStockPrice_2474,True,2026-09-22T07:07:43,2026-09-22T07:07:43,2026-09-22T07:07:43
2474,可成,26W03,211.0,7.0,3.43%,,,,,,,,,ShowWeeklyK_ChartFlow,FinMind_API_TaiwanStockPrice_2474,True,2026-09-22T07:07:43,2026-09-22T07:07:43,2026-09-22T07:07:43
2474,可成,26W04,202.5,-8.5,-4.03%,,,,,,,,,ShowWeeklyK_ChartFlow,FinMind_API_TaiwanStockPrice_2474,True,2026-09-22T07:07:43,2026-09-22T07:07:43,2026-09-22T07:07:43
2474,可成,26W05,200.5,-2.0,-0.99%,,,,,,,,,ShowWeeklyK_ChartFlow,FinMind_API_TaiwanStockPrice_2474,True,2026-09-22T07:07:43,2026-09-22T07:07:43,2026-09-22T07:07:43
2474,可成,26W06,200.0,-0.5,-0.25%,,,,,,,,,ShowWeeklyK_ChartFlow,FinMind_API_TaiwanStockPrice_2474,True,2026-09-22T07:07:43,2026-09-22T07:07:43,2026-09-22T07:07:43
2474,可成,26W07,192.5,-7.5,-3.75%,,,,,,,,,ShowWeeklyK_ChartFlow,FinMind_API_TaiwanStockPrice_2474,True,2026-09-22T07:07:43,2026-09-22T07:07:43,2026-09-22T07:07:43
2474,可成,26W09,191.5,-1.0,-0.52%,,,,,,,,,ShowWeeklyK_ChartFlow,FinMind_API_TaiwanStockPrice_2474,True,2026-09-22T07:07:43,2026-09-22T07:07:43,2026-09-22T07:07:43
2474,可成,26W10,187.5,-4.0,-2.09%,,,,,,,,,ShowWeeklyK_ChartFlow,FinMind_API_TaiwanStockPrice_2474,True,2026-09-22T07:07:43,2026-09-22T07:07:43,2026-09-22T07:07:43
2474,可成,26W11,185.5,-2.0,-1.07%,,,,,,,,,ShowWeeklyK_ChartFlow,FinMind_API_TaiwanStockPrice_2474,True,2026-09-22T07:07:43,2026-09-22T07:07:43,2026-09-22T07:07:43
2474,可成,26W12,186.0,0.5,0.27%,,,,,,,,,ShowWeeklyK_ChartFlow,FinMind_API_TaiwanStockPrice_2474,True,2026-09-22T07:07:43,2026-09-22T07:07:43,2026-09-22T07:07:43
2474,可成,26W13,192.5,6.5,3.49%,,,,,,,,,ShowWeeklyK_ChartFlow,FinMind_API_TaiwanStockPrice_2474,True,2026-09-22T07:07:43,2026-09-22T07:07:43,2026-09-22T07:07:43
2474,可成,26W14,190.5,-2.0,-1.04%,,,,,,,,,ShowWeeklyK_ChartFlow,FinMind_API_TaiwanStockPrice_2474,True,2026-09-22T07:07:43,2026-09-22T07:07:43,2026-09-22T07:07:43
2474,可成,26W15,192.0,1.5,0.79%,,,,,,,,,ShowWeeklyK_ChartFlow,FinMind_API_TaiwanStockPrice_2474,True,2026-09-22T07:07:43,2026-09-22T07:07:43,2026-09-22T07:07:43
2474,可成,26W16,217.0,25.0,13.02%,,,,,,,,,ShowWeeklyK_ChartFlow,FinMind_API_TaiwanStockPrice_2474,True,2026-09-22T07:07:43,2026-09-22T07:07:43,2026-09-22T07:07:43
2474,可成,26W17,223.5,6.5,3.00%,,,,,,,,,ShowWeeklyK_ChartFlow,FinMind_API_TaiwanStockPrice_2474,True,2026-09-22T07:07:43,2026-09-22T07:07:43,2026-09-22T07:07:43
2474,可成,26W18,209.0,-14.5,-6.49%,,,,,,,,,ShowWeeklyK_ChartFlow,FinMind_API_TaiwanStockPrice_2474,True,2026-09-22T07:07:43,2026-09-22T07:07:43,2026-09-22T07:07:43
2474,可成,26W19,205.0,-4.0,-1.91%,,,,,,,,,ShowWeeklyK_ChartFlow,FinMind_API_TaiwanStockPrice_2474,True,2026-09-22T07:07:43,2026-09-22T07:07:43,2026-09-22T07:07:43
2474,可成,26W20,185.0,-20.0,-9.76%,,,,,,,,,ShowWeeklyK_ChartFlow,FinMind_API_TaiwanStockPrice_2474,True,2026-09-22T07:07:43,2026-09-22T07:07:43,2026-09-22T07:07:43
2474,可成,26W21,187.5,2.5,1.35%,,,,,,,,,ShowWeeklyK_ChartFlow,FinMind_API_TaiwanStockPrice_2474,True,2026-09-22T07:07:43,2026-09-22T07:07:43,2026-09-22T07:07:43
2474,可成,26W22,203.5,16.0,8.53%,,,,,,,,,ShowWeeklyK_ChartFlow,FinMind_API_TaiwanStockPrice_2474,True,2026-09-22T07:07:43,2026-09-22T07:07:43,2026-09-22T07:07:43
2474,可成,26W23,230.5,27.0,13.27%,,,,,,,,,ShowWeeklyK_ChartFlow,FinMind_API_TaiwanStockPrice_2474,True,2026-09-22T07:07:43,2026-09-22T07:07:43,2026-09-22T07:07:43
2474,可成,26W24,205.5,-25.0,-10.85%,,,,,,,,,ShowWeeklyK_ChartFlow,FinMind_API_TaiwanStockPrice_2474,True,2026-09-22T07:07:43,2026-09-22T07:07:43,2026-09-22T07:07:43
2474,可成,26W25,202.5,-3.0,-1.46%,,,,,,,,,ShowWeeklyK_ChartFlow,FinMind_API_TaiwanStockPrice_2474,True,2026-09-22T07:07:43,2026-09-22T07:07:43,2026-09-22T07:07:43
2474,可成,26W26,200.0,-2.5,-1.23%,,,,,,,,,ShowWeeklyK_ChartFlow,FinMind_API_TaiwanStockPrice_2474,True,2026-09-22T07:07:43,2026-09-22T07:07:43,2026-09-22T07:07:43
2474,可成,26W27,207.0,7.0,3.50%,,,,,,,,,ShowWeeklyK_ChartFlow,FinMind_API_TaiwanStockPrice_2474,True,2026-09-22T07:07:43,2026-09-22T07:07:43,2026-09-22T07:07:43
2474,可成,26W28,195.5,-11.5,-5.56%,,,,,,,,,ShowWeeklyK_ChartFlow,FinMind_API_TaiwanStockPrice_2474,True,2026-09-22T07:07:43,2026-09-22T07:07:43,2026-09-22T07:07:43
2474,可成,26W29,186.5,-9.0,-4.60%,,,,,,,,,ShowWeeklyK_ChartFlow,FinMind_API_TaiwanStockPrice_2474,True,2026-09-22T07:07:43,2026-09-22T07:07:43,2026-09-22T07:07:43
2474,可成,26W30,189.5,3.0,1.61%,,,,,,,,,ShowWeeklyK_ChartFlow,FinMind_API_TaiwanStockPrice_2474,True,2026-09-22T07:07:43,2026-09-22T07:07:43,2026-09-22T07:07:43
2474,可成,26W31,183.0,-6.5,-3.43%,,,,,,,,,ShowWeeklyK_ChartFlow,FinMind_API_TaiwanStockPrice_2474,True,2026-09-22T07:07:43,2026-09-22T07:07:43,2026-09-22T07:07:43
2474,可成,26W32,187.5,4.5,2.46%,,,,,,,,,ShowWeeklyK_ChartFlow,FinMind_API_TaiwanStockPrice_2474,True,2026-09-22T07:07:43,2026-09-22T07:07:43,2026-09-22T07:07:43
2474,可成,26W33,204.5,17.0,9.07%,,,,,,,,,ShowWeeklyK_ChartFlow,FinMind_API_TaiwanStockPrice_2474,True,2026-09-22T07:07:43,2026-09-22T07:07:43,2026-09-22T07:07:43
2474,可成,26W34,203.5,-1.0,-0.49%,,,,,,,,,ShowWeeklyK_ChartFlow,FinMind_API_TaiwanStockPrice_2474,True,2026-09-22T07:07:43,2026-09-22T07:07:43,2026-09-22T07:07:43
2474,可成,26W35,206.5,3.0,1.47%,,,,,,,,,ShowWeeklyK_ChartFlow,FinMind_API_TaiwanStockPrice_2474,True,2026-09-22T07:07:43,2026-09-22T07:07:43,2026-09-22T07:07:43
2474,可成,26W36,209.5,3.0,1.45%,,,,,,,,,ShowWeeklyK_ChartFlow,FinMind_API_TaiwanStockPrice_2474,True,2026-09-22T07:07:43,2026-09-22T07:07:43,2026-09-22T07:07:43
2474,可成,26W37,204.0,-5.5,-2.63%,,,,,,,,,ShowWeeklyK_ChartFlow,FinMind_API_TaiwanStockPrice_2474,True,2026-09-22T07:07:43,2026-09-22T07:07:43,2026-09-22T07:07:43
2474,可成,26W38,209.5,5.5,2.70%,,,,,,,,,ShowWeeklyK_ChartFlow,FinMind_API_TaiwanStockPrice_2474,True,2026-09-22T07:07:43,2026-09-22T07:07:43,2026-09-22T07:07:43
2474,可成,26W39,210.0,0.5,0.24%,,,,,,,,,ShowWeeklyK_ChartFlow,FinMind_API_TaiwanStockPrice_2474,True,2026-09-22T07:07:43,2026-09-22T07:07:43,2026-09-22T07:07:43
